Age,Gender,Education Level,Job Title,Years of Experience,Salary,resume_text
32.0,Male,Bachelor's,Software Engineer,5.0,90000.0,Software Engineer Bachelor's 5.0 years experience Male 32.0 years old
28.0,Female,Master's,Data Analyst,3.0,65000.0,Data Analyst Master's 3.0 years experience Female 28.0 years old
45.0,Male,PhD,Senior Manager,15.0,150000.0,Senior Manager PhD 15.0 years experience Male 45.0 years old
36.0,Female,Bachelor's,Sales Associate,7.0,60000.0,Sales Associate Bachelor's 7.0 years experience Female 36.0 years old
52.0,Male,Master's,Director,20.0,200000.0,Director Master's 20.0 years experience Male 52.0 years old
29.0,Male,Bachelor's,Marketing Analyst,2.0,55000.0,Marketing Analyst Bachelor's 2.0 years experience Male 29.0 years old
42.0,Female,Master's,Product Manager,12.0,120000.0,Product Manager Master's 12.0 years experience Female 42.0 years old
31.0,Male,Bachelor's,Sales Manager,4.0,80000.0,Sales Manager Bachelor's 4.0 years experience Male 31.0 years old
26.0,Female,Bachelor's,Marketing Coordinator,1.0,45000.0,Marketing Coordinator Bachelor's 1.0 years experience Female 26.0 years old
38.0,Male,PhD,Senior Scientist,10.0,110000.0,Senior Scientist PhD 10.0 years experience Male 38.0 years old
29.0,Male,Master's,Software Developer,3.0,75000.0,Software Developer Master's 3.0 years experience Male 29.0 years old
48.0,Female,Bachelor's,HR Manager,18.0,140000.0,HR Manager Bachelor's 18.0 years experience Female 48.0 years old
35.0,Male,Bachelor's,Financial Analyst,6.0,65000.0,Financial Analyst Bachelor's 6.0 years experience Male 35.0 years old
40.0,Female,Master's,Project Manager,14.0,130000.0,Project Manager Master's 14.0 years experience Female 40.0 years old
27.0,Male,Bachelor's,Customer Service Rep,2.0,40000.0,Customer Service Rep Bachelor's 2.0 years experience Male 27.0 years old
44.0,Male,Bachelor's,Operations Manager,16.0,125000.0,Operations Manager Bachelor's 16.0 years experience Male 44.0 years old
33.0,Female,Master's,Marketing Manager,7.0,90000.0,Marketing Manager Master's 7.0 years experience Female 33.0 years old
39.0,Male,PhD,Senior Engineer,12.0,115000.0,Senior Engineer PhD 12.0 years experience Male 39.0 years old
25.0,Female,Bachelor's,Data Entry Clerk,0.0,35000.0,Data Entry Clerk Bachelor's 0.0 years experience Female 25.0 years old
51.0,Male,Bachelor's,Sales Director,22.0,180000.0,Sales Director Bachelor's 22.0 years experience Male 51.0 years old
34.0,Female,Master's,Business Analyst,5.0,80000.0,Business Analyst Master's 5.0 years experience Female 34.0 years old
47.0,Male,Master's,VP of Operations,19.0,190000.0,VP of Operations Master's 19.0 years experience Male 47.0 years old
30.0,Male,Bachelor's,IT Support,2.0,50000.0,IT Support Bachelor's 2.0 years experience Male 30.0 years old
36.0,Female,Bachelor's,Recruiter,9.0,60000.0,Recruiter Bachelor's 9.0 years experience Female 36.0 years old
41.0,Male,Master's,Financial Manager,13.0,140000.0,Financial Manager Master's 13.0 years experience Male 41.0 years old
28.0,Female,Bachelor's,Social Media Specialist,3.0,45000.0,Social Media Specialist Bachelor's 3.0 years experience Female 28.0 years old
37.0,Female,Master's,Software Manager,11.0,110000.0,Software Manager Master's 11.0 years experience Female 37.0 years old
24.0,Male,Bachelor's,Junior Developer,1.0,40000.0,Junior Developer Bachelor's 1.0 years experience Male 24.0 years old
43.0,Female,PhD,Senior Consultant,15.0,140000.0,Senior Consultant PhD 15.0 years experience Female 43.0 years old
33.0,Male,Master's,Product Designer,6.0,90000.0,Product Designer Master's 6.0 years experience Male 33.0 years old
50.0,Male,Bachelor's,CEO,25.0,250000.0,CEO Bachelor's 25.0 years experience Male 50.0 years old
31.0,Female,Bachelor's,Accountant,4.0,55000.0,Accountant Bachelor's 4.0 years experience Female 31.0 years old
29.0,Male,Master's,Data Scientist,3.0,75000.0,Data Scientist Master's 3.0 years experience Male 29.0 years old
39.0,Female,Bachelor's,Marketing Specialist,10.0,65000.0,Marketing Specialist Bachelor's 10.0 years experience Female 39.0 years old
46.0,Male,PhD,Senior Manager,20.0,170000.0,Senior Manager PhD 20.0 years experience Male 46.0 years old
27.0,Male,Bachelor's,Technical Writer,2.0,45000.0,Technical Writer Bachelor's 2.0 years experience Male 27.0 years old
35.0,Female,Bachelor's,HR Generalist,7.0,60000.0,HR Generalist Bachelor's 7.0 years experience Female 35.0 years old
42.0,Male,Master's,Project Engineer,14.0,115000.0,Project Engineer Master's 14.0 years experience Male 42.0 years old
26.0,Female,Bachelor's,Customer Success Rep,1.0,40000.0,Customer Success Rep Bachelor's 1.0 years experience Female 26.0 years old
49.0,Male,Bachelor's,Sales Executive,21.0,160000.0,Sales Executive Bachelor's 21.0 years experience Male 49.0 years old
34.0,Female,Master's,UX Designer,5.0,80000.0,UX Designer Master's 5.0 years experience Female 34.0 years old
48.0,Male,Master's,Operations Director,18.0,190000.0,Operations Director Master's 18.0 years experience Male 48.0 years old
30.0,Male,Bachelor's,Network Engineer,3.0,60000.0,Network Engineer Bachelor's 3.0 years experience Male 30.0 years old
36.0,Female,Bachelor's,Administrative Assistant,8.0,45000.0,Administrative Assistant Bachelor's 8.0 years experience Female 36.0 years old
41.0,Male,Master's,Strategy Consultant,13.0,130000.0,Strategy Consultant Master's 13.0 years experience Male 41.0 years old
28.0,Female,Bachelor's,Copywriter,2.0,40000.0,Copywriter Bachelor's 2.0 years experience Female 28.0 years old
32.0,Male,Bachelor's,Account Manager,5.0,75000.0,Account Manager Bachelor's 5.0 years experience Male 32.0 years old
45.0,Female,Master's,Director of Marketing,16.0,180000.0,Director of Marketing Master's 16.0 years experience Female 45.0 years old
38.0,Male,PhD,Senior Scientist,11.0,120000.0,Senior Scientist PhD 11.0 years experience Male 38.0 years old
25.0,Male,Bachelor's,Help Desk Analyst,0.0,35000.0,Help Desk Analyst Bachelor's 0.0 years experience Male 25.0 years old
51.0,Female,Bachelor's,Customer Service Manager,22.0,130000.0,Customer Service Manager Bachelor's 22.0 years experience Female 51.0 years old
33.0,Male,Master's,Business Intelligence Analyst,7.0,85000.0,Business Intelligence Analyst Master's 7.0 years experience Male 33.0 years old
40.0,Female,Bachelor's,Event Coordinator,12.0,60000.0,Event Coordinator Bachelor's 12.0 years experience Female 40.0 years old
47.0,Male,Master's,VP of Finance,19.0,200000.0,VP of Finance Master's 19.0 years experience Male 47.0 years old
29.0,Female,Bachelor's,Graphic Designer,3.0,50000.0,Graphic Designer Bachelor's 3.0 years experience Female 29.0 years old
36.0,Male,Bachelor's,Sales Manager,9.0,95000.0,Sales Manager Bachelor's 9.0 years experience Male 36.0 years old
27.0,Female,Master's,UX Researcher,2.0,65000.0,UX Researcher Master's 2.0 years experience Female 27.0 years old
43.0,Male,PhD,Senior Engineer,17.0,140000.0,Senior Engineer PhD 17.0 years experience Male 43.0 years old
30.0,Female,Bachelor's,Social Media Manager,4.0,55000.0,Social Media Manager Bachelor's 4.0 years experience Female 30.0 years old
35.0,Male,Master's,Product Manager,7.0,105000.0,Product Manager Master's 7.0 years experience Male 35.0 years old
51.0,Female,Master's,Director of Operations,23.0,170000.0,Director of Operations Master's 23.0 years experience Female 51.0 years old
29.0,Male,Bachelor's,Marketing Analyst,3.0,50000.0,Marketing Analyst Bachelor's 3.0 years experience Male 29.0 years old
40.0,Female,Bachelor's,HR Manager,12.0,80000.0,HR Manager Bachelor's 12.0 years experience Female 40.0 years old
47.0,Male,PhD,Senior Data Scientist,21.0,180000.0,Senior Data Scientist PhD 21.0 years experience Male 47.0 years old
26.0,Male,Bachelor's,Junior Accountant,1.0,35000.0,Junior Accountant Bachelor's 1.0 years experience Male 26.0 years old
38.0,Female,Master's,Digital Marketing Manager,10.0,90000.0,Digital Marketing Manager Master's 10.0 years experience Female 38.0 years old
46.0,Male,Bachelor's,IT Manager,19.0,120000.0,IT Manager Bachelor's 19.0 years experience Male 46.0 years old
31.0,Female,Bachelor's,Customer Service Representative,5.0,45000.0,Customer Service Representative Bachelor's 5.0 years experience Female 31.0 years old
34.0,Male,Master's,Business Development Manager,8.0,90000.0,Business Development Manager Master's 8.0 years experience Male 34.0 years old
49.0,Female,Master's,Senior Financial Analyst,18.0,150000.0,Senior Financial Analyst Master's 18.0 years experience Female 49.0 years old
33.0,Male,Bachelor's,Web Developer,6.0,65000.0,Web Developer Bachelor's 6.0 years experience Male 33.0 years old
39.0,Female,Bachelor's,Recruiter,11.0,70000.0,Recruiter Bachelor's 11.0 years experience Female 39.0 years old
45.0,Male,PhD,Research Director,16.0,190000.0,Research Director PhD 16.0 years experience Male 45.0 years old
28.0,Male,Bachelor's,Technical Support Specialist,2.0,40000.0,Technical Support Specialist Bachelor's 2.0 years experience Male 28.0 years old
42.0,Female,Master's,Creative Director,14.0,120000.0,Creative Director Master's 14.0 years experience Female 42.0 years old
37.0,Male,Bachelor's,Project Manager,10.0,95000.0,Project Manager Bachelor's 10.0 years experience Male 37.0 years old
50.0,Female,Bachelor's,Operations Manager,22.0,160000.0,Operations Manager Bachelor's 22.0 years experience Female 50.0 years old
32.0,Male,Master's,Senior Software Engineer,6.0,100000.0,Senior Software Engineer Master's 6.0 years experience Male 32.0 years old
48.0,Female,Master's,Human Resources Director,20.0,180000.0,Human Resources Director Master's 20.0 years experience Female 48.0 years old
30.0,Female,Bachelor's,Content Marketing Manager,3.0,55000.0,Content Marketing Manager Bachelor's 3.0 years experience Female 30.0 years old
36.0,Male,Bachelor's,Technical Recruiter,8.0,70000.0,Technical Recruiter Bachelor's 8.0 years experience Male 36.0 years old
41.0,Female,Master's,Data Analyst,13.0,80000.0,Data Analyst Master's 13.0 years experience Female 41.0 years old
25.0,Male,Bachelor's,Sales Representative,0.0,30000.0,Sales Representative Bachelor's 0.0 years experience Male 25.0 years old
52.0,Male,PhD,Chief Technology Officer,24.0,250000.0,Chief Technology Officer PhD 24.0 years experience Male 52.0 years old
29.0,Female,Bachelor's,Junior Designer,2.0,40000.0,Junior Designer Bachelor's 2.0 years experience Female 29.0 years old
34.0,Female,Master's,Financial Advisor,10.0,95000.0,Financial Advisor Master's 10.0 years experience Female 34.0 years old
27.0,Male,Bachelor's,Junior Account Manager,2.0,45000.0,Junior Account Manager Bachelor's 2.0 years experience Male 27.0 years old
40.0,Female,Bachelor's,HR Generalist,15.0,80000.0,HR Generalist Bachelor's 15.0 years experience Female 40.0 years old
46.0,Male,Master's,Senior Project Manager,21.0,135000.0,Senior Project Manager Master's 21.0 years experience Male 46.0 years old
31.0,Female,Bachelor's,Marketing Coordinator,6.0,55000.0,Marketing Coordinator Bachelor's 6.0 years experience Female 31.0 years old
36.0,Male,PhD,Principal Scientist,11.0,120000.0,Principal Scientist PhD 11.0 years experience Male 36.0 years old
29.0,Female,Bachelor's,Sales Associate,3.0,40000.0,Sales Associate Bachelor's 3.0 years experience Female 29.0 years old
43.0,Male,Bachelor's,Supply Chain Manager,18.0,105000.0,Supply Chain Manager Bachelor's 18.0 years experience Male 43.0 years old
52.0,Female,Master's,Senior Marketing Manager,25.0,170000.0,Senior Marketing Manager Master's 25.0 years experience Female 52.0 years old
33.0,Male,Bachelor's,Business Analyst,7.0,75000.0,Business Analyst Bachelor's 7.0 years experience Male 33.0 years old
39.0,Female,Bachelor's,Training Specialist,12.0,65000.0,Training Specialist Bachelor's 12.0 years experience Female 39.0 years old
47.0,Male,PhD,Research Scientist,22.0,160000.0,Research Scientist PhD 22.0 years experience Male 47.0 years old
26.0,Male,Bachelor's,Junior Software Developer,1.0,35000.0,Junior Software Developer Bachelor's 1.0 years experience Male 26.0 years old
38.0,Female,Master's,Public Relations Manager,10.0,90000.0,Public Relations Manager Master's 10.0 years experience Female 38.0 years old
45.0,Male,Bachelor's,Operations Analyst,20.0,110000.0,Operations Analyst Bachelor's 20.0 years experience Male 45.0 years old
31.0,Female,Bachelor's,Event Coordinator,5.0,45000.0,Event Coordinator Bachelor's 5.0 years experience Female 31.0 years old
35.0,Male,Master's,Product Marketing Manager,8.0,95000.0,Product Marketing Manager Master's 8.0 years experience Male 35.0 years old
49.0,Female,Master's,Senior HR Manager,19.0,150000.0,Senior HR Manager Master's 19.0 years experience Female 49.0 years old
33.0,Male,Bachelor's,Junior Web Developer,5.0,50000.0,Junior Web Developer Bachelor's 5.0 years experience Male 33.0 years old
39.0,Female,Master's,Senior Project Coordinator,13.0,80000.0,Senior Project Coordinator Master's 13.0 years experience Female 39.0 years old
44.0,Male,PhD,Chief Data Officer,16.0,220000.0,Chief Data Officer PhD 16.0 years experience Male 44.0 years old
30.0,Female,Bachelor's,Digital Content Producer,3.0,50000.0,Digital Content Producer Bachelor's 3.0 years experience Female 30.0 years old
36.0,Male,Bachelor's,IT Support Specialist,7.0,60000.0,IT Support Specialist Bachelor's 7.0 years experience Male 36.0 years old
41.0,Female,Master's,Senior Marketing Analyst,14.0,100000.0,Senior Marketing Analyst Master's 14.0 years experience Female 41.0 years old
28.0,Male,Bachelor's,Customer Success Manager,2.0,40000.0,Customer Success Manager Bachelor's 2.0 years experience Male 28.0 years old
42.0,Female,Master's,Senior Graphic Designer,15.0,110000.0,Senior Graphic Designer Master's 15.0 years experience Female 42.0 years old
37.0,Male,Bachelor's,Software Project Manager,9.0,95000.0,Software Project Manager Bachelor's 9.0 years experience Male 37.0 years old
50.0,Female,Bachelor's,Supply Chain Analyst,22.0,130000.0,Supply Chain Analyst Bachelor's 22.0 years experience Female 50.0 years old
32.0,Male,Master's,Senior Business Analyst,6.0,90000.0,Senior Business Analyst Master's 6.0 years experience Male 32.0 years old
23.0,Female,Bachelor's,Junior Marketing Analyst,0.5,35000.0,Junior Marketing Analyst Bachelor's 0.5 years experience Female 23.0 years old
31.0,Male,Master's,Senior Financial Analyst,6.0,95000.0,Senior Financial Analyst Master's 6.0 years experience Male 31.0 years old
40.0,Female,Bachelor's,Office Manager,15.0,65000.0,Office Manager Bachelor's 15.0 years experience Female 40.0 years old
48.0,Male,PhD,Principal Engineer,20.0,170000.0,Principal Engineer PhD 20.0 years experience Male 48.0 years old
29.0,Female,Bachelor's,Junior HR Generalist,3.0,45000.0,Junior HR Generalist Bachelor's 3.0 years experience Female 29.0 years old
35.0,Male,Master's,Senior Product Manager,10.0,120000.0,Senior Product Manager Master's 10.0 years experience Male 35.0 years old
42.0,Female,Bachelor's,Sales Manager,17.0,100000.0,Sales Manager Bachelor's 17.0 years experience Female 42.0 years old
53.0,Male,Master's,Director of Marketing,25.0,180000.0,Director of Marketing Master's 25.0 years experience Male 53.0 years old
33.0,Female,Bachelor's,Junior Operations Analyst,5.0,50000.0,Junior Operations Analyst Bachelor's 5.0 years experience Female 33.0 years old
38.0,Male,Bachelor's,Customer Service Manager,11.0,80000.0,Customer Service Manager Bachelor's 11.0 years experience Male 38.0 years old
44.0,Female,PhD,Senior Scientist,16.0,140000.0,Senior Scientist PhD 16.0 years experience Female 44.0 years old
26.0,Male,Bachelor's,Junior Accountant,2.0,40000.0,Junior Accountant Bachelor's 2.0 years experience Male 26.0 years old
37.0,Female,Master's,Senior HR Generalist,9.0,95000.0,Senior HR Generalist Master's 9.0 years experience Female 37.0 years old
45.0,Male,Bachelor's,Sales Operations Manager,18.0,110000.0,Sales Operations Manager Bachelor's 18.0 years experience Male 45.0 years old
32.0,Female,Bachelor's,Marketing Coordinator,4.0,50000.0,Marketing Coordinator Bachelor's 4.0 years experience Female 32.0 years old
34.0,Male,Master's,Senior Software Developer,8.0,105000.0,Senior Software Developer Master's 8.0 years experience Male 34.0 years old
50.0,Female,Master's,Director of Operations,21.0,160000.0,Director of Operations Master's 21.0 years experience Female 50.0 years old
29.0,Male,Bachelor's,Junior Web Designer,3.0,45000.0,Junior Web Designer Bachelor's 3.0 years experience Male 29.0 years old
40.0,Female,Master's,Senior Training Specialist,12.0,100000.0,Senior Training Specialist Master's 12.0 years experience Female 40.0 years old
47.0,Male,PhD,Senior Research Scientist,22.0,160000.0,Senior Research Scientist PhD 22.0 years experience Male 47.0 years old
27.0,Male,Bachelor's,Junior Sales Representative,1.0,35000.0,Junior Sales Representative Bachelor's 1.0 years experience Male 27.0 years old
39.0,Female,Bachelor's,Administrative Assistant,10.0,55000.0,Administrative Assistant Bachelor's 10.0 years experience Female 39.0 years old
46.0,Male,Master's,Senior Project Manager,19.0,140000.0,Senior Project Manager Master's 19.0 years experience Male 46.0 years old
30.0,Female,Bachelor's,Junior Marketing Manager,4.0,50000.0,Junior Marketing Manager Bachelor's 4.0 years experience Female 30.0 years old
36.0,Male,Bachelor's,Junior Data Analyst,7.0,60000.0,Junior Data Analyst Bachelor's 7.0 years experience Male 36.0 years old
43.0,Female,Master's,Senior Product Marketing Manager,14.0,120000.0,Senior Product Marketing Manager Master's 14.0 years experience Female 43.0 years old
28.0,Male,Bachelor's,Junior Business Analyst,2.0,40000.0,Junior Business Analyst Bachelor's 2.0 years experience Male 28.0 years old
41.0,Female,Master's,Senior Marketing Manager,13.0,110000.0,Senior Marketing Manager Master's 13.0 years experience Female 41.0 years old
33.0,Male,Bachelor's,Junior Software Developer,5.0,50000.0,Junior Software Developer Bachelor's 5.0 years experience Male 33.0 years old
47.0,Male,Bachelor's,Senior Sales Manager,20.0,135000.0,Senior Sales Manager Bachelor's 20.0 years experience Male 47.0 years old
25.0,Female,Master's,Junior Marketing Specialist,1.5,40000.0,Junior Marketing Specialist Master's 1.5 years experience Female 25.0 years old
34.0,Male,Bachelor's,Senior Business Analyst,8.0,90000.0,Senior Business Analyst Bachelor's 8.0 years experience Male 34.0 years old
42.0,Female,PhD,Senior Data Scientist,16.0,150000.0,Senior Data Scientist PhD 16.0 years experience Female 42.0 years old
31.0,Male,Bachelor's,Junior Project Manager,4.0,60000.0,Junior Project Manager Bachelor's 4.0 years experience Male 31.0 years old
38.0,Female,Bachelor's,Senior Accountant,10.0,80000.0,Senior Accountant Bachelor's 10.0 years experience Female 38.0 years old
45.0,Male,Master's,Director of Sales,19.0,175000.0,Director of Sales Master's 19.0 years experience Male 45.0 years old
29.0,Female,Bachelor's,Junior Recruiter,3.0,45000.0,Junior Recruiter Bachelor's 3.0 years experience Female 29.0 years old
36.0,Male,Master's,Senior Business Development Manager,11.0,120000.0,Senior Business Development Manager Master's 11.0 years experience Male 36.0 years old
43.0,Female,PhD,Senior Product Designer,18.0,140000.0,Senior Product Designer PhD 18.0 years experience Female 43.0 years old
26.0,Male,Bachelor's,Junior Customer Support Specialist,2.0,35000.0,Junior Customer Support Specialist Bachelor's 2.0 years experience Male 26.0 years old
37.0,Female,Master's,Senior Marketing Analyst,9.0,95000.0,Senior Marketing Analyst Master's 9.0 years experience Female 37.0 years old
44.0,Male,Bachelor's,Senior IT Support Specialist,14.0,110000.0,Senior IT Support Specialist Bachelor's 14.0 years experience Male 44.0 years old
32.0,Female,Bachelor's,Junior Financial Analyst,5.0,50000.0,Junior Financial Analyst Bachelor's 5.0 years experience Female 32.0 years old
33.0,Male,Master's,Senior Operations Manager,7.0,115000.0,Senior Operations Manager Master's 7.0 years experience Male 33.0 years old
51.0,Female,PhD,Director of Human Resources,23.0,185000.0,Director of Human Resources PhD 23.0 years experience Female 51.0 years old
28.0,Male,Bachelor's,Junior Software Engineer,2.0,40000.0,Junior Software Engineer Bachelor's 2.0 years experience Male 28.0 years old
39.0,Female,Bachelor's,Senior Sales Representative,12.0,90000.0,Senior Sales Representative Bachelor's 12.0 years experience Female 39.0 years old
48.0,Male,Master's,Director of Product Management,21.0,175000.0,Director of Product Management Master's 21.0 years experience Male 48.0 years old
30.0,Female,Bachelor's,Junior Copywriter,3.0,45000.0,Junior Copywriter Bachelor's 3.0 years experience Female 30.0 years old
35.0,Male,Bachelor's,Senior Marketing Coordinator,7.0,80000.0,Senior Marketing Coordinator Bachelor's 7.0 years experience Male 35.0 years old
41.0,Female,Master's,Senior Human Resources Manager,13.0,120000.0,Senior Human Resources Manager Master's 13.0 years experience Female 41.0 years old
27.0,Male,Bachelor's,Junior Business Development Associate,1.5,35000.0,Junior Business Development Associate Bachelor's 1.5 years experience Male 27.0 years old
40.0,Female,Bachelor's,Senior Account Manager,14.0,110000.0,Senior Account Manager Bachelor's 14.0 years experience Female 40.0 years old
46.0,Male,PhD,Senior Researcher,18.0,150000.0,Senior Researcher PhD 18.0 years experience Male 46.0 years old
31.0,Female,Bachelor's,Junior HR Coordinator,4.0,50000.0,Junior HR Coordinator Bachelor's 4.0 years experience Female 31.0 years old
34.0,Male,Master's,Senior Software Engineer,9.0,105000.0,Senior Software Engineer Master's 9.0 years experience Male 34.0 years old
50.0,Female,Master's,Director of Finance,20.0,180000.0,Director of Finance Master's 20.0 years experience Female 50.0 years old
29.0,Male,Bachelor's,Junior Marketing Coordinator,2.0,40000.0,Junior Marketing Coordinator Bachelor's 2.0 years experience Male 29.0 years old
,,,,,,nan nan nan years experience nan nan years old
43.0,Male,Bachelor's,Senior Project Manager,16.0,140000.0,Senior Project Manager Bachelor's 16.0 years experience Male 43.0 years old
26.0,Female,Master's,Junior Data Scientist,1.5,45000.0,Junior Data Scientist Master's 1.5 years experience Female 26.0 years old
35.0,Male,Bachelor's,Senior Operations Analyst,7.0,85000.0,Senior Operations Analyst Bachelor's 7.0 years experience Male 35.0 years old
42.0,Female,PhD,Senior Marketing Manager,18.0,140000.0,Senior Marketing Manager PhD 18.0 years experience Female 42.0 years old
31.0,Male,Bachelor's,Junior Accountant,4.0,50000.0,Junior Accountant Bachelor's 4.0 years experience Male 31.0 years old
38.0,Female,Bachelor's,Senior Human Resources Coordinator,10.0,80000.0,Senior Human Resources Coordinator Bachelor's 10.0 years experience Female 38.0 years old
46.0,Male,Master's,Director of Operations,20.0,170000.0,Director of Operations Master's 20.0 years experience Male 46.0 years old
29.0,Female,Bachelor's,Junior Sales Representative,2.0,40000.0,Junior Sales Representative Bachelor's 2.0 years experience Female 29.0 years old
37.0,Male,Master's,Senior Business Analyst,9.0,105000.0,Senior Business Analyst Master's 9.0 years experience Male 37.0 years old
44.0,Female,PhD,Senior UX Designer,15.0,145000.0,Senior UX Designer PhD 15.0 years experience Female 44.0 years old
27.0,Male,Bachelor's,Junior Product Manager,2.0,40000.0,Junior Product Manager Bachelor's 2.0 years experience Male 27.0 years old
36.0,Female,Bachelor's,Senior Marketing Specialist,8.0,85000.0,Senior Marketing Specialist Bachelor's 8.0 years experience Female 36.0 years old
43.0,Male,Bachelor's,Senior IT Project Manager,14.0,130000.0,Senior IT Project Manager Bachelor's 14.0 years experience Male 43.0 years old
33.0,Female,Master's,Senior Financial Analyst,6.0,95000.0,Senior Financial Analyst Master's 6.0 years experience Female 33.0 years old
34.0,Male,Bachelor's,Senior Quality Assurance Analyst,9.0,100000.0,Senior Quality Assurance Analyst Bachelor's 9.0 years experience Male 34.0 years old
50.0,Female,PhD,Director of Sales and Marketing,22.0,180000.0,Director of Sales and Marketing PhD 22.0 years experience Female 50.0 years old
28.0,Male,Bachelor's,Junior Operations Analyst,1.5,35000.0,Junior Operations Analyst Bachelor's 1.5 years experience Male 28.0 years old
39.0,Female,Bachelor's,Senior Account Executive,12.0,95000.0,Senior Account Executive Bachelor's 12.0 years experience Female 39.0 years old
47.0,Male,Master's,Director of Business Development,19.0,170000.0,Director of Business Development Master's 19.0 years experience Male 47.0 years old
30.0,Female,Bachelor's,Junior Social Media Manager,3.0,45000.0,Junior Social Media Manager Bachelor's 3.0 years experience Female 30.0 years old
34.0,Male,Bachelor's,Senior Product Manager,7.0,95000.0,Senior Product Manager Bachelor's 7.0 years experience Male 34.0 years old
40.0,Female,Master's,Senior Human Resources Specialist,13.0,120000.0,Senior Human Resources Specialist Master's 13.0 years experience Female 40.0 years old
28.0,Male,Bachelor's,Junior Business Analyst,2.0,40000.0,Junior Business Analyst Bachelor's 2.0 years experience Male 28.0 years old
41.0,Female,Bachelor's,Senior Marketing Coordinator,11.0,90000.0,Senior Marketing Coordinator Bachelor's 11.0 years experience Female 41.0 years old
45.0,Male,PhD,Senior Data Analyst,17.0,155000.0,Senior Data Analyst PhD 17.0 years experience Male 45.0 years old
32.0,Female,Bachelor's,Junior Account Manager,5.0,55000.0,Junior Account Manager Bachelor's 5.0 years experience Female 32.0 years old
35.0,Male,Master's,Senior Software Developer,9.0,110000.0,Senior Software Developer Master's 9.0 years experience Male 35.0 years old
49.0,Female,Master's,Director of Human Capital,21.0,180000.0,Director of Human Capital Master's 21.0 years experience Female 49.0 years old
30.0,Male,Bachelor's,Junior Advertising Coordinator,3.0,45000.0,Junior Advertising Coordinator Bachelor's 3.0 years experience Male 30.0 years old
44.0,Male,Bachelor's,Senior Sales Manager,16.0,130000.0,Senior Sales Manager Bachelor's 16.0 years experience Male 44.0 years old
27.0,Female,Master's,Junior UX Designer,1.5,45000.0,Junior UX Designer Master's 1.5 years experience Female 27.0 years old
36.0,Male,Bachelor's,Senior Accountant,7.0,90000.0,Senior Accountant Bachelor's 7.0 years experience Male 36.0 years old
41.0,Female,PhD,Senior Marketing Director,17.0,160000.0,Senior Marketing Director PhD 17.0 years experience Female 41.0 years old
31.0,Male,Bachelor's,Junior HR Generalist,4.0,50000.0,Junior HR Generalist Bachelor's 4.0 years experience Male 31.0 years old
39.0,Female,Bachelor's,Senior Operations Manager,10.0,120000.0,Senior Operations Manager Bachelor's 10.0 years experience Female 39.0 years old
47.0,Male,Master's,Director of Finance,20.0,170000.0,Director of Finance Master's 20.0 years experience Male 47.0 years old
30.0,Female,Bachelor's,Junior Marketing Coordinator,2.0,40000.0,Junior Marketing Coordinator Bachelor's 2.0 years experience Female 30.0 years old
38.0,Male,Master's,Senior IT Consultant,9.0,110000.0,Senior IT Consultant Master's 9.0 years experience Male 38.0 years old
45.0,Female,PhD,Senior Product Designer,15.0,150000.0,Senior Product Designer PhD 15.0 years experience Female 45.0 years old
28.0,Male,Bachelor's,Junior Business Development Associate,2.0,40000.0,Junior Business Development Associate Bachelor's 2.0 years experience Male 28.0 years old
35.0,Female,Bachelor's,Senior Marketing Analyst,8.0,85000.0,Senior Marketing Analyst Bachelor's 8.0 years experience Female 35.0 years old
44.0,Male,Bachelor's,Senior Software Engineer,14.0,130000.0,Senior Software Engineer Bachelor's 14.0 years experience Male 44.0 years old
34.0,Female,Master's,Senior Financial Advisor,6.0,100000.0,Senior Financial Advisor Master's 6.0 years experience Female 34.0 years old
35.0,Male,Bachelor's,Senior Project Coordinator,9.0,95000.0,Senior Project Coordinator Bachelor's 9.0 years experience Male 35.0 years old
50.0,Female,PhD,Director of Operations,22.0,180000.0,Director of Operations PhD 22.0 years experience Female 50.0 years old
29.0,Male,Bachelor's,Junior Business Operations Analyst,1.5,35000.0,Junior Business Operations Analyst Bachelor's 1.5 years experience Male 29.0 years old
40.0,Female,Bachelor's,Senior Sales Representative,12.0,100000.0,Senior Sales Representative Bachelor's 12.0 years experience Female 40.0 years old
48.0,Male,Master's,Director of Marketing,19.0,170000.0,Director of Marketing Master's 19.0 years experience Male 48.0 years old
31.0,Female,Bachelor's,Junior Social Media Specialist,3.0,45000.0,Junior Social Media Specialist Bachelor's 3.0 years experience Female 31.0 years old
33.0,Male,Bachelor's,Senior Product Development Manager,7.0,100000.0,Senior Product Development Manager Bachelor's 7.0 years experience Male 33.0 years old
42.0,Female,Master's,Senior Human Resources Manager,13.0,140000.0,Senior Human Resources Manager Master's 13.0 years experience Female 42.0 years old
28.0,Male,Bachelor's,Junior Financial Analyst,2.0,40000.0,Junior Financial Analyst Bachelor's 2.0 years experience Male 28.0 years old
40.0,Female,Bachelor's,Senior Marketing Manager,11.0,105000.0,Senior Marketing Manager Bachelor's 11.0 years experience Female 40.0 years old
46.0,Male,PhD,Senior Data Scientist,18.0,160000.0,Senior Data Scientist PhD 18.0 years experience Male 46.0 years old
33.0,Female,Bachelor's,Junior Operations Manager,5.0,70000.0,Junior Operations Manager Bachelor's 5.0 years experience Female 33.0 years old
37.0,Male,Master's,Senior Software Architect,9.0,120000.0,Senior Software Architect Master's 9.0 years experience Male 37.0 years old
51.0,Female,Master's,Director of Human Resources,21.0,190000.0,Director of Human Resources Master's 21.0 years experience Female 51.0 years old
30.0,Male,Bachelor's,Junior Marketing Specialist,3.0,45000.0,Junior Marketing Specialist Bachelor's 3.0 years experience Male 30.0 years old
43.0,Male,Bachelor's,Senior Project Manager,15.0,120000.0,Senior Project Manager Bachelor's 15.0 years experience Male 43.0 years old
27.0,Female,Master's,Junior Research Scientist,1.5,50000.0,Junior Research Scientist Master's 1.5 years experience Female 27.0 years old
35.0,Male,Bachelor's,Senior Operations Analyst,8.0,85000.0,Senior Operations Analyst Bachelor's 8.0 years experience Male 35.0 years old
42.0,Female,PhD,Senior Marketing Manager,13.0,140000.0,Senior Marketing Manager PhD 13.0 years experience Female 42.0 years old
32.0,Male,Bachelor's,Junior Sales Representative,3.0,45000.0,Junior Sales Representative Bachelor's 3.0 years experience Male 32.0 years old
37.0,Female,Bachelor's,Senior Financial Analyst,9.0,100000.0,Senior Financial Analyst Bachelor's 9.0 years experience Female 37.0 years old
45.0,Male,Master's,Senior Software Developer,16.0,140000.0,Senior Software Developer Master's 16.0 years experience Male 45.0 years old
33.0,Female,Bachelor's,Junior Operations Analyst,5.0,70000.0,Junior Operations Analyst Bachelor's 5.0 years experience Female 33.0 years old
39.0,Male,Bachelor's,Senior Marketing Specialist,10.0,120000.0,Senior Marketing Specialist Bachelor's 10.0 years experience Male 39.0 years old
44.0,Female,PhD,Senior HR Manager,18.0,160000.0,Senior HR Manager PhD 18.0 years experience Female 44.0 years old
29.0,Male,Bachelor's,Junior Business Analyst,1.5,40000.0,Junior Business Analyst Bachelor's 1.5 years experience Male 29.0 years old
38.0,Female,Bachelor's,Senior Product Manager,10.0,120000.0,Senior Product Manager Bachelor's 10.0 years experience Female 38.0 years old
46.0,Male,PhD,Senior Data Analyst,19.0,150000.0,Senior Data Analyst PhD 19.0 years experience Male 46.0 years old
34.0,Female,Bachelor's,Junior Marketing Analyst,6.0,70000.0,Junior Marketing Analyst Bachelor's 6.0 years experience Female 34.0 years old
36.0,Male,Bachelor's,Senior Operations Manager,8.0,95000.0,Senior Operations Manager Bachelor's 8.0 years experience Male 36.0 years old
49.0,Female,Master's,Director of Marketing,21.0,180000.0,Director of Marketing Master's 21.0 years experience Female 49.0 years old
31.0,Male,Bachelor's,Junior Financial Analyst,3.0,50000.0,Junior Financial Analyst Bachelor's 3.0 years experience Male 31.0 years old
41.0,Female,Bachelor's,Senior Project Coordinator,11.0,95000.0,Senior Project Coordinator Bachelor's 11.0 years experience Female 41.0 years old
47.0,Male,Master's,Director of Operations,20.0,170000.0,Director of Operations Master's 20.0 years experience Male 47.0 years old
30.0,Female,Bachelor's,Junior Marketing Coordinator,2.0,40000.0,Junior Marketing Coordinator Bachelor's 2.0 years experience Female 30.0 years old
38.0,Male,Master's,Senior IT Consultant,9.0,110000.0,Senior IT Consultant Master's 9.0 years experience Male 38.0 years old
45.0,Female,PhD,Senior Product Designer,15.0,150000.0,Senior Product Designer PhD 15.0 years experience Female 45.0 years old
28.0,Male,Bachelor's,Junior Business Development Associate,2.0,40000.0,Junior Business Development Associate Bachelor's 2.0 years experience Male 28.0 years old
35.0,Female,Bachelor's,Senior Marketing Analyst,8.0,85000.0,Senior Marketing Analyst Bachelor's 8.0 years experience Female 35.0 years old
44.0,Male,Bachelor's,Senior Software Engineer,14.0,130000.0,Senior Software Engineer Bachelor's 14.0 years experience Male 44.0 years old
34.0,Female,Master's,Senior Financial Advisor,6.0,100000.0,Senior Financial Advisor Master's 6.0 years experience Female 34.0 years old
35.0,Male,Bachelor's,Senior Project Coordinator,9.0,95000.0,Senior Project Coordinator Bachelor's 9.0 years experience Male 35.0 years old
50.0,Female,PhD,Director of Operations,22.0,180000.0,Director of Operations PhD 22.0 years experience Female 50.0 years old
29.0,Male,Bachelor's,Junior Business Operations Analyst,1.5,350.0,Junior Business Operations Analyst Bachelor's 1.5 years experience Male 29.0 years old
,,,,,,nan nan nan years experience nan nan years old
37.0,Female,Bachelor's,Senior Financial Manager,10.0,120000.0,Senior Financial Manager Bachelor's 10.0 years experience Female 37.0 years old
46.0,Male,PhD,Senior Data Scientist,18.0,160000.0,Senior Data Scientist PhD 18.0 years experience Male 46.0 years old
31.0,Female,Bachelor's,Junior Marketing Coordinator,3.0,50000.0,Junior Marketing Coordinator Bachelor's 3.0 years experience Female 31.0 years old
42.0,Male,Bachelor's,Senior Operations Manager,12.0,110000.0,Senior Operations Manager Bachelor's 12.0 years experience Male 42.0 years old
29.0,Female,Bachelor's,Junior Sales Representative,1.5,40000.0,Junior Sales Representative Bachelor's 1.5 years experience Female 29.0 years old
36.0,Male,Bachelor's,Senior Marketing Specialist,8.0,95000.0,Senior Marketing Specialist Bachelor's 8.0 years experience Male 36.0 years old
44.0,Female,Master's,Senior HR Specialist,15.0,140000.0,Senior HR Specialist Master's 15.0 years experience Female 44.0 years old
33.0,Male,Bachelor's,Junior Operations Manager,4.0,60000.0,Junior Operations Manager Bachelor's 4.0 years experience Male 33.0 years old
39.0,Female,Bachelor's,Senior Marketing Coordinator,9.0,110000.0,Senior Marketing Coordinator Bachelor's 9.0 years experience Female 39.0 years old
45.0,Male,PhD,Senior Data Engineer,16.0,150000.0,Senior Data Engineer PhD 16.0 years experience Male 45.0 years old
32.0,Female,Bachelor's,Junior Marketing Manager,4.0,60000.0,Junior Marketing Manager Bachelor's 4.0 years experience Female 32.0 years old
37.0,Male,Bachelor's,Senior Financial Analyst,8.0,90000.0,Senior Financial Analyst Bachelor's 8.0 years experience Male 37.0 years old
47.0,Female,Master's,Director of Marketing,20.0,180000.0,Director of Marketing Master's 20.0 years experience Female 47.0 years old
30.0,Male,Bachelor's,Junior Business Analyst,2.0,40000.0,Junior Business Analyst Bachelor's 2.0 years experience Male 30.0 years old
38.0,Female,Bachelor's,Senior Project Manager,9.0,120000.0,Senior Project Manager Bachelor's 9.0 years experience Female 38.0 years old
46.0,Male,PhD,Senior Data Analyst,17.0,160000.0,Senior Data Analyst PhD 17.0 years experience Male 46.0 years old
34.0,Female,Bachelor's,Junior Financial Analyst,5.0,70000.0,Junior Financial Analyst Bachelor's 5.0 years experience Female 34.0 years old
36.0,Male,Bachelor's,Senior Product Manager,8.0,95000.0,Senior Product Manager Bachelor's 8.0 years experience Male 36.0 years old
49.0,Female,Master's,Director of Operations,21.0,180000.0,Director of Operations Master's 21.0 years experience Female 49.0 years old
31.0,Male,Bachelor's,Junior Operations Analyst,3.0,50000.0,Junior Operations Analyst Bachelor's 3.0 years experience Male 31.0 years old
41.0,Female,Bachelor's,Senior Project Coordinator,11.0,95000.0,Senior Project Coordinator Bachelor's 11.0 years experience Female 41.0 years old
47.0,Male,Master's,Director of Marketing,19.0,170000.0,Director of Marketing Master's 19.0 years experience Male 47.0 years old
29.0,Female,Bachelor's,Junior Business Development Associate,1.5,35000.0,Junior Business Development Associate Bachelor's 1.5 years experience Female 29.0 years old
35.0,Male,Bachelor's,Senior Financial Manager,9.0,100000.0,Senior Financial Manager Bachelor's 9.0 years experience Male 35.0 years old
44.0,Female,PhD,Senior Product Designer,15.0,150000.0,Senior Product Designer PhD 15.0 years experience Female 44.0 years old
33.0,Male,Bachelor's,Junior Business Analyst,4.0,60000.0,Junior Business Analyst Bachelor's 4.0 years experience Male 33.0 years old
35.0,Female,Bachelor's,Senior Marketing Analyst,8.0,85000.0,Senior Marketing Analyst Bachelor's 8.0 years experience Female 35.0 years old
44.0,Male,Bachelor's,Senior Software Engineer,13.0,130000.0,Senior Software Engineer Bachelor's 13.0 years experience Male 44.0 years old
32.0,Male,Bachelor's,Junior Product Manager,4.0,65000.0,Junior Product Manager Bachelor's 4.0 years experience Male 32.0 years old
38.0,Female,Bachelor's,Senior Business Analyst,10.0,110000.0,Senior Business Analyst Bachelor's 10.0 years experience Female 38.0 years old
49.0,Male,PhD,Director of Operations,21.0,180000.0,Director of Operations PhD 21.0 years experience Male 49.0 years old
29.0,Female,Bachelor's,Junior Marketing Specialist,2.0,40000.0,Junior Marketing Specialist Bachelor's 2.0 years experience Female 29.0 years old
35.0,Male,Bachelor's,Senior Business Development Manager,7.0,90000.0,Senior Business Development Manager Bachelor's 7.0 years experience Male 35.0 years old
45.0,Female,Master's,Senior HR Manager,14.0,140000.0,Senior HR Manager Master's 14.0 years experience Female 45.0 years old
33.0,Male,Bachelor's,Junior Financial Analyst,4.0,60000.0,Junior Financial Analyst Bachelor's 4.0 years experience Male 33.0 years old
40.0,Female,Bachelor's,Senior Marketing Manager,12.0,130000.0,Senior Marketing Manager Bachelor's 12.0 years experience Female 40.0 years old
44.0,Male,PhD,Senior Data Scientist,16.0,160000.0,Senior Data Scientist PhD 16.0 years experience Male 44.0 years old
30.0,Female,Bachelor's,Junior Operations Coordinator,2.0,40000.0,Junior Operations Coordinator Bachelor's 2.0 years experience Female 30.0 years old
37.0,Male,Bachelor's,Senior Marketing Analyst,9.0,100000.0,Senior Marketing Analyst Bachelor's 9.0 years experience Male 37.0 years old
48.0,Female,Master's,Director of HR,20.0,180000.0,Director of HR Master's 20.0 years experience Female 48.0 years old
31.0,Male,Bachelor's,Junior Project Manager,3.0,55000.0,Junior Project Manager Bachelor's 3.0 years experience Male 31.0 years old
38.0,Female,Bachelor's,Senior Operations Coordinator,9.0,120000.0,Senior Operations Coordinator Bachelor's 9.0 years experience Female 38.0 years old
45.0,Male,PhD,Senior Data Engineer,16.0,150000.0,Senior Data Engineer PhD 16.0 years experience Male 45.0 years old
33.0,Female,Bachelor's,Junior Marketing Manager,5.0,70000.0,Junior Marketing Manager Bachelor's 5.0 years experience Female 33.0 years old
36.0,Male,Bachelor's,Senior Business Analyst,8.0,95000.0,Senior Business Analyst Bachelor's 8.0 years experience Male 36.0 years old
49.0,Female,Master's,Director of Marketing,21.0,180000.0,Director of Marketing Master's 21.0 years experience Female 49.0 years old
31.0,Male,Bachelor's,Junior Operations Analyst,3.0,50000.0,Junior Operations Analyst Bachelor's 3.0 years experience Male 31.0 years old
42.0,Female,Bachelor's,Senior Project Manager,12.0,120000.0,Senior Project Manager Bachelor's 12.0 years experience Female 42.0 years old
47.0,Male,Master's,Director of Marketing,19.0,170000.0,Director of Marketing Master's 19.0 years experience Male 47.0 years old
29.0,Female,Bachelor's,Junior Business Development Associate,1.5,35000.0,Junior Business Development Associate Bachelor's 1.5 years experience Female 29.0 years old
35.0,Male,Bachelor's,Senior Financial Manager,9.0,100000.0,Senior Financial Manager Bachelor's 9.0 years experience Male 35.0 years old
44.0,Female,PhD,Senior Product Designer,15.0,150000.0,Senior Product Designer PhD 15.0 years experience Female 44.0 years old
33.0,Male,Bachelor's,Junior Business Analyst,4.0,60000.0,Junior Business Analyst Bachelor's 4.0 years experience Male 33.0 years old
35.0,Female,Bachelor's,Senior Marketing Analyst,8.0,85000.0,Senior Marketing Analyst Bachelor's 8.0 years experience Female 35.0 years old
44.0,Male,Bachelor's,Senior Software Engineer,13.0,130000.0,Senior Software Engineer Bachelor's 13.0 years experience Male 44.0 years old
34.0,Female,Master's,Senior Financial Advisor,6.0,80000.0,Senior Financial Advisor Master's 6.0 years experience Female 34.0 years old
36.0,Male,Bachelor's,Senior Marketing Specialist,8.0,95000.0,Senior Marketing Specialist Bachelor's 8.0 years experience Male 36.0 years old
30.0,Female,Bachelor's,Junior HR Coordinator,2.0,40000.0,Junior HR Coordinator Bachelor's 2.0 years experience Female 30.0 years old
37.0,Male,Bachelor's,Senior Business Development Manager,10.0,120000.0,Senior Business Development Manager Bachelor's 10.0 years experience Male 37.0 years old
45.0,Female,Master's,Senior Marketing Manager,16.0,160000.0,Senior Marketing Manager Master's 16.0 years experience Female 45.0 years old
32.0,Male,Bachelor's,Junior Financial Advisor,4.0,65000.0,Junior Financial Advisor Bachelor's 4.0 years experience Male 32.0 years old
39.0,Female,Bachelor's,Senior Project Manager,12.0,130000.0,Senior Project Manager Bachelor's 12.0 years experience Female 39.0 years old
47.0,Male,PhD,Director of Engineering,20.0,180000.0,Director of Engineering PhD 20.0 years experience Male 47.0 years old
29.0,Female,Bachelor's,Junior Marketing Analyst,2.0,40000.0,Junior Marketing Analyst Bachelor's 2.0 years experience Female 29.0 years old
36.0,Male,Bachelor's,Senior Operations Manager,9.0,100000.0,Senior Operations Manager Bachelor's 9.0 years experience Male 36.0 years old
43.0,Female,PhD,Senior Data Scientist,15.0,150000.0,Senior Data Scientist PhD 15.0 years experience Female 43.0 years old
32.0,Male,Bachelor's,Junior Marketing Coordinator,3.0,55000.0,Junior Marketing Coordinator Bachelor's 3.0 years experience Male 32.0 years old
38.0,Female,Bachelor's,Senior Business Analyst,10.0,110000.0,Senior Business Analyst Bachelor's 10.0 years experience Female 38.0 years old
48.0,Male,Master's,Director of Marketing,21.0,180000.0,Director of Marketing Master's 21.0 years experience Male 48.0 years old
31.0,Female,Bachelor's,Junior Business Development Associate,3.0,50000.0,Junior Business Development Associate Bachelor's 3.0 years experience Female 31.0 years old
40.0,Male,Bachelor's,Senior Financial Analyst,12.0,130000.0,Senior Financial Analyst Bachelor's 12.0 years experience Male 40.0 years old
45.0,Female,PhD,Senior UX Designer,16.0,160000.0,Senior UX Designer PhD 16.0 years experience Female 45.0 years old
33.0,Male,Bachelor's,Junior Product Manager,4.0,60000.0,Junior Product Manager Bachelor's 4.0 years experience Male 33.0 years old
36.0,Female,Bachelor's,Senior Marketing Manager,8.0,95000.0,Senior Marketing Manager Bachelor's 8.0 years experience Female 36.0 years old
47.0,Male,Master's,Director of Operations,19.0,170000.0,Director of Operations Master's 19.0 years experience Male 47.0 years old
29.0,Female,Bachelor's,Junior Project Manager,2.0,40000.0,Junior Project Manager Bachelor's 2.0 years experience Female 29.0 years old
34.0,Male,Bachelor's,Senior Operations Coordinator,7.0,90000.0,Senior Operations Coordinator Bachelor's 7.0 years experience Male 34.0 years old
44.0,Female,PhD,Senior Business Analyst,15.0,150000.0,Senior Business Analyst PhD 15.0 years experience Female 44.0 years old
33.0,Male,Bachelor's,Junior Marketing Specialist,5.0,70000.0,Junior Marketing Specialist Bachelor's 5.0 years experience Male 33.0 years old
35.0,Female,Bachelor's,Senior Financial Manager,8.0,90000.0,Senior Financial Manager Bachelor's 8.0 years experience Female 35.0 years old
43.0,Male,Master's,Director of Marketing,18.0,170000.0,Director of Marketing Master's 18.0 years experience Male 43.0 years old
31.0,Female,Bachelor's,Junior Financial Analyst,3.0,50000.0,Junior Financial Analyst Bachelor's 3.0 years experience Female 31.0 years old
41.0,Male,Bachelor's,Senior Product Manager,14.0,150000.0,Senior Product Manager Bachelor's 14.0 years experience Male 41.0 years old
44.0,Female,PhD,Senior Data Engineer,16.0,160000.0,Senior Data Engineer PhD 16.0 years experience Female 44.0 years old
33.0,Male,Bachelor's,Junior Business Analyst,4.0,60000.0,Junior Business Analyst Bachelor's 4.0 years experience Male 33.0 years old
35.0,Female,Bachelor's,Senior Marketing Analyst,8.0,85000.0,Senior Marketing Analyst Bachelor's 8.0 years experience Female 35.0 years old
45.0,Male,Master's,Director of Engineering,19.0,180000.0,Director of Engineering Master's 19.0 years experience Male 45.0 years old
28.0,Female,Bachelor's,Junior Operations Manager,1.0,35000.0,Junior Operations Manager Bachelor's 1.0 years experience Female 28.0 years old
36.0,Male,Bachelor's,Senior Business Development Manager,8.0,110000.0,Senior Business Development Manager Bachelor's 8.0 years experience Male 36.0 years old
44.0,Female,PhD,Senior Data Scientist,16.0,160000.0,Senior Data Scientist PhD 16.0 years experience Female 44.0 years old
31.0,Male,Bachelor's,Junior Marketing Coordinator,3.0,55000.0,Junior Marketing Coordinator Bachelor's 3.0 years experience Male 31.0 years old
38.0,Female,Bachelor's,Senior Business Analyst,10.0,110000.0,Senior Business Analyst Bachelor's 10.0 years experience Female 38.0 years old
48.0,Male,Master's,Director of Marketing,21.0,180000.0,Director of Marketing Master's 21.0 years experience Male 48.0 years old
31.0,Female,Bachelor's,Junior Business Development Associate,3.0,50000.0,Junior Business Development Associate Bachelor's 3.0 years experience Female 31.0 years old
40.0,Male,Bachelor's,Senior Financial Analyst,12.0,130000.0,Senior Financial Analyst Bachelor's 12.0 years experience Male 40.0 years old
45.0,Female,PhD,Senior UX Designer,16.0,160000.0,Senior UX Designer PhD 16.0 years experience Female 45.0 years old
33.0,Male,Bachelor's,Junior Product Manager,4.0,60000.0,Junior Product Manager Bachelor's 4.0 years experience Male 33.0 years old
36.0,Female,Bachelor's,Senior Marketing Manager,8.0,95000.0,Senior Marketing Manager Bachelor's 8.0 years experience Female 36.0 years old
47.0,Male,Master's,Director of Operations,19.0,170000.0,Director of Operations Master's 19.0 years experience Male 47.0 years old
29.0,Female,Bachelor's,Junior Project Manager,2.0,40000.0,Junior Project Manager Bachelor's 2.0 years experience Female 29.0 years old
34.0,Male,Bachelor's,Senior Operations Coordinator,7.0,90000.0,Senior Operations Coordinator Bachelor's 7.0 years experience Male 34.0 years old
44.0,Female,PhD,Senior Business Analyst,15.0,150000.0,Senior Business Analyst PhD 15.0 years experience Female 44.0 years old
33.0,Male,Bachelor's,Junior Marketing Specialist,5.0,70000.0,Junior Marketing Specialist Bachelor's 5.0 years experience Male 33.0 years old
35.0,Female,Bachelor's,Senior Financial Manager,8.0,90000.0,Senior Financial Manager Bachelor's 8.0 years experience Female 35.0 years old
43.0,Male,Master's,Director of Marketing,18.0,170000.0,Director of Marketing Master's 18.0 years experience Male 43.0 years old
31.0,Female,Bachelor's,Junior Financial Analyst,3.0,50000.0,Junior Financial Analyst Bachelor's 3.0 years experience Female 31.0 years old
41.0,Male,Bachelor's,Senior Product Manager,14.0,150000.0,Senior Product Manager Bachelor's 14.0 years experience Male 41.0 years old
44.0,Female,PhD,Senior Data Engineer,16.0,160000.0,Senior Data Engineer PhD 16.0 years experience Female 44.0 years old
33.0,Male,Bachelor's,Junior Business Analyst,4.0,60000.0,Junior Business Analyst Bachelor's 4.0 years experience Male 33.0 years old
35.0,Female,Bachelor's,Senior Marketing Analyst,8.0,85000.0,Senior Marketing Analyst Bachelor's 8.0 years experience Female 35.0 years old
43.0,Male,Master's,Director of Operations,19.0,170000.0,Director of Operations Master's 19.0 years experience Male 43.0 years old
29.0,Female,Bachelor's,Junior Project Manager,2.0,40000.0,Junior Project Manager Bachelor's 2.0 years experience Female 29.0 years old
34.0,Male,Bachelor's,Senior Operations Coordinator,7.0,90000.0,Senior Operations Coordinator Bachelor's 7.0 years experience Male 34.0 years old
44.0,Female,PhD,Senior Business Analyst,15.0,150000.0,Senior Business Analyst PhD 15.0 years experience Female 44.0 years old
31.0,Male,Master's,Data Scientist,6.0,160000.0,Data Scientist Master's 6.0 years experience Male 31.0 years old
28.0,Female,Bachelor's,Software Engineer,3.0,125000.0,Software Engineer Bachelor's 3.0 years experience Female 28.0 years old
26.0,Male,Master's,Product Manager,2.0,120000.0,Product Manager Master's 2.0 years experience Male 26.0 years old
27.0,Female,Bachelor's,Data Analyst,2.0,110000.0,Data Analyst Bachelor's 2.0 years experience Female 27.0 years old
30.0,Male,PhD,Data Scientist,5.0,180000.0,Data Scientist PhD 5.0 years experience Male 30.0 years old
29.0,Female,Bachelor's,Software Engineer,4.0,140000.0,Software Engineer Bachelor's 4.0 years experience Female 29.0 years old
32.0,Male,Bachelor's,Product Manager,7.0,170000.0,Product Manager Bachelor's 7.0 years experience Male 32.0 years old
25.0,Female,Master's,Data Analyst,1.0,100000.0,Data Analyst Master's 1.0 years experience Female 25.0 years old
33.0,Male,PhD,Data Scientist,8.0,190000.0,Data Scientist PhD 8.0 years experience Male 33.0 years old
31.0,Female,Bachelor's,Software Engineer,6.0,155000.0,Software Engineer Bachelor's 6.0 years experience Female 31.0 years old
28.0,Male,Master's,Product Manager,3.0,130000.0,Product Manager Master's 3.0 years experience Male 28.0 years old
30.0,Female,Bachelor's,Data Analyst,5.0,145000.0,Data Analyst Bachelor's 5.0 years experience Female 30.0 years old
27.0,Male,PhD,Data Scientist,2.0,115000.0,Data Scientist PhD 2.0 years experience Male 27.0 years old
29.0,Female,Bachelor's,Software Engineer,4.0,140000.0,Software Engineer Bachelor's 4.0 years experience Female 29.0 years old
34.0,Male,Bachelor's,Product Manager,9.0,185000.0,Product Manager Bachelor's 9.0 years experience Male 34.0 years old
25.0,Female,Master's,Data Analyst,1.0,100000.0,Data Analyst Master's 1.0 years experience Female 25.0 years old
33.0,Male,PhD,Data Scientist,8.0,190000.0,Data Scientist PhD 8.0 years experience Male 33.0 years old
31.0,Female,Bachelor's,Software Engineer,6.0,155000.0,Software Engineer Bachelor's 6.0 years experience Female 31.0 years old
28.0,Male,Master's,Product Manager,3.0,130000.0,Product Manager Master's 3.0 years experience Male 28.0 years old
30.0,Female,Bachelor's,Data Analyst,5.0,145000.0,Data Analyst Bachelor's 5.0 years experience Female 30.0 years old
28.0,Male,Bachelor's,Software Engineer,3.0,125000.0,Software Engineer Bachelor's 3.0 years experience Male 28.0 years old
26.0,Female,Master's,Product Manager,2.0,120000.0,Product Manager Master's 2.0 years experience Female 26.0 years old
27.0,Male,Bachelor's,Data Analyst,2.0,110000.0,Data Analyst Bachelor's 2.0 years experience Male 27.0 years old
30.0,Female,PhD,Data Scientist,5.0,180000.0,Data Scientist PhD 5.0 years experience Female 30.0 years old
29.0,Male,Bachelor's,Software Engineer,4.0,140000.0,Software Engineer Bachelor's 4.0 years experience Male 29.0 years old
32.0,Male,Bachelor's,Product Manager,7.0,170000.0,Product Manager Bachelor's 7.0 years experience Male 32.0 years old
25.0,Female,Master's,Data Analyst,1.0,100000.0,Data Analyst Master's 1.0 years experience Female 25.0 years old
33.0,Male,PhD,Data Scientist,8.0,190000.0,Data Scientist PhD 8.0 years experience Male 33.0 years old
31.0,Female,Bachelor's,Software Engineer,6.0,155000.0,Software Engineer Bachelor's 6.0 years experience Female 31.0 years old
28.0,Male,Master's,Product Manager,3.0,130000.0,Product Manager Master's 3.0 years experience Male 28.0 years old
30.0,Female,Bachelor's,Data Analyst,5.0,145000.0,Data Analyst Bachelor's 5.0 years experience Female 30.0 years old
27.0,Male,PhD,Data Scientist,2.0,115000.0,Data Scientist PhD 2.0 years experience Male 27.0 years old
29.0,Female,Bachelor's,Software Engineer,4.0,140000.0,Software Engineer Bachelor's 4.0 years experience Female 29.0 years old
34.0,Male,Bachelor's,Product Manager,9.0,185000.0,Product Manager Bachelor's 9.0 years experience Male 34.0 years old
25.0,Female,Master's,Data Analyst,1.0,100000.0,Data Analyst Master's 1.0 years experience Female 25.0 years old
33.0,Male,PhD,Data Scientist,8.0,190000.0,Data Scientist PhD 8.0 years experience Male 33.0 years old
31.0,Female,Bachelor's,Software Engineer,6.0,155000.0,Software Engineer Bachelor's 6.0 years experience Female 31.0 years old
28.0,Male,Master's,Product Manager,3.0,130000.0,Product Manager Master's 3.0 years experience Male 28.0 years old
30.0,Female,Bachelor's,Data Analyst,5.0,145000.0,Data Analyst Bachelor's 5.0 years experience Female 30.0 years old
28.0,Male,Bachelor's,Software Engineer,3.0,125000.0,Software Engineer Bachelor's 3.0 years experience Male 28.0 years old
26.0,Female,Master's,Product Manager,2.0,120000.0,Product Manager Master's 2.0 years experience Female 26.0 years old
27.0,Male,Bachelor's,Data Analyst,2.0,110000.0,Data Analyst Bachelor's 2.0 years experience Male 27.0 years old
30.0,Female,PhD,Data Scientist,5.0,180000.0,Data Scientist PhD 5.0 years experience Female 30.0 years old
29.0,Male,Bachelor's,Software Engineer,4.0,140000.0,Software Engineer Bachelor's 4.0 years experience Male 29.0 years old
32.0,Male,Bachelor's,Product Manager,7.0,170000.0,Product Manager Bachelor's 7.0 years experience Male 32.0 years old
25.0,Female,Master's,Data Analyst,1.0,100000.0,Data Analyst Master's 1.0 years experience Female 25.0 years old
33.0,Male,PhD,Data Scientist,8.0,190000.0,Data Scientist PhD 8.0 years experience Male 33.0 years old
31.0,Female,Bachelor's,Software Engineer,6.0,155000.0,Software Engineer Bachelor's 6.0 years experience Female 31.0 years old
28.0,Male,Master's,Product Manager,3.0,130000.0,Product Manager Master's 3.0 years experience Male 28.0 years old
30.0,Female,Bachelor's,Data Analyst,5.0,145000.0,Data Analyst Bachelor's 5.0 years experience Female 30.0 years old
27.0,Male,PhD,Data Scientist,2.0,115000.0,Data Scientist PhD 2.0 years experience Male 27.0 years old
29.0,Female,Bachelor's,Software Engineer,4.0,140000.0,Software Engineer Bachelor's 4.0 years experience Female 29.0 years old
34.0,Male,Bachelor's,Product Manager,9.0,185000.0,Product Manager Bachelor's 9.0 years experience Male 34.0 years old
25.0,Female,Master's,Data Analyst,1.0,100000.0,Data Analyst Master's 1.0 years experience Female 25.0 years old
33.0,Male,PhD,Data Scientist,8.0,190000.0,Data Scientist PhD 8.0 years experience Male 33.0 years old
31.0,Female,Bachelor's,Software Engineer,6.0,155000.0,Software Engineer Bachelor's 6.0 years experience Female 31.0 years old
28.0,Male,Master's,Product Manager,3.0,130000.0,Product Manager Master's 3.0 years experience Male 28.0 years old
30.0,Female,Bachelor's,Data Analyst,5.0,145000.0,Data Analyst Bachelor's 5.0 years experience Female 30.0 years old
28.0,Male,Bachelor's,Software Engineer,3.0,125000.0,Software Engineer Bachelor's 3.0 years experience Male 28.0 years old
26.0,Female,Master's,Product Manager,2.0,120000.0,Product Manager Master's 2.0 years experience Female 26.0 years old
27.0,Male,Bachelor's,Data Analyst,2.0,110000.0,Data Analyst Bachelor's 2.0 years experience Male 27.0 years old
30.0,Female,PhD,Data Scientist,5.0,180000.0,Data Scientist PhD 5.0 years experience Female 30.0 years old
29.0,Male,Bachelor's,Software Engineer,4.0,140000.0,Software Engineer Bachelor's 4.0 years experience Male 29.0 years old
32.0,Male,Bachelor's,Product Manager,7.0,170000.0,Product Manager Bachelor's 7.0 years experience Male 32.0 years old
25.0,Female,Master's,Data Analyst,1.0,100000.0,Data Analyst Master's 1.0 years experience Female 25.0 years old
33.0,Male,PhD,Data Scientist,8.0,190000.0,Data Scientist PhD 8.0 years experience Male 33.0 years old
31.0,Female,Bachelor's,Software Engineer,6.0,155000.0,Software Engineer Bachelor's 6.0 years experience Female 31.0 years old
28.0,Male,Master's,Product Manager,3.0,130000.0,Product Manager Master's 3.0 years experience Male 28.0 years old
30.0,Female,Bachelor's,Data Analyst,5.0,145000.0,Data Analyst Bachelor's 5.0 years experience Female 30.0 years old
27.0,Male,PhD,Data Scientist,2.0,115000.0,Data Scientist PhD 2.0 years experience Male 27.0 years old
29.0,Female,Bachelor's,Software Engineer,4.0,140000.0,Software Engineer Bachelor's 4.0 years experience Female 29.0 years old
34.0,Male,Bachelor's,Product Manager,9.0,185000.0,Product Manager Bachelor's 9.0 years experience Male 34.0 years old
25.0,Female,Master's,Data Analyst,1.0,100000.0,Data Analyst Master's 1.0 years experience Female 25.0 years old
33.0,Male,PhD,Data Scientist,8.0,190000.0,Data Scientist PhD 8.0 years experience Male 33.0 years old
31.0,Female,Bachelor's,Software Engineer,6.0,155000.0,Software Engineer Bachelor's 6.0 years experience Female 31.0 years old
28.0,Male,Master's,Product Manager,3.0,130000.0,Product Manager Master's 3.0 years experience Male 28.0 years old
30.0,Female,Bachelor's,Data Analyst,5.0,145000.0,Data Analyst Bachelor's 5.0 years experience Female 30.0 years old
27.0,Male,PhD,Data Scientist,2.0,115000.0,Data Scientist PhD 2.0 years experience Male 27.0 years old
29.0,Female,Bachelor's,Software Engineer,4.0,140000.0,Software Engineer Bachelor's 4.0 years experience Female 29.0 years old
34.0,Male,Bachelor's,Product Manager,9.0,185000.0,Product Manager Bachelor's 9.0 years experience Male 34.0 years old
25.0,Female,Master's,Data Analyst,1.0,100000.0,Data Analyst Master's 1.0 years experience Female 25.0 years old
33.0,Male,PhD,Data Scientist,8.0,190000.0,Data Scientist PhD 8.0 years experience Male 33.0 years old
31.0,Female,Bachelor's,Software Engineer,6.0,155000.0,Software Engineer Bachelor's 6.0 years experience Female 31.0 years old
28.0,Male,Master's,Product Manager,3.0,130000.0,Product Manager Master's 3.0 years experience Male 28.0 years old
30.0,Female,Bachelor's,Data Analyst,5.0,145000.0,Data Analyst Bachelor's 5.0 years experience Female 30.0 years old
28.0,Male,Bachelor's,Software Engineer,3.0,125000.0,Software Engineer Bachelor's 3.0 years experience Male 28.0 years old
26.0,Female,Master's,Product Manager,2.0,120000.0,Product Manager Master's 2.0 years experience Female 26.0 years old
27.0,Male,Bachelor's,Data Analyst,2.0,110000.0,Data Analyst Bachelor's 2.0 years experience Male 27.0 years old
30.0,Female,PhD,Data Scientist,5.0,180000.0,Data Scientist PhD 5.0 years experience Female 30.0 years old
29.0,Male,Bachelor's,Software Engineer,4.0,140000.0,Software Engineer Bachelor's 4.0 years experience Male 29.0 years old
32.0,Male,Bachelor's,Product Manager,7.0,170000.0,Product Manager Bachelor's 7.0 years experience Male 32.0 years old
25.0,Female,Master's,Data Analyst,1.0,100000.0,Data Analyst Master's 1.0 years experience Female 25.0 years old
33.0,Male,PhD,Data Scientist,8.0,190000.0,Data Scientist PhD 8.0 years experience Male 33.0 years old
31.0,Female,Bachelor's,Software Engineer,6.0,155000.0,Software Engineer Bachelor's 6.0 years experience Female 31.0 years old
28.0,Male,Master's,Product Manager,3.0,130000.0,Product Manager Master's 3.0 years experience Male 28.0 years old
30.0,Female,Bachelor's,Data Analyst,5.0,145000.0,Data Analyst Bachelor's 5.0 years experience Female 30.0 years old
27.0,Male,PhD,Data Scientist,2.0,115000.0,Data Scientist PhD 2.0 years experience Male 27.0 years old
29.0,Female,Bachelor's,Software Engineer,4.0,140000.0,Software Engineer Bachelor's 4.0 years experience Female 29.0 years old
34.0,Male,Bachelor's,Product Manager,9.0,185000.0,Product Manager Bachelor's 9.0 years experience Male 34.0 years old
25.0,Female,Master's,Data Analyst,1.0,100000.0,Data Analyst Master's 1.0 years experience Female 25.0 years old
33.0,Male,PhD,Data Scientist,8.0,190000.0,Data Scientist PhD 8.0 years experience Male 33.0 years old
31.0,Female,Bachelor's,Software Engineer,6.0,155000.0,Software Engineer Bachelor's 6.0 years experience Female 31.0 years old
28.0,Male,Master's,Product Manager,3.0,130000.0,Product Manager Master's 3.0 years experience Male 28.0 years old
30.0,Female,Bachelor's,Data Analyst,5.0,145000.0,Data Analyst Bachelor's 5.0 years experience Female 30.0 years old
27.0,Male,PhD,Data Scientist,2.0,115000.0,Data Scientist PhD 2.0 years experience Male 27.0 years old
29.0,Female,Bachelor's,Software Engineer,4.0,140000.0,Software Engineer Bachelor's 4.0 years experience Female 29.0 years old
34.0,Male,Bachelor's,Product Manager,9.0,185000.0,Product Manager Bachelor's 9.0 years experience Male 34.0 years old
25.0,Female,Master's,Data Analyst,1.0,100000.0,Data Analyst Master's 1.0 years experience Female 25.0 years old
33.0,Male,PhD,Data Scientist,8.0,190000.0,Data Scientist PhD 8.0 years experience Male 33.0 years old
31.0,Female,Bachelor's,Software Engineer,6.0,155000.0,Software Engineer Bachelor's 6.0 years experience Female 31.0 years old
28.0,Male,Master's,Product Manager,3.0,130000.0,Product Manager Master's 3.0 years experience Male 28.0 years old
30.0,Female,Bachelor's,Data Analyst,5.0,145000.0,Data Analyst Bachelor's 5.0 years experience Female 30.0 years old
27.0,Male,PhD,Data Scientist,2.0,115000.0,Data Scientist PhD 2.0 years experience Male 27.0 years old
29.0,Female,Bachelor's,Software Engineer,4.0,140000.0,Software Engineer Bachelor's 4.0 years experience Female 29.0 years old
34.0,Male,Bachelor's,Product Manager,9.0,185000.0,Product Manager Bachelor's 9.0 years experience Male 34.0 years old
25.0,Female,Master's,Data Analyst,1.0,100000.0,Data Analyst Master's 1.0 years experience Female 25.0 years old
33.0,Male,PhD,Data Scientist,8.0,190000.0,Data Scientist PhD 8.0 years experience Male 33.0 years old
31.0,Female,Bachelor's,Software Engineer,6.0,155000.0,Software Engineer Bachelor's 6.0 years experience Female 31.0 years old
28.0,Male,Master's,Product Manager,3.0,130000.0,Product Manager Master's 3.0 years experience Male 28.0 years old
30.0,Female,Bachelor's,Data Analyst,5.0,145000.0,Data Analyst Bachelor's 5.0 years experience Female 30.0 years old
27.0,Male,PhD,Data Scientist,2.0,115000.0,Data Scientist PhD 2.0 years experience Male 27.0 years old
29.0,Female,Bachelor's,Software Engineer,4.0,140000.0,Software Engineer Bachelor's 4.0 years experience Female 29.0 years old
34.0,Male,Bachelor's,Product Manager,9.0,185000.0,Product Manager Bachelor's 9.0 years experience Male 34.0 years old
25.0,Female,Master's,Data Analyst,1.0,100000.0,Data Analyst Master's 1.0 years experience Female 25.0 years old
33.0,Male,PhD,Data Scientist,8.0,190000.0,Data Scientist PhD 8.0 years experience Male 33.0 years old
31.0,Female,Bachelor's,Software Engineer,6.0,155000.0,Software Engineer Bachelor's 6.0 years experience Female 31.0 years old
28.0,Male,Master's,Product Manager,3.0,130000.0,Product Manager Master's 3.0 years experience Male 28.0 years old
30.0,Female,Bachelor's,Data Analyst,5.0,145000.0,Data Analyst Bachelor's 5.0 years experience Female 30.0 years old
27.0,Male,PhD,Data Scientist,2.0,115000.0,Data Scientist PhD 2.0 years experience Male 27.0 years old
29.0,Female,Bachelor's,Software Engineer,4.0,140000.0,Software Engineer Bachelor's 4.0 years experience Female 29.0 years old
34.0,Male,Bachelor's,Product Manager,9.0,185000.0,Product Manager Bachelor's 9.0 years experience Male 34.0 years old
26.0,Male,Bachelor's,Data Analyst,3.0,130000.0,Data Analyst Bachelor's 3.0 years experience Male 26.0 years old
29.0,Female,Master's,Data Scientist,6.0,180000.0,Data Scientist Master's 6.0 years experience Female 29.0 years old
32.0,Male,Bachelor's,Software Engineer,8.0,190000.0,Software Engineer Bachelor's 8.0 years experience Male 32.0 years old
27.0,Female,Bachelor's,Product Manager,4.0,150000.0,Product Manager Bachelor's 4.0 years experience Female 27.0 years old
24.0,Male,Bachelor's,Data Analyst,1.0,90000.0,Data Analyst Bachelor's 1.0 years experience Male 24.0 years old
31.0,Female,Master's,Data Scientist,9.0,195000.0,Data Scientist Master's 9.0 years experience Female 31.0 years old
28.0,Male,Bachelor's,Software Engineer,5.0,160000.0,Software Engineer Bachelor's 5.0 years experience Male 28.0 years old
33.0,Female,Master's,Product Manager,11.0,198000.0,Product Manager Master's 11.0 years experience Female 33.0 years old
25.0,Male,Bachelor's,Data Analyst,2.0,110000.0,Data Analyst Bachelor's 2.0 years experience Male 25.0 years old
30.0,Female,PhD,Data Scientist,7.0,185000.0,Data Scientist PhD 7.0 years experience Female 30.0 years old
27.0,Male,Bachelor's,Software Engineer,4.0,140000.0,Software Engineer Bachelor's 4.0 years experience Male 27.0 years old
34.0,Female,Master's,Product Manager,12.0,196000.0,Product Manager Master's 12.0 years experience Female 34.0 years old
23.0,Male,Bachelor's,Data Analyst,1.0,95000.0,Data Analyst Bachelor's 1.0 years experience Male 23.0 years old
32.0,Female,PhD,Data Scientist,10.0,193000.0,Data Scientist PhD 10.0 years experience Female 32.0 years old
29.0,Male,Bachelor's,Software Engineer,6.0,175000.0,Software Engineer Bachelor's 6.0 years experience Male 29.0 years old
30.0,Female,Bachelor's,Product Manager,5.0,160000.0,Product Manager Bachelor's 5.0 years experience Female 30.0 years old
26.0,Male,Bachelor's,Data Analyst,3.0,130000.0,Data Analyst Bachelor's 3.0 years experience Male 26.0 years old
31.0,Female,Master's,Data Scientist,6.0,180000.0,Data Scientist Master's 6.0 years experience Female 31.0 years old
28.0,Male,Bachelor's,Software Engineer,5.0,160000.0,Software Engineer Bachelor's 5.0 years experience Male 28.0 years old
33.0,Female,Master's,Product Manager,11.0,198000.0,Product Manager Master's 11.0 years experience Female 33.0 years old
24.0,Male,Bachelor's,Data Analyst,1.0,90000.0,Data Analyst Bachelor's 1.0 years experience Male 24.0 years old
30.0,Female,PhD,Data Scientist,7.0,185000.0,Data Scientist PhD 7.0 years experience Female 30.0 years old
27.0,Male,Bachelor's,Software Engineer,4.0,140000.0,Software Engineer Bachelor's 4.0 years experience Male 27.0 years old
34.0,Female,Master's,Product Manager,12.0,196000.0,Product Manager Master's 12.0 years experience Female 34.0 years old
25.0,Male,Bachelor's,Data Analyst,2.0,110000.0,Data Analyst Bachelor's 2.0 years experience Male 25.0 years old
29.0,Female,Master's,Data Scientist,6.0,180000.0,Data Scientist Master's 6.0 years experience Female 29.0 years old
32.0,Male,Bachelor's,Software Engineer,8.0,190000.0,Software Engineer Bachelor's 8.0 years experience Male 32.0 years old
27.0,Female,Bachelor's,Product Manager,4.0,150000.0,Product Manager Bachelor's 4.0 years experience Female 27.0 years old
31.0,Male,Bachelor's,Data Analyst,9.0,195000.0,Data Analyst Bachelor's 9.0 years experience Male 31.0 years old
28.0,Female,Bachelor's,Software Engineer,5.0,160000.0,Software Engineer Bachelor's 5.0 years experience Female 28.0 years old
33.0,Male,Master's,Product Manager,11.0,198000.0,Product Manager Master's 11.0 years experience Male 33.0 years old
26.0,Female,Bachelor's,Data Analyst,3.0,130000.0,Data Analyst Bachelor's 3.0 years experience Female 26.0 years old
30.0,Male,PhD,Data Scientist,7.0,185000.0,Data Scientist PhD 7.0 years experience Male 30.0 years old
27.0,Female,Bachelor's,Software Engineer,4.0,140000.0,Software Engineer Bachelor's 4.0 years experience Female 27.0 years old
34.0,Male,Master's,Product Manager,12.0,196000.0,Product Manager Master's 12.0 years experience Male 34.0 years old
25.0,Female,Bachelor's,Data Analyst,2.0,110000.0,Data Analyst Bachelor's 2.0 years experience Female 25.0 years old
32.0,Male,Bachelor's,Software Engineer,8.0,190000.0,Software Engineer Bachelor's 8.0 years experience Male 32.0 years old
29.0,Female,Master's,Data Scientist,6.0,180000.0,Data Scientist Master's 6.0 years experience Female 29.0 years old
30.0,Male,Bachelor's,Data Analyst,5.0,160000.0,Data Analyst Bachelor's 5.0 years experience Male 30.0 years old
33.0,Female,Master's,Product Manager,11.0,198000.0,Product Manager Master's 11.0 years experience Female 33.0 years old
24.0,Male,Bachelor's,Data Analyst,1.0,90000.0,Data Analyst Bachelor's 1.0 years experience Male 24.0 years old
31.0,Female,PhD,Data Scientist,9.0,195000.0,Data Scientist PhD 9.0 years experience Female 31.0 years old
28.0,Male,Bachelor's,Software Engineer,5.0,160000.0,Software Engineer Bachelor's 5.0 years experience Male 28.0 years old
27.0,Female,Bachelor's,Product Manager,4.0,150000.0,Product Manager Bachelor's 4.0 years experience Female 27.0 years old
26.0,Male,Bachelor's,Data Analyst,3.0,130000.0,Data Analyst Bachelor's 3.0 years experience Male 26.0 years old
29.0,Female,Master's,Data Scientist,6.0,180000.0,Data Scientist Master's 6.0 years experience Female 29.0 years old
32.0,Male,Bachelor's,Software Engineer,8.0,190000.0,Software Engineer Bachelor's 8.0 years experience Male 32.0 years old
33.0,Female,Master's,Product Manager,11.0,198000.0,Product Manager Master's 11.0 years experience Female 33.0 years old
25.0,Male,Bachelor's,Data Analyst,2.0,110000.0,Data Analyst Bachelor's 2.0 years experience Male 25.0 years old
30.0,Female,PhD,Data Scientist,7.0,185000.0,Data Scientist PhD 7.0 years experience Female 30.0 years old
27.0,Male,Bachelor's,Software Engineer,4.0,140000.0,Software Engineer Bachelor's 4.0 years experience Male 27.0 years old
34.0,Female,Master's,Product Manager,12.0,196000.0,Product Manager Master's 12.0 years experience Female 34.0 years old
31.0,Male,Bachelor's,Data Analyst,9.0,195000.0,Data Analyst Bachelor's 9.0 years experience Male 31.0 years old
28.0,Female,Bachelor's,Software Engineer,5.0,160000.0,Software Engineer Bachelor's 5.0 years experience Female 28.0 years old
26.0,Male,Bachelor's,Data Analyst,3.0,130000.0,Data Analyst Bachelor's 3.0 years experience Male 26.0 years old
29.0,Female,Master's,Data Scientist,6.0,180000.0,Data Scientist Master's 6.0 years experience Female 29.0 years old
32.0,Male,Bachelor's,Software Engineer,8.0,190000.0,Software Engineer Bachelor's 8.0 years experience Male 32.0 years old
33.0,Female,Master's,Product Manager,11.0,198000.0,Product Manager Master's 11.0 years experience Female 33.0 years old
24.0,Male,Bachelor's,Data Analyst,1.0,90000.0,Data Analyst Bachelor's 1.0 years experience Male 24.0 years old
27.0,Male,Bachelor's,Software Engineer,4.0,140000.0,Software Engineer Bachelor's 4.0 years experience Male 27.0 years old
25.0,Female,Bachelor's,Data Analyst,2.0,110000.0,Data Analyst Bachelor's 2.0 years experience Female 25.0 years old
30.0,Female,PhD,Data Scientist,7.0,185000.0,Data Scientist PhD 7.0 years experience Female 30.0 years old
31.0,Male,Bachelor's,Data Analyst,9.0,195000.0,Data Analyst Bachelor's 9.0 years experience Male 31.0 years old
28.0,Female,Bachelor's,Software Engineer,5.0,160000.0,Software Engineer Bachelor's 5.0 years experience Female 28.0 years old
26.0,Male,Bachelor's,Data Analyst,3.0,130000.0,Data Analyst Bachelor's 3.0 years experience Male 26.0 years old
29.0,Female,Master's,Data Scientist,6.0,180000.0,Data Scientist Master's 6.0 years experience Female 29.0 years old
32.0,Male,Bachelor's,Software Engineer,8.0,190000.0,Software Engineer Bachelor's 8.0 years experience Male 32.0 years old
33.0,Female,Master's,Product Manager,11.0,198000.0,Product Manager Master's 11.0 years experience Female 33.0 years old
24.0,Male,Bachelor's,Data Analyst,1.0,90000.0,Data Analyst Bachelor's 1.0 years experience Male 24.0 years old
27.0,Male,Bachelor's,Software Engineer,4.0,140000.0,Software Engineer Bachelor's 4.0 years experience Male 27.0 years old
25.0,Female,Bachelor's,Data Analyst,2.0,110000.0,Data Analyst Bachelor's 2.0 years experience Female 25.0 years old
30.0,Female,PhD,Data Scientist,7.0,185000.0,Data Scientist PhD 7.0 years experience Female 30.0 years old
31.0,Male,Bachelor's,Data Analyst,9.0,195000.0,Data Analyst Bachelor's 9.0 years experience Male 31.0 years old
28.0,Female,Bachelor's,Software Engineer,5.0,160000.0,Software Engineer Bachelor's 5.0 years experience Female 28.0 years old
26.0,Male,Bachelor's,Data Analyst,3.0,130000.0,Data Analyst Bachelor's 3.0 years experience Male 26.0 years old
29.0,Female,Master's,Data Scientist,6.0,180000.0,Data Scientist Master's 6.0 years experience Female 29.0 years old
32.0,Male,Bachelor's,Software Engineer,8.0,190000.0,Software Engineer Bachelor's 8.0 years experience Male 32.0 years old
33.0,Female,Master's,Product Manager,11.0,198000.0,Product Manager Master's 11.0 years experience Female 33.0 years old
24.0,Male,Bachelor's,Data Analyst,1.0,90000.0,Data Analyst Bachelor's 1.0 years experience Male 24.0 years old
27.0,Male,Bachelor's,Software Engineer,4.0,140000.0,Software Engineer Bachelor's 4.0 years experience Male 27.0 years old
25.0,Female,Bachelor's,Data Analyst,2.0,110000.0,Data Analyst Bachelor's 2.0 years experience Female 25.0 years old
30.0,Female,PhD,Data Scientist,7.0,185000.0,Data Scientist PhD 7.0 years experience Female 30.0 years old
31.0,Male,Bachelor's,Data Analyst,9.0,195000.0,Data Analyst Bachelor's 9.0 years experience Male 31.0 years old
28.0,Female,Bachelor's,Software Engineer,5.0,160000.0,Software Engineer Bachelor's 5.0 years experience Female 28.0 years old
26.0,Male,Bachelor's,Data Analyst,3.0,130000.0,Data Analyst Bachelor's 3.0 years experience Male 26.0 years old
29.0,Female,Master's,Data Scientist,6.0,180000.0,Data Scientist Master's 6.0 years experience Female 29.0 years old
32.0,Male,Bachelor's,Software Engineer,8.0,190000.0,Software Engineer Bachelor's 8.0 years experience Male 32.0 years old
33.0,Female,Master's,Product Manager,11.0,198000.0,Product Manager Master's 11.0 years experience Female 33.0 years old
24.0,Male,Bachelor's,Data Analyst,1.0,90000.0,Data Analyst Bachelor's 1.0 years experience Male 24.0 years old
27.0,Male,Bachelor's,Software Engineer,4.0,140000.0,Software Engineer Bachelor's 4.0 years experience Male 27.0 years old
25.0,Male,Bachelor's,Data Analyst,2.0,125000.0,Data Analyst Bachelor's 2.0 years experience Male 25.0 years old
28.0,Female,Master's,Data Scientist,6.0,175000.0,Data Scientist Master's 6.0 years experience Female 28.0 years old
30.0,Male,Bachelor's,Software Engineer,8.0,190000.0,Software Engineer Bachelor's 8.0 years experience Male 30.0 years old
27.0,Female,Bachelor's,Product Manager,4.0,150000.0,Product Manager Bachelor's 4.0 years experience Female 27.0 years old
24.0,Male,Bachelor's,Data Analyst,1.0,95000.0,Data Analyst Bachelor's 1.0 years experience Male 24.0 years old
31.0,Male,Master's,Data Scientist,9.0,195000.0,Data Scientist Master's 9.0 years experience Male 31.0 years old
28.0,Male,Bachelor's,Software Engineer,5.0,160000.0,Software Engineer Bachelor's 5.0 years experience Male 28.0 years old
33.0,Female,Master's,Product Manager,11.0,198000.0,Product Manager Master's 11.0 years experience Female 33.0 years old
26.0,Male,Bachelor's,Data Analyst,3.0,130000.0,Data Analyst Bachelor's 3.0 years experience Male 26.0 years old
30.0,Female,PhD,Data Scientist,7.0,185000.0,Data Scientist PhD 7.0 years experience Female 30.0 years old
27.0,Male,Bachelor's,Software Engineer,4.0,140000.0,Software Engineer Bachelor's 4.0 years experience Male 27.0 years old
34.0,Female,Master's,Product Manager,12.0,196000.0,Product Manager Master's 12.0 years experience Female 34.0 years old
23.0,Male,Bachelor's,Data Analyst,1.0,90000.0,Data Analyst Bachelor's 1.0 years experience Male 23.0 years old
32.0,Female,PhD,Data Scientist,10.0,193000.0,Data Scientist PhD 10.0 years experience Female 32.0 years old
29.0,Male,Bachelor's,Software Engineer,6.0,170000.0,Software Engineer Bachelor's 6.0 years experience Male 29.0 years old
30.0,Female,Bachelor's,Product Manager,5.0,160000.0,Product Manager Bachelor's 5.0 years experience Female 30.0 years old
26.0,Male,Bachelor's,Data Analyst,3.0,135000.0,Data Analyst Bachelor's 3.0 years experience Male 26.0 years old
31.0,Female,Master's,Data Scientist,6.0,180000.0,Data Scientist Master's 6.0 years experience Female 31.0 years old
28.0,Male,Bachelor's,Software Engineer,5.0,160000.0,Software Engineer Bachelor's 5.0 years experience Male 28.0 years old
33.0,Female,Master's,Product Manager,11.0,198000.0,Product Manager Master's 11.0 years experience Female 33.0 years old
24.0,Male,Bachelor's,Data Analyst,1.0,90000.0,Data Analyst Bachelor's 1.0 years experience Male 24.0 years old
30.0,Female,PhD,Data Scientist,7.0,185000.0,Data Scientist PhD 7.0 years experience Female 30.0 years old
27.0,Male,Bachelor's,Software Engineer,4.0,140000.0,Software Engineer Bachelor's 4.0 years experience Male 27.0 years old
34.0,Female,Master's,Product Manager,12.0,196000.0,Product Manager Master's 12.0 years experience Female 34.0 years old
25.0,Male,Bachelor's,Data Analyst,2.0,115000.0,Data Analyst Bachelor's 2.0 years experience Male 25.0 years old
29.0,Female,Master's,Data Scientist,6.0,180000.0,Data Scientist Master's 6.0 years experience Female 29.0 years old
32.0,Male,Bachelor's,Software Engineer,8.0,190000.0,Software Engineer Bachelor's 8.0 years experience Male 32.0 years old
27.0,Female,Bachelor's,Product Manager,4.0,150000.0,Product Manager Bachelor's 4.0 years experience Female 27.0 years old
31.0,Male,Bachelor's,Data Analyst,9.0,195000.0,Data Analyst Bachelor's 9.0 years experience Male 31.0 years old
28.0,Female,Bachelor's,Software Engineer,5.0,160000.0,Software Engineer Bachelor's 5.0 years experience Female 28.0 years old
33.0,Male,Master's,Product Manager,11.0,198000.0,Product Manager Master's 11.0 years experience Male 33.0 years old
26.0,Female,Bachelor's,Data Analyst,3.0,130000.0,Data Analyst Bachelor's 3.0 years experience Female 26.0 years old
30.0,Male,PhD,Data Scientist,7.0,185000.0,Data Scientist PhD 7.0 years experience Male 30.0 years old
27.0,Female,Bachelor's,Software Engineer,4.0,140000.0,Software Engineer Bachelor's 4.0 years experience Female 27.0 years old
34.0,Male,Master's,Product Manager,12.0,196000.0,Product Manager Master's 12.0 years experience Male 34.0 years old
25.0,Female,Bachelor's,Data Analyst,2.0,110000.0,Data Analyst Bachelor's 2.0 years experience Female 25.0 years old
32.0,Male,Bachelor's,Software Engineer,8.0,190000.0,Software Engineer Bachelor's 8.0 years experience Male 32.0 years old
29.0,Female,Master's,Data Scientist,6.0,180000.0,Data Scientist Master's 6.0 years experience Female 29.0 years old
30.0,Male,Bachelor's,Data Analyst,5.0,160000.0,Data Analyst Bachelor's 5.0 years experience Male 30.0 years old
33.0,Female,Master's,Product Manager,11.0,198000.0,Product Manager Master's 11.0 years experience Female 33.0 years old
24.0,Male,Bachelor's,Data Analyst,1.0,90000.0,Data Analyst Bachelor's 1.0 years experience Male 24.0 years old
31.0,Female,PhD,Data Scientist,9.0,195000.0,Data Scientist PhD 9.0 years experience Female 31.0 years old
28.0,Male,Bachelor's,Software Engineer,5.0,160000.0,Software Engineer Bachelor's 5.0 years experience Male 28.0 years old
27.0,Female,Bachelor's,Product Manager,4.0,150000.0,Product Manager Bachelor's 4.0 years experience Female 27.0 years old
26.0,Male,Bachelor's,Data Analyst,3.0,130000.0,Data Analyst Bachelor's 3.0 years experience Male 26.0 years old
29.0,Female,Master's,Data Scientist,6.0,180000.0,Data Scientist Master's 6.0 years experience Female 29.0 years old
32.0,Male,Bachelor's,Software Engineer,8.0,190000.0,Software Engineer Bachelor's 8.0 years experience Male 32.0 years old
33.0,Female,Master's,Product Manager,11.0,198000.0,Product Manager Master's 11.0 years experience Female 33.0 years old
25.0,Male,Bachelor's,Data Analyst,2.0,110000.0,Data Analyst Bachelor's 2.0 years experience Male 25.0 years old
30.0,Female,PhD,Data Scientist,7.0,185000.0,Data Scientist PhD 7.0 years experience Female 30.0 years old
27.0,Male,Bachelor's,Software Engineer,4.0,140000.0,Software Engineer Bachelor's 4.0 years experience Male 27.0 years old
34.0,Female,Master's,Product Manager,12.0,196000.0,Product Manager Master's 12.0 years experience Female 34.0 years old
31.0,Male,Bachelor's,Data Analyst,9.0,195000.0,Data Analyst Bachelor's 9.0 years experience Male 31.0 years old
28.0,Female,Bachelor's,Software Engineer,5.0,160000.0,Software Engineer Bachelor's 5.0 years experience Female 28.0 years old
26.0,Male,Bachelor's,Data Analyst,3.0,130000.0,Data Analyst Bachelor's 3.0 years experience Male 26.0 years old
29.0,Female,Master's,Data Scientist,6.0,180000.0,Data Scientist Master's 6.0 years experience Female 29.0 years old
32.0,Male,Bachelor's,Software Engineer,8.0,190000.0,Software Engineer Bachelor's 8.0 years experience Male 32.0 years old
33.0,Female,Master's,Product Manager,11.0,198000.0,Product Manager Master's 11.0 years experience Female 33.0 years old
24.0,Male,Bachelor's,Data Analyst,1.0,90000.0,Data Analyst Bachelor's 1.0 years experience Male 24.0 years old
27.0,Male,Bachelor's,Software Engineer,4.0,140000.0,Software Engineer Bachelor's 4.0 years experience Male 27.0 years old
25.0,Female,Bachelor's,Data Analyst,2.0,110000.0,Data Analyst Bachelor's 2.0 years experience Female 25.0 years old
30.0,Female,PhD,Data Scientist,7.0,185000.0,Data Scientist PhD 7.0 years experience Female 30.0 years old
31.0,Male,Bachelor's,Data Analyst,9.0,195000.0,Data Analyst Bachelor's 9.0 years experience Male 31.0 years old
28.0,Female,Bachelor's,Software Engineer,5.0,160000.0,Software Engineer Bachelor's 5.0 years experience Female 28.0 years old
26.0,Male,Bachelor's,Data Analyst,3.0,130000.0,Data Analyst Bachelor's 3.0 years experience Male 26.0 years old
29.0,Female,Master's,Data Scientist,6.0,180000.0,Data Scientist Master's 6.0 years experience Female 29.0 years old
32.0,Male,Bachelor's,Software Engineer,8.0,190000.0,Software Engineer Bachelor's 8.0 years experience Male 32.0 years old
33.0,Female,Master's,Product Manager,11.0,198000.0,Product Manager Master's 11.0 years experience Female 33.0 years old
24.0,Male,Bachelor's,Data Analyst,1.0,90000.0,Data Analyst Bachelor's 1.0 years experience Male 24.0 years old
27.0,Male,Bachelor's,Software Engineer,4.0,140000.0,Software Engineer Bachelor's 4.0 years experience Male 27.0 years old
25.0,Female,Bachelor's,Data Analyst,2.0,110000.0,Data Analyst Bachelor's 2.0 years experience Female 25.0 years old
30.0,Female,PhD,Data Scientist,7.0,185000.0,Data Scientist PhD 7.0 years experience Female 30.0 years old
31.0,Male,Bachelor's,Data Analyst,9.0,195000.0,Data Analyst Bachelor's 9.0 years experience Male 31.0 years old
28.0,Female,Bachelor's,Software Engineer,5.0,160000.0,Software Engineer Bachelor's 5.0 years experience Female 28.0 years old
26.0,Male,Bachelor's,Data Analyst,3.0,130000.0,Data Analyst Bachelor's 3.0 years experience Male 26.0 years old
29.0,Female,Master's,Data Scientist,6.0,180000.0,Data Scientist Master's 6.0 years experience Female 29.0 years old
32.0,Male,Bachelor's,Software Engineer,8.0,190000.0,Software Engineer Bachelor's 8.0 years experience Male 32.0 years old
33.0,Female,Master's,Product Manager,11.0,198000.0,Product Manager Master's 11.0 years experience Female 33.0 years old
24.0,Male,Bachelor's,Data Analyst,1.0,90000.0,Data Analyst Bachelor's 1.0 years experience Male 24.0 years old
27.0,Male,Bachelor's,Software Engineer,4.0,140000.0,Software Engineer Bachelor's 4.0 years experience Male 27.0 years old
23.0,Male,Bachelor's,Data Analyst,1.0,90000.0,Data Analyst Bachelor's 1.0 years experience Male 23.0 years old
27.0,Female,Master's,Data Scientist,4.0,150000.0,Data Scientist Master's 4.0 years experience Female 27.0 years old
32.0,Male,Bachelor's,Software Engineer,8.0,190000.0,Software Engineer Bachelor's 8.0 years experience Male 32.0 years old
24.0,Female,Bachelor's,Product Manager,3.0,125000.0,Product Manager Bachelor's 3.0 years experience Female 24.0 years old
25.0,Male,Bachelor's,Data Analyst,2.0,110000.0,Data Analyst Bachelor's 2.0 years experience Male 25.0 years old
31.0,Male,Master's,Data Scientist,7.0,180000.0,Data Scientist Master's 7.0 years experience Male 31.0 years old
28.0,Male,Bachelor's,Software Engineer,5.0,160000.0,Software Engineer Bachelor's 5.0 years experience Male 28.0 years old
33.0,Female,Master's,Product Manager,10.0,195000.0,Product Manager Master's 10.0 years experience Female 33.0 years old
26.0,Male,Bachelor's,Data Analyst,3.0,130000.0,Data Analyst Bachelor's 3.0 years experience Male 26.0 years old
30.0,Female,PhD,Data Scientist,6.0,170000.0,Data Scientist PhD 6.0 years experience Female 30.0 years old
27.0,Male,Bachelor's,Software Engineer,4.0,140000.0,Software Engineer Bachelor's 4.0 years experience Male 27.0 years old
34.0,Female,Master's,Product Manager,11.0,196000.0,Product Manager Master's 11.0 years experience Female 34.0 years old
23.0,Male,Bachelor's,Data Analyst,1.0,92000.0,Data Analyst Bachelor's 1.0 years experience Male 23.0 years old
32.0,Female,PhD,Data Scientist,9.0,195000.0,Data Scientist PhD 9.0 years experience Female 32.0 years old
29.0,Male,Bachelor's,Software Engineer,6.0,170000.0,Software Engineer Bachelor's 6.0 years experience Male 29.0 years old
30.0,Female,Bachelor's,Product Manager,5.0,160000.0,Product Manager Bachelor's 5.0 years experience Female 30.0 years old
26.0,Male,Bachelor's,Data Analyst,3.0,135000.0,Data Analyst Bachelor's 3.0 years experience Male 26.0 years old
31.0,Female,Master's,Data Scientist,6.0,180000.0,Data Scientist Master's 6.0 years experience Female 31.0 years old
28.0,Male,Bachelor's,Software Engineer,5.0,165000.0,Software Engineer Bachelor's 5.0 years experience Male 28.0 years old
33.0,Female,Master's,Product Manager,11.0,198000.0,Product Manager Master's 11.0 years experience Female 33.0 years old
24.0,Male,Bachelor's,Data Analyst,1.0,95000.0,Data Analyst Bachelor's 1.0 years experience Male 24.0 years old
30.0,Female,PhD,Data Scientist,7.0,185000.0,Data Scientist PhD 7.0 years experience Female 30.0 years old
27.0,Male,Bachelor's,Software Engineer,4.0,140000.0,Software Engineer Bachelor's 4.0 years experience Male 27.0 years old
34.0,Female,Master's,Product Manager,12.0,196000.0,Product Manager Master's 12.0 years experience Female 34.0 years old
25.0,Male,Bachelor's,Data Analyst,2.0,115000.0,Data Analyst Bachelor's 2.0 years experience Male 25.0 years old
29.0,Female,Master's,Data Scientist,6.0,180000.0,Data Scientist Master's 6.0 years experience Female 29.0 years old
32.0,Male,Bachelor's,Software Engineer,8.0,190000.0,Software Engineer Bachelor's 8.0 years experience Male 32.0 years old
27.0,Female,Bachelor's,Product Manager,4.0,150000.0,Product Manager Bachelor's 4.0 years experience Female 27.0 years old
31.0,Male,Bachelor's,Data Analyst,9.0,195000.0,Data Analyst Bachelor's 9.0 years experience Male 31.0 years old
28.0,Female,Bachelor's,Software Engineer,5.0,160000.0,Software Engineer Bachelor's 5.0 years experience Female 28.0 years old
33.0,Male,Master's,Product Manager,11.0,198000.0,Product Manager Master's 11.0 years experience Male 33.0 years old
26.0,Female,Bachelor's,Data Analyst,3.0,130000.0,Data Analyst Bachelor's 3.0 years experience Female 26.0 years old
30.0,Male,PhD,Data Scientist,7.0,185000.0,Data Scientist PhD 7.0 years experience Male 30.0 years old
27.0,Female,Bachelor's,Software Engineer,4.0,140000.0,Software Engineer Bachelor's 4.0 years experience Female 27.0 years old
34.0,Male,Master's,Product Manager,12.0,196000.0,Product Manager Master's 12.0 years experience Male 34.0 years old
25.0,Female,Bachelor's,Data Analyst,2.0,110000.0,Data Analyst Bachelor's 2.0 years experience Female 25.0 years old
32.0,Male,Bachelor's,Software Engineer,8.0,190000.0,Software Engineer Bachelor's 8.0 years experience Male 32.0 years old
29.0,Female,Master's,Data Scientist,6.0,180000.0,Data Scientist Master's 6.0 years experience Female 29.0 years old
30.0,Male,Bachelor's,Data Analyst,5.0,160000.0,Data Analyst Bachelor's 5.0 years experience Male 30.0 years old
33.0,Female,Master's,Product Manager,11.0,198000.0,Product Manager Master's 11.0 years experience Female 33.0 years old
24.0,Male,Bachelor's,Data Analyst,1.0,90000.0,Data Analyst Bachelor's 1.0 years experience Male 24.0 years old
31.0,Female,PhD,Data Scientist,9.0,195000.0,Data Scientist PhD 9.0 years experience Female 31.0 years old
28.0,Male,Bachelor's,Software Engineer,5.0,160000.0,Software Engineer Bachelor's 5.0 years experience Male 28.0 years old
27.0,Female,Bachelor's,Product Manager,4.0,150000.0,Product Manager Bachelor's 4.0 years experience Female 27.0 years old
26.0,Male,Bachelor's,Data Analyst,3.0,130000.0,Data Analyst Bachelor's 3.0 years experience Male 26.0 years old
29.0,Female,Master's,Data Scientist,6.0,180000.0,Data Scientist Master's 6.0 years experience Female 29.0 years old
32.0,Male,Bachelor's,Software Engineer,8.0,190000.0,Software Engineer Bachelor's 8.0 years experience Male 32.0 years old
33.0,Female,Master's,Product Manager,11.0,198000.0,Product Manager Master's 11.0 years experience Female 33.0 years old
25.0,Male,Bachelor's,Data Analyst,2.0,110000.0,Data Analyst Bachelor's 2.0 years experience Male 25.0 years old
30.0,Female,PhD,Data Scientist,7.0,185000.0,Data Scientist PhD 7.0 years experience Female 30.0 years old
27.0,Male,Bachelor's,Software Engineer,4.0,140000.0,Software Engineer Bachelor's 4.0 years experience Male 27.0 years old
34.0,Female,Master's,Product Manager,12.0,196000.0,Product Manager Master's 12.0 years experience Female 34.0 years old
31.0,Male,Bachelor's,Data Analyst,9.0,195000.0,Data Analyst Bachelor's 9.0 years experience Male 31.0 years old
28.0,Female,Bachelor's,Software Engineer,5.0,160000.0,Software Engineer Bachelor's 5.0 years experience Female 28.0 years old
26.0,Male,Bachelor's,Data Analyst,3.0,130000.0,Data Analyst Bachelor's 3.0 years experience Male 26.0 years old
29.0,Female,Master's,Data Scientist,6.0,180000.0,Data Scientist Master's 6.0 years experience Female 29.0 years old
32.0,Male,Bachelor's,Software Engineer,8.0,190000.0,Software Engineer Bachelor's 8.0 years experience Male 32.0 years old
33.0,Female,Master's,Product Manager,11.0,198000.0,Product Manager Master's 11.0 years experience Female 33.0 years old
24.0,Male,Bachelor's,Data Analyst,1.0,90000.0,Data Analyst Bachelor's 1.0 years experience Male 24.0 years old
27.0,Male,Bachelor's,Software Engineer,4.0,140000.0,Software Engineer Bachelor's 4.0 years experience Male 27.0 years old
25.0,Female,Bachelor's,Data Analyst,2.0,110000.0,Data Analyst Bachelor's 2.0 years experience Female 25.0 years old
30.0,Female,PhD,Data Scientist,7.0,185000.0,Data Scientist PhD 7.0 years experience Female 30.0 years old
31.0,Male,Bachelor's,Data Analyst,9.0,195000.0,Data Analyst Bachelor's 9.0 years experience Male 31.0 years old
28.0,Female,Bachelor's,Software Engineer,5.0,160000.0,Software Engineer Bachelor's 5.0 years experience Female 28.0 years old
26.0,Male,Bachelor's,Data Analyst,3.0,130000.0,Data Analyst Bachelor's 3.0 years experience Male 26.0 years old
29.0,Female,Master's,Data Scientist,6.0,180000.0,Data Scientist Master's 6.0 years experience Female 29.0 years old
32.0,Male,Bachelor's,Software Engineer,8.0,190000.0,Software Engineer Bachelor's 8.0 years experience Male 32.0 years old
33.0,Female,Master's,Product Manager,11.0,198000.0,Product Manager Master's 11.0 years experience Female 33.0 years old
24.0,Male,Bachelor's,Data Analyst,1.0,90000.0,Data Analyst Bachelor's 1.0 years experience Male 24.0 years old
27.0,Male,Bachelor's,Software Engineer,4.0,140000.0,Software Engineer Bachelor's 4.0 years experience Male 27.0 years old
25.0,Female,Bachelor's,Data Analyst,2.0,110000.0,Data Analyst Bachelor's 2.0 years experience Female 25.0 years old
30.0,Female,PhD,Data Scientist,7.0,185000.0,Data Scientist PhD 7.0 years experience Female 30.0 years old
31.0,Male,Bachelor's,Data Analyst,9.0,195000.0,Data Analyst Bachelor's 9.0 years experience Male 31.0 years old
28.0,Female,Bachelor's,Software Engineer,5.0,160000.0,Software Engineer Bachelor's 5.0 years experience Female 28.0 years old
26.0,Male,Bachelor's,Data Analyst,3.0,130000.0,Data Analyst Bachelor's 3.0 years experience Male 26.0 years old
29.0,Female,Master's,Data Scientist,6.0,180000.0,Data Scientist Master's 6.0 years experience Female 29.0 years old
32.0,Male,Bachelor's,Software Engineer,8.0,190000.0,Software Engineer Bachelor's 8.0 years experience Male 32.0 years old
33.0,Female,Master's,Product Manager,11.0,198000.0,Product Manager Master's 11.0 years experience Female 33.0 years old
24.0,Male,Bachelor's,Data Analyst,1.0,90000.0,Data Analyst Bachelor's 1.0 years experience Male 24.0 years old
27.0,Male,Bachelor's,Software Engineer,4.0,140000.0,Software Engineer Bachelor's 4.0 years experience Male 27.0 years old
25.0,Female,Bachelor's,Data Analyst,2.0,110000.0,Data Analyst Bachelor's 2.0 years experience Female 25.0 years old
30.0,Female,PhD,Data Scientist,7.0,185000.0,Data Scientist PhD 7.0 years experience Female 30.0 years old
31.0,Male,Bachelor's,Data Analyst,9.0,195000.0,Data Analyst Bachelor's 9.0 years experience Male 31.0 years old
28.0,Female,Bachelor's,Software Engineer,5.0,160000.0,Software Engineer Bachelor's 5.0 years experience Female 28.0 years old
26.0,Male,Bachelor's,Data Analyst,3.0,130000.0,Data Analyst Bachelor's 3.0 years experience Male 26.0 years old
29.0,Female,Master's,Data Scientist,6.0,180000.0,Data Scientist Master's 6.0 years experience Female 29.0 years old
32.0,Male,Bachelor's,Software Engineer,8.0,190000.0,Software Engineer Bachelor's 8.0 years experience Male 32.0 years old
33.0,Female,Master's,Product Manager,11.0,198000.0,Product Manager Master's 11.0 years experience Female 33.0 years old
24.0,Male,Bachelor's,Data Analyst,1.0,90000.0,Data Analyst Bachelor's 1.0 years experience Male 24.0 years old
27.0,Male,Bachelor's,Software Engineer,4.0,140000.0,Software Engineer Bachelor's 4.0 years experience Male 27.0 years old
25.0,Female,Bachelor's,Data Analyst,2.0,110000.0,Data Analyst Bachelor's 2.0 years experience Female 25.0 years old
30.0,Female,PhD,Data Scientist,7.0,185000.0,Data Scientist PhD 7.0 years experience Female 30.0 years old
31.0,Male,Bachelor's,Data Analyst,9.0,195000.0,Data Analyst Bachelor's 9.0 years experience Male 31.0 years old
28.0,Female,Bachelor's,Software Engineer,5.0,160000.0,Software Engineer Bachelor's 5.0 years experience Female 28.0 years old
26.0,Male,Bachelor's,Data Analyst,3.0,130000.0,Data Analyst Bachelor's 3.0 years experience Male 26.0 years old
29.0,Female,Master's,Data Scientist,6.0,180000.0,Data Scientist Master's 6.0 years experience Female 29.0 years old
32.0,Male,Bachelor's,Software Engineer,8.0,190000.0,Software Engineer Bachelor's 8.0 years experience Male 32.0 years old
33.0,Female,Master's,Product Manager,11.0,198000.0,Product Manager Master's 11.0 years experience Female 33.0 years old
24.0,Male,Bachelor's,Data Analyst,1.0,90000.0,Data Analyst Bachelor's 1.0 years experience Male 24.0 years old
27.0,Male,Bachelor's,Software Engineer,4.0,140000.0,Software Engineer Bachelor's 4.0 years experience Male 27.0 years old
25.0,Female,Bachelor's,Data Analyst,2.0,110000.0,Data Analyst Bachelor's 2.0 years experience Female 25.0 years old
30.0,Female,PhD,Data Scientist,7.0,185000.0,Data Scientist PhD 7.0 years experience Female 30.0 years old
31.0,Male,Bachelor's,Data Analyst,9.0,195000.0,Data Analyst Bachelor's 9.0 years experience Male 31.0 years old
28.0,Female,Bachelor's,Software Engineer,5.0,160000.0,Software Engineer Bachelor's 5.0 years experience Female 28.0 years old
26.0,Male,Bachelor's,Data Analyst,3.0,130000.0,Data Analyst Bachelor's 3.0 years experience Male 26.0 years old
29.0,Female,Master's,Data Scientist,6.0,180000.0,Data Scientist Master's 6.0 years experience Female 29.0 years old
32.0,Male,Bachelor's,Software Engineer,8.0,190000.0,Software Engineer Bachelor's 8.0 years experience Male 32.0 years old
33.0,Female,Master's,Product Manager,11.0,198000.0,Product Manager Master's 11.0 years experience Female 33.0 years old
24.0,Male,Bachelor's,Data Analyst,1.0,90000.0,Data Analyst Bachelor's 1.0 years experience Male 24.0 years old
27.0,Male,Bachelor's,Software Engineer,4.0,140000.0,Software Engineer Bachelor's 4.0 years experience Male 27.0 years old
25.0,Female,Bachelor's,Data Analyst,2.0,110000.0,Data Analyst Bachelor's 2.0 years experience Female 25.0 years old
30.0,Female,PhD,Data Scientist,7.0,185000.0,Data Scientist PhD 7.0 years experience Female 30.0 years old
31.0,Male,Bachelor's,Data Analyst,9.0,195000.0,Data Analyst Bachelor's 9.0 years experience Male 31.0 years old
28.0,Female,Bachelor's,Software Engineer,5.0,160000.0,Software Engineer Bachelor's 5.0 years experience Female 28.0 years old
26.0,Male,Bachelor's,Data Analyst,3.0,130000.0,Data Analyst Bachelor's 3.0 years experience Male 26.0 years old
29.0,Female,Master's,Data Scientist,6.0,180000.0,Data Scientist Master's 6.0 years experience Female 29.0 years old
32.0,Male,Bachelor's,Software Engineer,8.0,190000.0,Software Engineer Bachelor's 8.0 years experience Male 32.0 years old
33.0,Female,Master's,Product Manager,11.0,198000.0,Product Manager Master's 11.0 years experience Female 33.0 years old
24.0,Male,Bachelor's,Data Analyst,1.0,90000.0,Data Analyst Bachelor's 1.0 years experience Male 24.0 years old
27.0,Male,Bachelor's,Software Engineer,4.0,140000.0,Software Engineer Bachelor's 4.0 years experience Male 27.0 years old
25.0,Female,Bachelor's,Data Analyst,2.0,110000.0,Data Analyst Bachelor's 2.0 years experience Female 25.0 years old
30.0,Female,PhD,Data Scientist,7.0,185000.0,Data Scientist PhD 7.0 years experience Female 30.0 years old
31.0,Male,Bachelor's,Data Analyst,9.0,195000.0,Data Analyst Bachelor's 9.0 years experience Male 31.0 years old
28.0,Female,Bachelor's,Software Engineer,5.0,160000.0,Software Engineer Bachelor's 5.0 years experience Female 28.0 years old
26.0,Male,Bachelor's,Data Analyst,3.0,130000.0,Data Analyst Bachelor's 3.0 years experience Male 26.0 years old
29.0,Female,Master's,Data Scientist,6.0,180000.0,Data Scientist Master's 6.0 years experience Female 29.0 years old
32.0,Male,Bachelor's,Software Engineer,8.0,190000.0,Software Engineer Bachelor's 8.0 years experience Male 32.0 years old
33.0,Female,Master's,Product Manager,11.0,198000.0,Product Manager Master's 11.0 years experience Female 33.0 years old
24.0,Male,Bachelor's,Data Analyst,1.0,90000.0,Data Analyst Bachelor's 1.0 years experience Male 24.0 years old
27.0,Male,Bachelor's,Software Engineer,4.0,140000.0,Software Engineer Bachelor's 4.0 years experience Male 27.0 years old
25.0,Female,Bachelor's,Data Analyst,2.0,110000.0,Data Analyst Bachelor's 2.0 years experience Female 25.0 years old
30.0,Female,PhD,Data Scientist,7.0,185000.0,Data Scientist PhD 7.0 years experience Female 30.0 years old
31.0,Male,Bachelor's,Data Analyst,9.0,195000.0,Data Analyst Bachelor's 9.0 years experience Male 31.0 years old
28.0,Female,Bachelor's,Software Engineer,5.0,160000.0,Software Engineer Bachelor's 5.0 years experience Female 28.0 years old
25.0,Male,Bachelor's,Data Analyst,3.0,135000.0,Data Analyst Bachelor's 3.0 years experience Male 25.0 years old
32.0,Male,Bachelor's,Software Engineer,8.0,190000.0,Software Engineer Bachelor's 8.0 years experience Male 32.0 years old
29.0,Female,Master's,Data Scientist,6.0,180000.0,Data Scientist Master's 6.0 years experience Female 29.0 years old
30.0,Male,Bachelor's,Data Analyst,5.0,160000.0,Data Analyst Bachelor's 5.0 years experience Male 30.0 years old
24.0,Male,Bachelor's,Data Analyst,1.0,95000.0,Data Analyst Bachelor's 1.0 years experience Male 24.0 years old
33.0,Female,Master's,Product Manager,11.0,196000.0,Product Manager Master's 11.0 years experience Female 33.0 years old
27.0,Male,Bachelor's,Software Engineer,4.0,140000.0,Software Engineer Bachelor's 4.0 years experience Male 27.0 years old
26.0,Male,Bachelor's,Data Analyst,3.0,130000.0,Data Analyst Bachelor's 3.0 years experience Male 26.0 years old
30.0,Female,PhD,Data Scientist,7.0,185000.0,Data Scientist PhD 7.0 years experience Female 30.0 years old
31.0,Male,Bachelor's,Data Analyst,9.0,195000.0,Data Analyst Bachelor's 9.0 years experience Male 31.0 years old
28.0,Female,Bachelor's,Software Engineer,5.0,160000.0,Software Engineer Bachelor's 5.0 years experience Female 28.0 years old
26.0,Female,Bachelor's,Data Analyst,3.0,130000.0,Data Analyst Bachelor's 3.0 years experience Female 26.0 years old
30.0,Male,PhD,Data Scientist,7.0,185000.0,Data Scientist PhD 7.0 years experience Male 30.0 years old
27.0,Female,Bachelor's,Product Manager,4.0,150000.0,Product Manager Bachelor's 4.0 years experience Female 27.0 years old
24.0,Male,Bachelor's,Data Analyst,1.0,90000.0,Data Analyst Bachelor's 1.0 years experience Male 24.0 years old
33.0,Male,Master's,Product Manager,11.0,198000.0,Product Manager Master's 11.0 years experience Male 33.0 years old
25.0,Male,Bachelor's,Data Analyst,2.0,115000.0,Data Analyst Bachelor's 2.0 years experience Male 25.0 years old
28.0,Male,Bachelor's,Software Engineer,5.0,165000.0,Software Engineer Bachelor's 5.0 years experience Male 28.0 years old
26.0,Male,Bachelor's,Data Analyst,3.0,130000.0,Data Analyst Bachelor's 3.0 years experience Male 26.0 years old
29.0,Female,Master's,Data Scientist,6.0,180000.0,Data Scientist Master's 6.0 years experience Female 29.0 years old
32.0,Male,Bachelor's,Software Engineer,8.0,190000.0,Software Engineer Bachelor's 8.0 years experience Male 32.0 years old
33.0,Female,Master's,Product Manager,11.0,198000.0,Product Manager Master's 11.0 years experience Female 33.0 years old
27.0,Male,Bachelor's,Software Engineer,4.0,140000.0,Software Engineer Bachelor's 4.0 years experience Male 27.0 years old
31.0,Female,Master's,Data Scientist,6.0,180000.0,Data Scientist Master's 6.0 years experience Female 31.0 years old
30.0,Male,Bachelor's,Data Analyst,5.0,160000.0,Data Analyst Bachelor's 5.0 years experience Male 30.0 years old
24.0,Male,Bachelor's,Data Analyst,1.0,92000.0,Data Analyst Bachelor's 1.0 years experience Male 24.0 years old
28.0,Female,Bachelor's,Software Engineer,5.0,160000.0,Software Engineer Bachelor's 5.0 years experience Female 28.0 years old
26.0,Male,Bachelor's,Data Analyst,3.0,130000.0,Data Analyst Bachelor's 3.0 years experience Male 26.0 years old
32.0,Male,Bachelor's,Software Engineer,8.0,190000.0,Software Engineer Bachelor's 8.0 years experience Male 32.0 years old
33.0,Female,Master's,Product Manager,11.0,198000.0,Product Manager Master's 11.0 years experience Female 33.0 years old
25.0,Male,Bachelor's,Data Analyst,2.0,110000.0,Data Analyst Bachelor's 2.0 years experience Male 25.0 years old
30.0,Female,PhD,Data Scientist,7.0,185000.0,Data Scientist PhD 7.0 years experience Female 30.0 years old
27.0,Male,Bachelor's,Software Engineer,4.0,140000.0,Software Engineer Bachelor's 4.0 years experience Male 27.0 years old
34.0,Female,Master's,Product Manager,12.0,196000.0,Product Manager Master's 12.0 years experience Female 34.0 years old
31.0,Male,Bachelor's,Data Analyst,9.0,195000.0,Data Analyst Bachelor's 9.0 years experience Male 31.0 years old
28.0,Female,Bachelor's,Software Engineer,5.0,160000.0,Software Engineer Bachelor's 5.0 years experience Female 28.0 years old
26.0,Male,Bachelor's,Data Analyst,3.0,130000.0,Data Analyst Bachelor's 3.0 years experience Male 26.0 years old
29.0,Female,Master's,Data Scientist,6.0,180000.0,Data Scientist Master's 6.0 years experience Female 29.0 years old
32.0,Male,Bachelor's,Software Engineer,8.0,190000.0,Software Engineer Bachelor's 8.0 years experience Male 32.0 years old
33.0,Female,Master's,Product Manager,11.0,198000.0,Product Manager Master's 11.0 years experience Female 33.0 years old
24.0,Male,Bachelor's,Data Analyst,1.0,90000.0,Data Analyst Bachelor's 1.0 years experience Male 24.0 years old
27.0,Male,Bachelor's,Software Engineer,4.0,140000.0,Software Engineer Bachelor's 4.0 years experience Male 27.0 years old
25.0,Female,Bachelor's,Data Analyst,2.0,110000.0,Data Analyst Bachelor's 2.0 years experience Female 25.0 years old
30.0,Female,PhD,Data Scientist,7.0,185000.0,Data Scientist PhD 7.0 years experience Female 30.0 years old
31.0,Male,Bachelor's,Data Analyst,9.0,195000.0,Data Analyst Bachelor's 9.0 years experience Male 31.0 years old
28.0,Female,Bachelor's,Software Engineer,5.0,160000.0,Software Engineer Bachelor's 5.0 years experience Female 28.0 years old
26.0,Male,Bachelor's,Data Analyst,3.0,130000.0,Data Analyst Bachelor's 3.0 years experience Male 26.0 years old
29.0,Female,Master's,Data Scientist,6.0,180000.0,Data Scientist Master's 6.0 years experience Female 29.0 years old
32.0,Male,Bachelor's,Software Engineer,8.0,190000.0,Software Engineer Bachelor's 8.0 years experience Male 32.0 years old
33.0,Female,Master's,Product Manager,11.0,198000.0,Product Manager Master's 11.0 years experience Female 33.0 years old
24.0,Male,Bachelor's,Data Analyst,1.0,90000.0,Data Analyst Bachelor's 1.0 years experience Male 24.0 years old
27.0,Male,Bachelor's,Software Engineer,4.0,140000.0,Software Engineer Bachelor's 4.0 years experience Male 27.0 years old
25.0,Female,Bachelor's,Data Analyst,2.0,110000.0,Data Analyst Bachelor's 2.0 years experience Female 25.0 years old
30.0,Female,PhD,Data Scientist,7.0,185000.0,Data Scientist PhD 7.0 years experience Female 30.0 years old
31.0,Male,Bachelor's,Data Analyst,9.0,195000.0,Data Analyst Bachelor's 9.0 years experience Male 31.0 years old
28.0,Female,Bachelor's,Software Engineer,5.0,160000.0,Software Engineer Bachelor's 5.0 years experience Female 28.0 years old
26.0,Male,Bachelor's,Data Analyst,3.0,130000.0,Data Analyst Bachelor's 3.0 years experience Male 26.0 years old
29.0,Female,Master's,Data Scientist,6.0,180000.0,Data Scientist Master's 6.0 years experience Female 29.0 years old
32.0,Male,Bachelor's,Software Engineer,8.0,190000.0,Software Engineer Bachelor's 8.0 years experience Male 32.0 years old
33.0,Female,Master's,Product Manager,11.0,198000.0,Product Manager Master's 11.0 years experience Female 33.0 years old
24.0,Male,Bachelor's,Data Analyst,1.0,90000.0,Data Analyst Bachelor's 1.0 years experience Male 24.0 years old
27.0,Male,Bachelor's,Software Engineer,4.0,140000.0,Software Engineer Bachelor's 4.0 years experience Male 27.0 years old
25.0,Female,Bachelor's,Data Analyst,2.0,110000.0,Data Analyst Bachelor's 2.0 years experience Female 25.0 years old
30.0,Female,PhD,Data Scientist,7.0,185000.0,Data Scientist PhD 7.0 years experience Female 30.0 years old
31.0,Male,Bachelor's,Data Analyst,9.0,195000.0,Data Analyst Bachelor's 9.0 years experience Male 31.0 years old
28.0,Female,Bachelor's,Software Engineer,5.0,160000.0,Software Engineer Bachelor's 5.0 years experience Female 28.0 years old
26.0,Male,Bachelor's,Data Analyst,3.0,130000.0,Data Analyst Bachelor's 3.0 years experience Male 26.0 years old
29.0,Female,Master's,Data Scientist,6.0,180000.0,Data Scientist Master's 6.0 years experience Female 29.0 years old
32.0,Male,Bachelor's,Software Engineer,8.0,190000.0,Software Engineer Bachelor's 8.0 years experience Male 32.0 years old
33.0,Female,Master's,Product Manager,11.0,198000.0,Product Manager Master's 11.0 years experience Female 33.0 years old
24.0,Male,Bachelor's,Data Analyst,1.0,90000.0,Data Analyst Bachelor's 1.0 years experience Male 24.0 years old
27.0,Male,Bachelor's,Software Engineer,4.0,140000.0,Software Engineer Bachelor's 4.0 years experience Male 27.0 years old
25.0,Female,Bachelor's,Data Analyst,2.0,110000.0,Data Analyst Bachelor's 2.0 years experience Female 25.0 years old
30.0,Female,PhD,Data Scientist,7.0,185000.0,Data Scientist PhD 7.0 years experience Female 30.0 years old
31.0,Male,Bachelor's,Data Analyst,9.0,195000.0,Data Analyst Bachelor's 9.0 years experience Male 31.0 years old
28.0,Female,Bachelor's,Software Engineer,5.0,160000.0,Software Engineer Bachelor's 5.0 years experience Female 28.0 years old
26.0,Male,Bachelor's,Data Analyst,3.0,130000.0,Data Analyst Bachelor's 3.0 years experience Male 26.0 years old
29.0,Female,Master's,Data Scientist,6.0,180000.0,Data Scientist Master's 6.0 years experience Female 29.0 years old
32.0,Male,Bachelor's,Software Engineer,8.0,190000.0,Software Engineer Bachelor's 8.0 years experience Male 32.0 years old
33.0,Female,Master's,Product Manager,11.0,198000.0,Product Manager Master's 11.0 years experience Female 33.0 years old
24.0,Male,Bachelor's,Data Analyst,1.0,90000.0,Data Analyst Bachelor's 1.0 years experience Male 24.0 years old
27.0,Male,Bachelor's,Software Engineer,4.0,140000.0,Software Engineer Bachelor's 4.0 years experience Male 27.0 years old
25.0,Female,Bachelor's,Data Analyst,2.0,110000.0,Data Analyst Bachelor's 2.0 years experience Female 25.0 years old
30.0,Female,PhD,Data Scientist,7.0,185000.0,Data Scientist PhD 7.0 years experience Female 30.0 years old
31.0,Male,Bachelor's,Data Analyst,9.0,195000.0,Data Analyst Bachelor's 9.0 years experience Male 31.0 years old
28.0,Female,Bachelor's,Software Engineer,5.0,160000.0,Software Engineer Bachelor's 5.0 years experience Female 28.0 years old
26.0,Male,Bachelor's,Data Analyst,3.0,130000.0,Data Analyst Bachelor's 3.0 years experience Male 26.0 years old
29.0,Female,Master's,Data Scientist,6.0,180000.0,Data Scientist Master's 6.0 years experience Female 29.0 years old
32.0,Male,Bachelor's,Software Engineer,8.0,190000.0,Software Engineer Bachelor's 8.0 years experience Male 32.0 years old
33.0,Female,Master's,Product Manager,11.0,198000.0,Product Manager Master's 11.0 years experience Female 33.0 years old
24.0,Male,Bachelor's,Data Analyst,1.0,90000.0,Data Analyst Bachelor's 1.0 years experience Male 24.0 years old
27.0,Male,Bachelor's,Software Engineer,4.0,140000.0,Software Engineer Bachelor's 4.0 years experience Male 27.0 years old
25.0,Female,Bachelor's,Data Analyst,2.0,110000.0,Data Analyst Bachelor's 2.0 years experience Female 25.0 years old
30.0,Female,PhD,Data Scientist,7.0,185000.0,Data Scientist PhD 7.0 years experience Female 30.0 years old
31.0,Male,Bachelor's,Data Analyst,9.0,195000.0,Data Analyst Bachelor's 9.0 years experience Male 31.0 years old
28.0,Female,Bachelor's,Software Engineer,5.0,160000.0,Software Engineer Bachelor's 5.0 years experience Female 28.0 years old
26.0,Male,Bachelor's,Data Analyst,3.0,130000.0,Data Analyst Bachelor's 3.0 years experience Male 26.0 years old
29.0,Female,Master's,Data Scientist,6.0,180000.0,Data Scientist Master's 6.0 years experience Female 29.0 years old
32.0,Male,Bachelor's,Software Engineer,8.0,190000.0,Software Engineer Bachelor's 8.0 years experience Male 32.0 years old
33.0,Female,Master's,Product Manager,11.0,198000.0,Product Manager Master's 11.0 years experience Female 33.0 years old
24.0,Male,Bachelor's,Data Analyst,1.0,90000.0,Data Analyst Bachelor's 1.0 years experience Male 24.0 years old
27.0,Male,Bachelor's,Software Engineer,4.0,140000.0,Software Engineer Bachelor's 4.0 years experience Male 27.0 years old
25.0,Female,Bachelor's,Data Analyst,2.0,110000.0,Data Analyst Bachelor's 2.0 years experience Female 25.0 years old
30.0,Female,PhD,Data Scientist,7.0,185000.0,Data Scientist PhD 7.0 years experience Female 30.0 years old
31.0,Male,Bachelor's,Data Analyst,9.0,195000.0,Data Analyst Bachelor's 9.0 years experience Male 31.0 years old
28.0,Female,Bachelor's,Software Engineer,5.0,160000.0,Software Engineer Bachelor's 5.0 years experience Female 28.0 years old
26.0,Male,Bachelor's,Data Analyst,3.0,130000.0,Data Analyst Bachelor's 3.0 years experience Male 26.0 years old
29.0,Female,Master's,Data Scientist,6.0,180000.0,Data Scientist Master's 6.0 years experience Female 29.0 years old
32.0,Male,Bachelor's,Software Engineer,8.0,190000.0,Software Engineer Bachelor's 8.0 years experience Male 32.0 years old
33.0,Female,Master's,Product Manager,11.0,198000.0,Product Manager Master's 11.0 years experience Female 33.0 years old
24.0,Male,Bachelor's,Data Analyst,1.0,90000.0,Data Analyst Bachelor's 1.0 years experience Male 24.0 years old
27.0,Male,Bachelor's,Software Engineer,4.0,140000.0,Software Engineer Bachelor's 4.0 years experience Male 27.0 years old
25.0,Female,Bachelor's,Data Analyst,2.0,110000.0,Data Analyst Bachelor's 2.0 years experience Female 25.0 years old
30.0,Female,PhD,Data Scientist,7.0,185000.0,Data Scientist PhD 7.0 years experience Female 30.0 years old
31.0,Male,Bachelor's,Data Analyst,9.0,195000.0,Data Analyst Bachelor's 9.0 years experience Male 31.0 years old
28.0,Female,Bachelor's,Software Engineer,5.0,160000.0,Software Engineer Bachelor's 5.0 years experience Female 28.0 years old
26.0,Male,Bachelor's,Data Analyst,3.0,130000.0,Data Analyst Bachelor's 3.0 years experience Male 26.0 years old
29.0,Female,Master's,Data Scientist,6.0,180000.0,Data Scientist Master's 6.0 years experience Female 29.0 years old
32.0,Male,Bachelor's,Software Engineer,8.0,190000.0,Software Engineer Bachelor's 8.0 years experience Male 32.0 years old
33.0,Female,Master's,Product Manager,11.0,198000.0,Product Manager Master's 11.0 years experience Female 33.0 years old
24.0,Male,Bachelor's,Data Analyst,1.0,90000.0,Data Analyst Bachelor's 1.0 years experience Male 24.0 years old
27.0,Male,Bachelor's,Software Engineer,4.0,140000.0,Software Engineer Bachelor's 4.0 years experience Male 27.0 years old
25.0,Female,Bachelor's,Data Analyst,2.0,110000.0,Data Analyst Bachelor's 2.0 years experience Female 25.0 years old
30.0,Female,PhD,Data Scientist,7.0,185000.0,Data Scientist PhD 7.0 years experience Female 30.0 years old
31.0,Male,Bachelor's,Data Analyst,9.0,195000.0,Data Analyst Bachelor's 9.0 years experience Male 31.0 years old
28.0,Female,Bachelor's,Software Engineer,5.0,160000.0,Software Engineer Bachelor's 5.0 years experience Female 28.0 years old
26.0,Male,Bachelor's,Data Analyst,3.0,130000.0,Data Analyst Bachelor's 3.0 years experience Male 26.0 years old
29.0,Female,Master's,Data Scientist,6.0,180000.0,Data Scientist Master's 6.0 years experience Female 29.0 years old
32.0,Male,Bachelor's,Software Engineer,8.0,190000.0,Software Engineer Bachelor's 8.0 years experience Male 32.0 years old
33.0,Female,Master's,Product Manager,11.0,198000.0,Product Manager Master's 11.0 years experience Female 33.0 years old
24.0,Male,Bachelor's,Data Analyst,1.0,90000.0,Data Analyst Bachelor's 1.0 years experience Male 24.0 years old
27.0,Male,Bachelor's,Software Engineer,4.0,140000.0,Software Engineer Bachelor's 4.0 years experience Male 27.0 years old
25.0,Female,Bachelor's,Data Analyst,2.0,110000.0,Data Analyst Bachelor's 2.0 years experience Female 25.0 years old
30.0,Female,PhD,Data Scientist,7.0,185000.0,Data Scientist PhD 7.0 years experience Female 30.0 years old
32.0,Male,Bachelor's Degree,Data Analyst,5.0,135000.0,Data Analyst Bachelor's Degree 5.0 years experience Male 32.0 years old
27.0,Female,Master's Degree,Data Scientist,3.0,180000.0,Data Scientist Master's Degree 3.0 years experience Female 27.0 years old
40.0,Male,Bachelor's Degree,Software Engineer,12.0,195000.0,Software Engineer Bachelor's Degree 12.0 years experience Male 40.0 years old
35.0,Female,Bachelor's Degree,Product Manager,8.0,165000.0,Product Manager Bachelor's Degree 8.0 years experience Female 35.0 years old
43.0,Male,Master's Degree,Data Scientist,15.0,198000.0,Data Scientist Master's Degree 15.0 years experience Male 43.0 years old
29.0,Female,Bachelor's Degree,Software Engineer,4.0,150000.0,Software Engineer Bachelor's Degree 4.0 years experience Female 29.0 years old
36.0,Male,Bachelor's Degree,Data Analyst,9.0,162000.0,Data Analyst Bachelor's Degree 9.0 years experience Male 36.0 years old
31.0,Male,Master's Degree,Data Scientist,6.0,175000.0,Data Scientist Master's Degree 6.0 years experience Male 31.0 years old
42.0,Female,Bachelor's Degree,Software Engineer,13.0,197000.0,Software Engineer Bachelor's Degree 13.0 years experience Female 42.0 years old
33.0,Male,Bachelor's Degree,Data Analyst,7.0,142000.0,Data Analyst Bachelor's Degree 7.0 years experience Male 33.0 years old
29.0,Female,Master's Degree,Data Scientist,4.0,182000.0,Data Scientist Master's Degree 4.0 years experience Female 29.0 years old
41.0,Male,Bachelor's Degree,Software Engineer,11.0,185000.0,Software Engineer Bachelor's Degree 11.0 years experience Male 41.0 years old
35.0,Female,Bachelor's Degree,Product Manager,8.0,170000.0,Product Manager Bachelor's Degree 8.0 years experience Female 35.0 years old
27.0,Male,Bachelor's,Software Engineer,4.0,160000.0,Software Engineer Bachelor's 4.0 years experience Male 27.0 years old
32.0,Male,Bachelor's,Data Scientist,8.0,180000.0,Data Scientist Bachelor's 8.0 years experience Male 32.0 years old
29.0,Female,Master's,Data Analyst,6.0,150000.0,Data Analyst Master's 6.0 years experience Female 29.0 years old
30.0,Male,Bachelor's,Data Analyst,5.0,140000.0,Data Analyst Bachelor's 5.0 years experience Male 30.0 years old
24.0,Male,Bachelor's,Data Analyst,2.0,100000.0,Data Analyst Bachelor's 2.0 years experience Male 24.0 years old
33.0,Female,Master's,Product Manager,11.0,190000.0,Product Manager Master's 11.0 years experience Female 33.0 years old
27.0,Male,Bachelor's,Software Engineer,4.0,160000.0,Software Engineer Bachelor's 4.0 years experience Male 27.0 years old
26.0,Male,Bachelor's,Data Analyst,3.0,120000.0,Data Analyst Bachelor's 3.0 years experience Male 26.0 years old
30.0,Female,PhD,Data Scientist,7.0,170000.0,Data Scientist PhD 7.0 years experience Female 30.0 years old
31.0,Male,Bachelor's,Data Analyst,9.0,190000.0,Data Analyst Bachelor's 9.0 years experience Male 31.0 years old
28.0,Female,Bachelor's,Software Engineer,5.0,150000.0,Software Engineer Bachelor's 5.0 years experience Female 28.0 years old
26.0,Female,Bachelor's,Data Analyst,3.0,120000.0,Data Analyst Bachelor's 3.0 years experience Female 26.0 years old
30.0,Male,PhD,Data Scientist,7.0,170000.0,Data Scientist PhD 7.0 years experience Male 30.0 years old
27.0,Female,Bachelor's,Product Manager,4.0,130000.0,Product Manager Bachelor's 4.0 years experience Female 27.0 years old
24.0,Male,Bachelor's,Data Analyst,2.0,95000.0,Data Analyst Bachelor's 2.0 years experience Male 24.0 years old
33.0,Male,Master's,Product Manager,11.0,195000.0,Product Manager Master's 11.0 years experience Male 33.0 years old
25.0,Male,Bachelor's,Data Analyst,2.0,100000.0,Data Analyst Bachelor's 2.0 years experience Male 25.0 years old
28.0,Male,Bachelor's,Software Engineer,5.0,150000.0,Software Engineer Bachelor's 5.0 years experience Male 28.0 years old
26.0,Male,Bachelor's,Data Analyst,3.0,120000.0,Data Analyst Bachelor's 3.0 years experience Male 26.0 years old
29.0,Female,Master's,Data Scientist,6.0,150000.0,Data Scientist Master's 6.0 years experience Female 29.0 years old
32.0,Male,Bachelor's,Data Scientist,8.0,180000.0,Data Scientist Bachelor's 8.0 years experience Male 32.0 years old
33.0,Female,Master's,Product Manager,11.0,195000.0,Product Manager Master's 11.0 years experience Female 33.0 years old
27.0,Male,Bachelor's,Software Engineer,4.0,160000.0,Software Engineer Bachelor's 4.0 years experience Male 27.0 years old
31.0,Female,Master's,Data Scientist,6.0,170000.0,Data Scientist Master's 6.0 years experience Female 31.0 years old
30.0,Male,Bachelor's,Data Analyst,5.0,140000.0,Data Analyst Bachelor's 5.0 years experience Male 30.0 years old
24.0,Male,Bachelor's,Data Analyst,2.0,95000.0,Data Analyst Bachelor's 2.0 years experience Male 24.0 years old
28.0,Female,Bachelor's,Software Engineer,5.0,150000.0,Software Engineer Bachelor's 5.0 years experience Female 28.0 years old
26.0,Male,Bachelor's,Data Analyst,3.0,120000.0,Data Analyst Bachelor's 3.0 years experience Male 26.0 years old
32.0,Male,Bachelor's,Software Engineer,8.0,180000.0,Software Engineer Bachelor's 8.0 years experience Male 32.0 years old
33.0,Female,Master's,Product Manager,11.0,195000.0,Product Manager Master's 11.0 years experience Female 33.0 years old
25.0,Male,Bachelor's,Data Analyst,2.0,100000.0,Data Analyst Bachelor's 2.0 years experience Male 25.0 years old
30.0,Female,PhD,Data Scientist,7.0,170000.0,Data Scientist PhD 7.0 years experience Female 30.0 years old
27.0,Male,Bachelor's,Software Engineer,4.0,160000.0,Software Engineer Bachelor's 4.0 years experience Male 27.0 years old
34.0,Female,Master's,Product Manager,12.0,190000.0,Product Manager Master's 12.0 years experience Female 34.0 years old
31.0,Male,Bachelor's,Data Analyst,9.0,190000.0,Data Analyst Bachelor's 9.0 years experience Male 31.0 years old
28.0,Female,Bachelor's,Software Engineer,5.0,150000.0,Software Engineer Bachelor's 5.0 years experience Female 28.0 years old
26.0,Male,Bachelor's,Data Analyst,3.0,120000.0,Data Analyst Bachelor's 3.0 years experience Male 26.0 years old
29.0,Female,Master's,Data Scientist,6.0,150000.0,Data Scientist Master's 6.0 years experience Female 29.0 years old
32.0,Male,Bachelor's,Software Engineer,8.0,180000.0,Software Engineer Bachelor's 8.0 years experience Male 32.0 years old
33.0,Female,Master's,Product Manager,11.0,195000.0,Product Manager Master's 11.0 years experience Female 33.0 years old
24.0,Male,Bachelor's,Data Analyst,2.0,95000.0,Data Analyst Bachelor's 2.0 years experience Male 24.0 years old
27.0,Male,Bachelor's,Software Engineer,4.0,160000.0,Software Engineer Bachelor's 4.0 years experience Male 27.0 years old
25.0,Female,Bachelor's,Data Analyst,2.0,100000.0,Data Analyst Bachelor's 2.0 years experience Female 25.0 years old
30.0,Female,PhD,Data Scientist,7.0,170000.0,Data Scientist PhD 7.0 years experience Female 30.0 years old
31.0,Male,Bachelor's,Data Analyst,9.0,190000.0,Data Analyst Bachelor's 9.0 years experience Male 31.0 years old
28.0,Female,Bachelor's,Software Engineer,5.0,150000.0,Software Engineer Bachelor's 5.0 years experience Female 28.0 years old
26.0,Male,Bachelor's,Data Analyst,3.0,120000.0,Data Analyst Bachelor's 3.0 years experience Male 26.0 years old
29.0,Female,Master's,Data Scientist,6.0,150000.0,Data Scientist Master's 6.0 years experience Female 29.0 years old
32.0,Male,Bachelor's,Software Engineer,8.0,180000.0,Software Engineer Bachelor's 8.0 years experience Male 32.0 years old
33.0,Female,Master's,Product Manager,11.0,195000.0,Product Manager Master's 11.0 years experience Female 33.0 years old
24.0,Male,Bachelor's,Data Analyst,2.0,95000.0,Data Analyst Bachelor's 2.0 years experience Male 24.0 years old
27.0,Male,Bachelor's,Software Engineer,4.0,160000.0,Software Engineer Bachelor's 4.0 years experience Male 27.0 years old
25.0,Female,Bachelor's,Data Analyst,2.0,100000.0,Data Analyst Bachelor's 2.0 years experience Female 25.0 years old
30.0,Female,PhD,Data Scientist,7.0,170000.0,Data Scientist PhD 7.0 years experience Female 30.0 years old
31.0,Male,Bachelor's,Data Analyst,9.0,190000.0,Data Analyst Bachelor's 9.0 years experience Male 31.0 years old
28.0,Female,Bachelor's,Software Engineer,5.0,150000.0,Software Engineer Bachelor's 5.0 years experience Female 28.0 years old
26.0,Male,Bachelor's,Data Analyst,3.0,120000.0,Data Analyst Bachelor's 3.0 years experience Male 26.0 years old
29.0,Female,Master's,Data Scientist,6.0,150000.0,Data Scientist Master's 6.0 years experience Female 29.0 years old
32.0,Male,Bachelor's,Software Engineer,8.0,180000.0,Software Engineer Bachelor's 8.0 years experience Male 32.0 years old
33.0,Female,Master's,Product Manager,11.0,195000.0,Product Manager Master's 11.0 years experience Female 33.0 years old
24.0,Male,Bachelor's,Data Analyst,2.0,95000.0,Data Analyst Bachelor's 2.0 years experience Male 24.0 years old
27.0,Male,Bachelor's,Software Engineer,4.0,160000.0,Software Engineer Bachelor's 4.0 years experience Male 27.0 years old
25.0,Female,Bachelor's,Data Analyst,2.0,100000.0,Data Analyst Bachelor's 2.0 years experience Female 25.0 years old
30.0,Female,PhD,Data Scientist,7.0,170000.0,Data Scientist PhD 7.0 years experience Female 30.0 years old
31.0,Male,Bachelor's,Data Analyst,9.0,190000.0,Data Analyst Bachelor's 9.0 years experience Male 31.0 years old
28.0,Female,Bachelor's,Software Engineer,5.0,150000.0,Software Engineer Bachelor's 5.0 years experience Female 28.0 years old
26.0,Male,Bachelor's,Data Analyst,3.0,120000.0,Data Analyst Bachelor's 3.0 years experience Male 26.0 years old
29.0,Female,Master's,Data Scientist,6.0,150000.0,Data Scientist Master's 6.0 years experience Female 29.0 years old
32.0,Male,Bachelor's,Software Engineer,8.0,180000.0,Software Engineer Bachelor's 8.0 years experience Male 32.0 years old
33.0,Female,Master's,Product Manager,11.0,195000.0,Product Manager Master's 11.0 years experience Female 33.0 years old
24.0,Male,Bachelor's,Data Analyst,2.0,95000.0,Data Analyst Bachelor's 2.0 years experience Male 24.0 years old
27.0,Male,Bachelor's,Software Engineer,4.0,160000.0,Software Engineer Bachelor's 4.0 years experience Male 27.0 years old
25.0,Female,Bachelor's,Data Analyst,2.0,100000.0,Data Analyst Bachelor's 2.0 years experience Female 25.0 years old
30.0,Female,PhD,Data Scientist,7.0,170000.0,Data Scientist PhD 7.0 years experience Female 30.0 years old
31.0,Male,Bachelor's,Data Analyst,9.0,190000.0,Data Analyst Bachelor's 9.0 years experience Male 31.0 years old
28.0,Female,Bachelor's,Software Engineer,5.0,150000.0,Software Engineer Bachelor's 5.0 years experience Female 28.0 years old
26.0,Male,Bachelor's,Data Analyst,3.0,120000.0,Data Analyst Bachelor's 3.0 years experience Male 26.0 years old
29.0,Female,Master's,Data Scientist,6.0,150000.0,Data Scientist Master's 6.0 years experience Female 29.0 years old
32.0,Male,Bachelor's,Software Engineer,8.0,180000.0,Software Engineer Bachelor's 8.0 years experience Male 32.0 years old
33.0,Female,Master's,Product Manager,11.0,195000.0,Product Manager Master's 11.0 years experience Female 33.0 years old
24.0,Male,Bachelor's,Data Analyst,2.0,95000.0,Data Analyst Bachelor's 2.0 years experience Male 24.0 years old
27.0,Male,Bachelor's,Software Engineer,4.0,160000.0,Software Engineer Bachelor's 4.0 years experience Male 27.0 years old
25.0,Female,Bachelor's,Data Analyst,2.0,100000.0,Data Analyst Bachelor's 2.0 years experience Female 25.0 years old
30.0,Female,PhD,Data Scientist,7.0,170000.0,Data Scientist PhD 7.0 years experience Female 30.0 years old
31.0,Male,Bachelor's,Data Analyst,9.0,190000.0,Data Analyst Bachelor's 9.0 years experience Male 31.0 years old
28.0,Female,Bachelor's,Software Engineer,5.0,150000.0,Software Engineer Bachelor's 5.0 years experience Female 28.0 years old
26.0,Male,Bachelor's,Data Analyst,3.0,120000.0,Data Analyst Bachelor's 3.0 years experience Male 26.0 years old
29.0,Female,Master's,Data Scientist,6.0,150000.0,Data Scientist Master's 6.0 years experience Female 29.0 years old
32.0,Male,Bachelor's,Software Engineer,8.0,180000.0,Software Engineer Bachelor's 8.0 years experience Male 32.0 years old
33.0,Female,Master's,Product Manager,11.0,195000.0,Product Manager Master's 11.0 years experience Female 33.0 years old
24.0,Male,Bachelor's,Data Analyst,2.0,95000.0,Data Analyst Bachelor's 2.0 years experience Male 24.0 years old
27.0,Male,Bachelor's,Software Engineer,4.0,160000.0,Software Engineer Bachelor's 4.0 years experience Male 27.0 years old
25.0,Female,Bachelor's,Data Analyst,2.0,100000.0,Data Analyst Bachelor's 2.0 years experience Female 25.0 years old
30.0,Female,PhD,Data Scientist,7.0,170000.0,Data Scientist PhD 7.0 years experience Female 30.0 years old
31.0,Male,Bachelor's,Data Analyst,9.0,190000.0,Data Analyst Bachelor's 9.0 years experience Male 31.0 years old
28.0,Female,Bachelor's,Software Engineer,5.0,150000.0,Software Engineer Bachelor's 5.0 years experience Female 28.0 years old
26.0,Male,Bachelor's,Data Analyst,3.0,120000.0,Data Analyst Bachelor's 3.0 years experience Male 26.0 years old
29.0,Female,Master's,Data Scientist,6.0,150000.0,Data Scientist Master's 6.0 years experience Female 29.0 years old
32.0,Male,Bachelor's,Software Engineer,8.0,180000.0,Software Engineer Bachelor's 8.0 years experience Male 32.0 years old
33.0,Female,Master's,Product Manager,11.0,195000.0,Product Manager Master's 11.0 years experience Female 33.0 years old
24.0,Male,Bachelor's,Data Analyst,2.0,95000.0,Data Analyst Bachelor's 2.0 years experience Male 24.0 years old
27.0,Male,Bachelor's,Software Engineer,4.0,160000.0,Software Engineer Bachelor's 4.0 years experience Male 27.0 years old
25.0,Female,Bachelor's,Data Analyst,2.0,100000.0,Data Analyst Bachelor's 2.0 years experience Female 25.0 years old
30.0,Female,PhD,Data Scientist,7.0,170000.0,Data Scientist PhD 7.0 years experience Female 30.0 years old
31.0,Male,Bachelor's,Data Analyst,9.0,190000.0,Data Analyst Bachelor's 9.0 years experience Male 31.0 years old
28.0,Female,Bachelor's,Software Engineer,5.0,150000.0,Software Engineer Bachelor's 5.0 years experience Female 28.0 years old
26.0,Male,Bachelor's,Data Analyst,3.0,120000.0,Data Analyst Bachelor's 3.0 years experience Male 26.0 years old
29.0,Female,Master's,Data Scientist,6.0,150000.0,Data Scientist Master's 6.0 years experience Female 29.0 years old
32.0,Male,Bachelor's,Software Engineer,8.0,180000.0,Software Engineer Bachelor's 8.0 years experience Male 32.0 years old
33.0,Female,Master's,Product Manager,11.0,195000.0,Product Manager Master's 11.0 years experience Female 33.0 years old
24.0,Male,Bachelor's,Data Analyst,2.0,95000.0,Data Analyst Bachelor's 2.0 years experience Male 24.0 years old
27.0,Male,Bachelor's,Software Engineer,4.0,160000.0,Software Engineer Bachelor's 4.0 years experience Male 27.0 years old
25.0,Female,Bachelor's,Data Analyst,2.0,100000.0,Data Analyst Bachelor's 2.0 years experience Female 25.0 years old
30.0,Female,PhD,Data Scientist,7.0,170000.0,Data Scientist PhD 7.0 years experience Female 30.0 years old
31.0,Male,Bachelor's,Data Analyst,9.0,190000.0,Data Analyst Bachelor's 9.0 years experience Male 31.0 years old
28.0,Female,Bachelor's,Software Engineer,5.0,150000.0,Software Engineer Bachelor's 5.0 years experience Female 28.0 years old
26.0,Male,Bachelor's,Data Analyst,3.0,120000.0,Data Analyst Bachelor's 3.0 years experience Male 26.0 years old
29.0,Female,Master's,Data Scientist,6.0,150000.0,Data Scientist Master's 6.0 years experience Female 29.0 years old
32.0,Male,Bachelor's,Software Engineer,8.0,180000.0,Software Engineer Bachelor's 8.0 years experience Male 32.0 years old
33.0,Female,Master's,Product Manager,11.0,195000.0,Product Manager Master's 11.0 years experience Female 33.0 years old
24.0,Male,Bachelor's,Data Analyst,2.0,95000.0,Data Analyst Bachelor's 2.0 years experience Male 24.0 years old
27.0,Male,Bachelor's,Software Engineer,4.0,160000.0,Software Engineer Bachelor's 4.0 years experience Male 27.0 years old
25.0,Female,Bachelor's,Data Analyst,2.0,100000.0,Data Analyst Bachelor's 2.0 years experience Female 25.0 years old
30.0,Female,PhD,Data Scientist,7.0,170000.0,Data Scientist PhD 7.0 years experience Female 30.0 years old
31.0,Male,Bachelor's,Data Analyst,9.0,190000.0,Data Analyst Bachelor's 9.0 years experience Male 31.0 years old
28.0,Female,Bachelor's,Software Engineer,5.0,150000.0,Software Engineer Bachelor's 5.0 years experience Female 28.0 years old
26.0,Male,Bachelor's,Data Analyst,3.0,120000.0,Data Analyst Bachelor's 3.0 years experience Male 26.0 years old
29.0,Female,Master's,Data Scientist,6.0,150000.0,Data Scientist Master's 6.0 years experience Female 29.0 years old
32.0,Male,Bachelor's,Software Engineer,8.0,180000.0,Software Engineer Bachelor's 8.0 years experience Male 32.0 years old
33.0,Female,Master's,Product Manager,11.0,195000.0,Product Manager Master's 11.0 years experience Female 33.0 years old
24.0,Male,Bachelor's,Data Analyst,2.0,95000.0,Data Analyst Bachelor's 2.0 years experience Male 24.0 years old
27.0,Male,Bachelor's,Software Engineer,4.0,160000.0,Software Engineer Bachelor's 4.0 years experience Male 27.0 years old
25.0,Female,Bachelor's,Data Analyst,2.0,100000.0,Data Analyst Bachelor's 2.0 years experience Female 25.0 years old
30.0,Female,PhD,Data Scientist,7.0,170000.0,Data Scientist PhD 7.0 years experience Female 30.0 years old
29.0,Male,Bachelor's,Software Engineer,7.0,180000.0,Software Engineer Bachelor's 7.0 years experience Male 29.0 years old
27.0,Female,Bachelor's,Data Analyst,5.0,120000.0,Data Analyst Bachelor's 5.0 years experience Female 27.0 years old
33.0,Male,Master's,Data Scientist,10.0,195000.0,Data Scientist Master's 10.0 years experience Male 33.0 years old
28.0,Male,Bachelor's,Software Engineer,4.0,160000.0,Software Engineer Bachelor's 4.0 years experience Male 28.0 years old
26.0,Female,Bachelor's,Data Analyst,3.0,100000.0,Data Analyst Bachelor's 3.0 years experience Female 26.0 years old
31.0,Male,Bachelor's,Product Manager,8.0,190000.0,Product Manager Bachelor's 8.0 years experience Male 31.0 years old
30.0,Male,Master's,Software Engineer,6.0,170000.0,Software Engineer Master's 6.0 years experience Male 30.0 years old
32.0,Female,Bachelor's,Data Scientist,9.0,185000.0,Data Scientist Bachelor's 9.0 years experience Female 32.0 years old
29.0,Male,Bachelor's,Data Analyst,7.0,130000.0,Data Analyst Bachelor's 7.0 years experience Male 29.0 years old
35.0,Female,Bachelor's,Product Manager,12.0,190000.0,Product Manager Bachelor's 12.0 years experience Female 35.0 years old
27.0,Male,Bachelor's,Software Engineer,5.0,150000.0,Software Engineer Bachelor's 5.0 years experience Male 27.0 years old
28.0,Female,Master's,Data Scientist,6.0,150000.0,Data Scientist Master's 6.0 years experience Female 28.0 years old
37.0,Male,PhD,Product Manager,14.0,195000.0,Product Manager PhD 14.0 years experience Male 37.0 years old
26.0,Male,Bachelor's,Data Analyst,3.0,110000.0,Data Analyst Bachelor's 3.0 years experience Male 26.0 years old
30.0,Female,Bachelor's,Software Engineer,8.0,180000.0,Software Engineer Bachelor's 8.0 years experience Female 30.0 years old
31.0,Male,Master's,Data Scientist,9.0,185000.0,Data Scientist Master's 9.0 years experience Male 31.0 years old
29.0,Female,Bachelor's,Data Analyst,7.0,130000.0,Data Analyst Bachelor's 7.0 years experience Female 29.0 years old
32.0,Male,Bachelor's,Software Engineer,10.0,190000.0,Software Engineer Bachelor's 10.0 years experience Male 32.0 years old
28.0,Female,Master's,Data Scientist,6.0,155000.0,Data Scientist Master's 6.0 years experience Female 28.0 years old
34.0,Male,Bachelor's,Software Engineer,12.0,195000.0,Software Engineer Bachelor's 12.0 years experience Male 34.0 years old
25.0,Female,Bachelor's,Data Analyst,2.0,90000.0,Data Analyst Bachelor's 2.0 years experience Female 25.0 years old
30.0,Male,Bachelor's,Product Manager,8.0,185000.0,Product Manager Bachelor's 8.0 years experience Male 30.0 years old
29.0,Female,Bachelor's,Data Analyst,6.0,120000.0,Data Analyst Bachelor's 6.0 years experience Female 29.0 years old
31.0,Male,Bachelor's,Software Engineer,9.0,180000.0,Software Engineer Bachelor's 9.0 years experience Male 31.0 years old
26.0,Female,Bachelor's,Data Analyst,3.0,100000.0,Data Analyst Bachelor's 3.0 years experience Female 26.0 years old
33.0,Male,Master's,Data Scientist,10.0,195000.0,Data Scientist Master's 10.0 years experience Male 33.0 years old
28.0,Male,Bachelor's,Software Engineer,4.0,160000.0,Software Engineer Bachelor's 4.0 years experience Male 28.0 years old
27.0,Female,Bachelor's,Data Analyst,5.0,125000.0,Data Analyst Bachelor's 5.0 years experience Female 27.0 years old
30.0,Male,Master's,Software Engineer,6.0,170000.0,Software Engineer Master's 6.0 years experience Male 30.0 years old
32.0,Female,Bachelor's,Data Scientist,9.0,185000.0,Data Scientist Bachelor's 9.0 years experience Female 32.0 years old
29.0,Male,Bachelor's,Data Analyst,7.0,130000.0,Data Analyst Bachelor's 7.0 years experience Male 29.0 years old
35.0,Female,Bachelor's,Product Manager,12.0,190000.0,Product Manager Bachelor's 12.0 years experience Female 35.0 years old
27.0,Male,Bachelor's,Software Engineer,5.0,150000.0,Software Engineer Bachelor's 5.0 years experience Male 27.0 years old
28.0,Female,Master's,Data Scientist,6.0,150000.0,Data Scientist Master's 6.0 years experience Female 28.0 years old
37.0,Male,PhD,Product Manager,14.0,195000.0,Product Manager PhD 14.0 years experience Male 37.0 years old
26.0,Male,Bachelor's,Data Analyst,3.0,110000.0,Data Analyst Bachelor's 3.0 years experience Male 26.0 years old
30.0,Female,Bachelor's,Software Engineer,8.0,180000.0,Software Engineer Bachelor's 8.0 years experience Female 30.0 years old
31.0,Male,Master's,Data Scientist,9.0,185000.0,Data Scientist Master's 9.0 years experience Male 31.0 years old
29.0,Female,Bachelor's,Data Analyst,7.0,130000.0,Data Analyst Bachelor's 7.0 years experience Female 29.0 years old
32.0,Male,Bachelor's,Software Engineer,10.0,190000.0,Software Engineer Bachelor's 10.0 years experience Male 32.0 years old
28.0,Female,Master's,Data Scientist,6.0,155000.0,Data Scientist Master's 6.0 years experience Female 28.0 years old
34.0,Male,Bachelor's,Software Engineer,12.0,195000.0,Software Engineer Bachelor's 12.0 years experience Male 34.0 years old
25.0,Female,Bachelor's,Data Analyst,2.0,90000.0,Data Analyst Bachelor's 2.0 years experience Female 25.0 years old
30.0,Male,Bachelor's,Product Manager,8.0,185000.0,Product Manager Bachelor's 8.0 years experience Male 30.0 years old
29.0,Female,Bachelor's,Data Analyst,6.0,120000.0,Data Analyst Bachelor's 6.0 years experience Female 29.0 years old
31.0,Male,Bachelor's,Software Engineer,9.0,180000.0,Software Engineer Bachelor's 9.0 years experience Male 31.0 years old
26.0,Female,Bachelor's,Data Analyst,3.0,100000.0,Data Analyst Bachelor's 3.0 years experience Female 26.0 years old
33.0,Male,Master's,Data Scientist,10.0,195000.0,Data Scientist Master's 10.0 years experience Male 33.0 years old
28.0,Male,Bachelor's,Software Engineer,4.0,160000.0,Software Engineer Bachelor's 4.0 years experience Male 28.0 years old
27.0,Female,Bachelor's,Data Analyst,5.0,125000.0,Data Analyst Bachelor's 5.0 years experience Female 27.0 years old
30.0,Male,Master's,Software Engineer,6.0,170000.0,Software Engineer Master's 6.0 years experience Male 30.0 years old
32.0,Female,Bachelor's,Data Scientist,9.0,185000.0,Data Scientist Bachelor's 9.0 years experience Female 32.0 years old
29.0,Male,Bachelor's,Data Analyst,7.0,130000.0,Data Analyst Bachelor's 7.0 years experience Male 29.0 years old
35.0,Female,Bachelor's,Product Manager,12.0,190000.0,Product Manager Bachelor's 12.0 years experience Female 35.0 years old
27.0,Male,Bachelor's,Software Engineer,5.0,150000.0,Software Engineer Bachelor's 5.0 years experience Male 27.0 years old
28.0,Female,Master's,Data Scientist,6.0,150000.0,Data Scientist Master's 6.0 years experience Female 28.0 years old
37.0,Male,PhD,Product Manager,14.0,195000.0,Product Manager PhD 14.0 years experience Male 37.0 years old
26.0,Male,Bachelor's,Data Analyst,3.0,110000.0,Data Analyst Bachelor's 3.0 years experience Male 26.0 years old
30.0,Female,Bachelor's,Software Engineer,8.0,180000.0,Software Engineer Bachelor's 8.0 years experience Female 30.0 years old
31.0,Male,Master's,Data Scientist,9.0,185000.0,Data Scientist Master's 9.0 years experience Male 31.0 years old
29.0,Female,Bachelor's,Data Analyst,7.0,130000.0,Data Analyst Bachelor's 7.0 years experience Female 29.0 years old
32.0,Male,Bachelor's,Software Engineer,10.0,190000.0,Software Engineer Bachelor's 10.0 years experience Male 32.0 years old
28.0,Female,Master's,Data Scientist,6.0,155000.0,Data Scientist Master's 6.0 years experience Female 28.0 years old
34.0,Male,Bachelor's,Software Engineer,12.0,195000.0,Software Engineer Bachelor's 12.0 years experience Male 34.0 years old
25.0,Female,Bachelor's,Data Analyst,2.0,90000.0,Data Analyst Bachelor's 2.0 years experience Female 25.0 years old
30.0,Male,Bachelor's,Product Manager,8.0,185000.0,Product Manager Bachelor's 8.0 years experience Male 30.0 years old
29.0,Female,Bachelor's,Data Analyst,6.0,120000.0,Data Analyst Bachelor's 6.0 years experience Female 29.0 years old
31.0,Male,Bachelor's,Software Engineer,9.0,180000.0,Software Engineer Bachelor's 9.0 years experience Male 31.0 years old
26.0,Female,Bachelor's,Data Analyst,3.0,100000.0,Data Analyst Bachelor's 3.0 years experience Female 26.0 years old
33.0,Male,Master's,Data Scientist,10.0,195000.0,Data Scientist Master's 10.0 years experience Male 33.0 years old
28.0,Male,Bachelor's,Software Engineer,4.0,160000.0,Software Engineer Bachelor's 4.0 years experience Male 28.0 years old
27.0,Female,Bachelor's,Data Analyst,5.0,125000.0,Data Analyst Bachelor's 5.0 years experience Female 27.0 years old
30.0,Male,Master's,Software Engineer,6.0,170000.0,Software Engineer Master's 6.0 years experience Male 30.0 years old
32.0,Female,Bachelor's,Data Scientist,9.0,185000.0,Data Scientist Bachelor's 9.0 years experience Female 32.0 years old
29.0,Male,Bachelor's,Data Analyst,7.0,130000.0,Data Analyst Bachelor's 7.0 years experience Male 29.0 years old
35.0,Female,Bachelor's,Product Manager,12.0,190000.0,Product Manager Bachelor's 12.0 years experience Female 35.0 years old
27.0,Male,Bachelor's,Software Engineer,5.0,150000.0,Software Engineer Bachelor's 5.0 years experience Male 27.0 years old
28.0,Female,Master's,Data Scientist,6.0,150000.0,Data Scientist Master's 6.0 years experience Female 28.0 years old
37.0,Male,PhD,Product Manager,14.0,195000.0,Product Manager PhD 14.0 years experience Male 37.0 years old
26.0,Male,Bachelor's,Data Analyst,3.0,110000.0,Data Analyst Bachelor's 3.0 years experience Male 26.0 years old
30.0,Female,Bachelor's,Software Engineer,8.0,180000.0,Software Engineer Bachelor's 8.0 years experience Female 30.0 years old
31.0,Male,Master's,Data Scientist,9.0,185000.0,Data Scientist Master's 9.0 years experience Male 31.0 years old
29.0,Female,Bachelor's,Data Analyst,7.0,130000.0,Data Analyst Bachelor's 7.0 years experience Female 29.0 years old
32.0,Male,Bachelor's,Software Engineer,10.0,190000.0,Software Engineer Bachelor's 10.0 years experience Male 32.0 years old
28.0,Female,Master's,Data Scientist,6.0,155000.0,Data Scientist Master's 6.0 years experience Female 28.0 years old
34.0,Male,Bachelor's,Software Engineer,12.0,195000.0,Software Engineer Bachelor's 12.0 years experience Male 34.0 years old
25.0,Female,Bachelor's,Data Analyst,2.0,90000.0,Data Analyst Bachelor's 2.0 years experience Female 25.0 years old
30.0,Male,Bachelor's,Product Manager,8.0,185000.0,Product Manager Bachelor's 8.0 years experience Male 30.0 years old
29.0,Female,Bachelor's,Data Analyst,6.0,120000.0,Data Analyst Bachelor's 6.0 years experience Female 29.0 years old
31.0,Male,Bachelor's,Software Engineer,9.0,180000.0,Software Engineer Bachelor's 9.0 years experience Male 31.0 years old
26.0,Female,Bachelor's,Data Analyst,3.0,100000.0,Data Analyst Bachelor's 3.0 years experience Female 26.0 years old
33.0,Male,Master's,Data Scientist,10.0,195000.0,Data Scientist Master's 10.0 years experience Male 33.0 years old
28.0,Male,Bachelor's,Software Engineer,4.0,160000.0,Software Engineer Bachelor's 4.0 years experience Male 28.0 years old
27.0,Female,Bachelor's,Data Analyst,5.0,125000.0,Data Analyst Bachelor's 5.0 years experience Female 27.0 years old
30.0,Male,Master's,Software Engineer,6.0,170000.0,Software Engineer Master's 6.0 years experience Male 30.0 years old
32.0,Female,Bachelor's,Data Scientist,9.0,185000.0,Data Scientist Bachelor's 9.0 years experience Female 32.0 years old
29.0,Male,Bachelor's,Data Analyst,7.0,130000.0,Data Analyst Bachelor's 7.0 years experience Male 29.0 years old
35.0,Female,Bachelor's,Product Manager,12.0,190000.0,Product Manager Bachelor's 12.0 years experience Female 35.0 years old
27.0,Male,Bachelor's,Software Engineer,5.0,150000.0,Software Engineer Bachelor's 5.0 years experience Male 27.0 years old
28.0,Female,Master's,Data Scientist,6.0,150000.0,Data Scientist Master's 6.0 years experience Female 28.0 years old
37.0,Male,PhD,Product Manager,14.0,195000.0,Product Manager PhD 14.0 years experience Male 37.0 years old
26.0,Male,Bachelor's,Data Analyst,3.0,110000.0,Data Analyst Bachelor's 3.0 years experience Male 26.0 years old
30.0,Female,Bachelor's,Software Engineer,8.0,180000.0,Software Engineer Bachelor's 8.0 years experience Female 30.0 years old
31.0,Male,Master's,Data Scientist,9.0,185000.0,Data Scientist Master's 9.0 years experience Male 31.0 years old
29.0,Female,Bachelor's,Data Analyst,7.0,130000.0,Data Analyst Bachelor's 7.0 years experience Female 29.0 years old
32.0,Male,Bachelor's,Software Engineer,10.0,190000.0,Software Engineer Bachelor's 10.0 years experience Male 32.0 years old
28.0,Female,Master's,Data Scientist,6.0,155000.0,Data Scientist Master's 6.0 years experience Female 28.0 years old
34.0,Male,Bachelor's,Software Engineer,12.0,195000.0,Software Engineer Bachelor's 12.0 years experience Male 34.0 years old
25.0,Female,Bachelor's,Data Analyst,2.0,90000.0,Data Analyst Bachelor's 2.0 years experience Female 25.0 years old
30.0,Male,Bachelor's,Product Manager,8.0,185000.0,Product Manager Bachelor's 8.0 years experience Male 30.0 years old
28.0,Male,Bachelor's Degree,Senior Software Engineer,7.0,175000.0,Senior Software Engineer Bachelor's Degree 7.0 years experience Male 28.0 years old
44.0,Male,PhD,Software Engineer Manager,18.0,190000.0,Software Engineer Manager PhD 18.0 years experience Male 44.0 years old
33.0,Female,Master's Degree,Back end Developer,5.0,110000.0,Back end Developer Master's Degree 5.0 years experience Female 33.0 years old
50.0,Male,PhD,Senior Project Engineer,16.0,195000.0,Senior Project Engineer PhD 16.0 years experience Male 50.0 years old
27.0,Female,Master's Degree,Full Stack Engineer,3.0,100000.0,Full Stack Engineer Master's Degree 3.0 years experience Female 27.0 years old
25.0,Male,Bachelor's Degree,Front end Developer,1.0,60000.0,Front end Developer Bachelor's Degree 1.0 years experience Male 25.0 years old
35.0,Male,Master's Degree,Senior Software Engineer,8.0,155000.0,Senior Software Engineer Master's Degree 8.0 years experience Male 35.0 years old
47.0,Female,PhD,Full Stack Engineer,12.0,175000.0,Full Stack Engineer PhD 12.0 years experience Female 47.0 years old
46.0,Female,Master's Degree,Senior Project Engineer,13.0,180000.0,Senior Project Engineer Master's Degree 13.0 years experience Female 46.0 years old
32.0,Male,Bachelor's Degree,Back end Developer,4.0,95000.0,Back end Developer Bachelor's Degree 4.0 years experience Male 32.0 years old
61.0,Male,PhD,Software Engineer Manager,20.0,200000.0,Software Engineer Manager PhD 20.0 years experience Male 61.0 years old
41.0,Male,Master's Degree,Senior Software Engineer,11.0,165000.0,Senior Software Engineer Master's Degree 11.0 years experience Male 41.0 years old
37.0,Male,Master's Degree,Senior Project Engineer,9.0,145000.0,Senior Project Engineer Master's Degree 9.0 years experience Male 37.0 years old
53.0,Male,PhD,Software Engineer Manager,19.0,195000.0,Software Engineer Manager PhD 19.0 years experience Male 53.0 years old
30.0,Female,Bachelor's Degree,Front end Developer,2.0,75000.0,Front end Developer Bachelor's Degree 2.0 years experience Female 30.0 years old
26.0,Female,Master's Degree,Back end Developer,3.0,90000.0,Back end Developer Master's Degree 3.0 years experience Female 26.0 years old
37.0,Female,Master's Degree,Senior Software Engineer,9.0,155000.0,Senior Software Engineer Master's Degree 9.0 years experience Female 37.0 years old
32.0,Male,Bachelor's Degree,Full Stack Engineer,5.0,115000.0,Full Stack Engineer Bachelor's Degree 5.0 years experience Male 32.0 years old
44.0,Female,Master's Degree,Senior Software Engineer,12.0,170000.0,Senior Software Engineer Master's Degree 12.0 years experience Female 44.0 years old
50.0,Female,PhD,Software Engineer Manager,16.0,190000.0,Software Engineer Manager PhD 16.0 years experience Female 50.0 years old
27.0,Male,Bachelor's Degree,Senior Project Engineer,4.0,115000.0,Senior Project Engineer Bachelor's Degree 4.0 years experience Male 27.0 years old
42.0,Male,PhD,Full Stack Engineer,14.0,180000.0,Full Stack Engineer PhD 14.0 years experience Male 42.0 years old
57.0,Male,PhD,Software Engineer Manager,18.0,195000.0,Software Engineer Manager PhD 18.0 years experience Male 57.0 years old
35.0,Male,Master's Degree,Senior Software Engineer,7.0,140000.0,Senior Software Engineer Master's Degree 7.0 years experience Male 35.0 years old
62.0,Male,PhD,Software Engineer Manager,19.0,200000.0,Software Engineer Manager PhD 19.0 years experience Male 62.0 years old
26.0,Female,Master's Degree,Back end Developer,2.0,70000.0,Back end Developer Master's Degree 2.0 years experience Female 26.0 years old
42.0,Female,Master's Degree,Senior Project Engineer,11.0,170000.0,Senior Project Engineer Master's Degree 11.0 years experience Female 42.0 years old
41.0,Female,PhD,Software Engineer Manager,14.0,185000.0,Software Engineer Manager PhD 14.0 years experience Female 41.0 years old
36.0,Female,Master's Degree,Full Stack Engineer,8.0,140000.0,Full Stack Engineer Master's Degree 8.0 years experience Female 36.0 years old
49.0,Male,PhD,Software Engineer Manager,15.0,185000.0,Software Engineer Manager PhD 15.0 years experience Male 49.0 years old
49.0,Male,PhD,Senior Project Engineer,15.0,185000.0,Senior Project Engineer PhD 15.0 years experience Male 49.0 years old
47.0,Male,PhD,Software Engineer Manager,15.0,180000.0,Software Engineer Manager PhD 15.0 years experience Male 47.0 years old
47.0,Male,PhD,Senior Software Engineer,14.0,175000.0,Senior Software Engineer PhD 14.0 years experience Male 47.0 years old
26.0,Male,Bachelor's Degree,Front end Developer,2.0,70000.0,Front end Developer Bachelor's Degree 2.0 years experience Male 26.0 years old
24.0,Female,Bachelor's Degree,Back end Developer,1.0,60000.0,Back end Developer Bachelor's Degree 1.0 years experience Female 24.0 years old
62.0,Male,PhD,Software Engineer Manager,20.0,200000.0,Software Engineer Manager PhD 20.0 years experience Male 62.0 years old
42.0,Male,PhD,Senior Software Engineer,14.0,170000.0,Senior Software Engineer PhD 14.0 years experience Male 42.0 years old
41.0,Female,Master's Degree,Senior Project Engineer,11.0,165000.0,Senior Project Engineer Master's Degree 11.0 years experience Female 41.0 years old
23.0,Male,Bachelor's Degree,Full Stack Engineer,1.0,55000.0,Full Stack Engineer Bachelor's Degree 1.0 years experience Male 23.0 years old
55.0,Male,PhD,Software Engineer Manager,17.0,190000.0,Software Engineer Manager PhD 17.0 years experience Male 55.0 years old
26.0,Female,Master's Degree,Back end Developer,3.0,90000.0,Back end Developer Master's Degree 3.0 years experience Female 26.0 years old
33.0,Female,Bachelor's Degree,Front end Developer,5.0,105000.0,Front end Developer Bachelor's Degree 5.0 years experience Female 33.0 years old
31.0,Male,Master's Degree,Full Stack Engineer,6.0,130000.0,Full Stack Engineer Master's Degree 6.0 years experience Male 31.0 years old
50.0,Female,PhD,Software Engineer Manager,16.0,185000.0,Software Engineer Manager PhD 16.0 years experience Female 50.0 years old
24.0,Female,Master's Degree,Back end Developer,1.0,60000.0,Back end Developer Master's Degree 1.0 years experience Female 24.0 years old
56.0,Male,PhD,Software Engineer Manager,17.0,195000.0,Software Engineer Manager PhD 17.0 years experience Male 56.0 years old
24.0,Male,Bachelor's Degree,Front end Developer,1.0,60000.0,Front end Developer Bachelor's Degree 1.0 years experience Male 24.0 years old
37.0,Male,Master's Degree,Senior Software Engineer,8.0,150000.0,Senior Software Engineer Master's Degree 8.0 years experience Male 37.0 years old
43.0,Female,PhD,Senior Project Engineer,13.0,180000.0,Senior Project Engineer PhD 13.0 years experience Female 43.0 years old
44.0,Female,Master's Degree,Senior Software Engineer,12.0,170000.0,Senior Software Engineer Master's Degree 12.0 years experience Female 44.0 years old
34.0,Male,Master's Degree,Back end Developer,6.0,125000.0,Back end Developer Master's Degree 6.0 years experience Male 34.0 years old
45.0,Male,PhD,Software Engineer Manager,15.0,185000.0,Software Engineer Manager PhD 15.0 years experience Male 45.0 years old
29.0,Male,Bachelor's Degree,Full Stack Engineer,3.0,90000.0,Full Stack Engineer Bachelor's Degree 3.0 years experience Male 29.0 years old
29.0,Male,Bachelor's Degree,Front end Developer,3.0,80000.0,Front end Developer Bachelor's Degree 3.0 years experience Male 29.0 years old
29.0,Female,Bachelor's Degree,Back end Developer,3.0,85000.0,Back end Developer Bachelor's Degree 3.0 years experience Female 29.0 years old
48.0,Male,PhD,Senior Project Engineer,16.0,190000.0,Senior Project Engineer PhD 16.0 years experience Male 48.0 years old
43.0,Female,Master's Degree,Software Engineer Manager,11.0,160000.0,Software Engineer Manager Master's Degree 11.0 years experience Female 43.0 years old
62.0,Male,PhD,Software Engineer Manager,19.0,200000.0,Software Engineer Manager PhD 19.0 years experience Male 62.0 years old
54.0,Male,PhD,Software Engineer Manager,17.0,195000.0,Software Engineer Manager PhD 17.0 years experience Male 54.0 years old
60.0,Male,PhD,Software Engineer Manager,18.0,195000.0,Software Engineer Manager PhD 18.0 years experience Male 60.0 years old
54.0,Female,PhD,Software Engineer Manager,14.0,190000.0,Software Engineer Manager PhD 14.0 years experience Female 54.0 years old
27.0,Female,Master's Degree,Full Stack Engineer,3.0,95000.0,Full Stack Engineer Master's Degree 3.0 years experience Female 27.0 years old
23.0,Male,Bachelor's Degree,Back end Developer,1.0,55000.0,Back end Developer Bachelor's Degree 1.0 years experience Male 23.0 years old
45.0,Male,PhD,Senior Software Engineer,13.0,185000.0,Senior Software Engineer PhD 13.0 years experience Male 45.0 years old
32.0,Female,Master's Degree,Full Stack Engineer,5.0,120000.0,Full Stack Engineer Master's Degree 5.0 years experience Female 32.0 years old
57.0,Male,PhD,Software Engineer Manager,16.0,195000.0,Software Engineer Manager PhD 16.0 years experience Male 57.0 years old
47.0,Male,PhD,Software Engineer Manager,14.0,175000.0,Software Engineer Manager PhD 14.0 years experience Male 47.0 years old
25.0,Female,Master's Degree,Back end Developer,2.0,75000.0,Back end Developer Master's Degree 2.0 years experience Female 25.0 years old
58.0,Male,PhD,Software Engineer Manager,17.0,200000.0,Software Engineer Manager PhD 17.0 years experience Male 58.0 years old
41.0,Female,Master's Degree,Senior Software Engineer,12.0,160000.0,Senior Software Engineer Master's Degree 12.0 years experience Female 41.0 years old
41.0,Male,PhD,Software Engineer Manager,12.0,175000.0,Software Engineer Manager PhD 12.0 years experience Male 41.0 years old
26.0,Male,Bachelor's Degree,Front end Developer,2.0,70000.0,Front end Developer Bachelor's Degree 2.0 years experience Male 26.0 years old
47.0,Male,PhD,Senior Software Engineer,15.0,180000.0,Senior Software Engineer PhD 15.0 years experience Male 47.0 years old
24.0,Female,Bachelor's Degree,Back end Developer,1.0,60000.0,Back end Developer Bachelor's Degree 1.0 years experience Female 24.0 years old
48.0,Male,PhD,Senior Project Engineer,16.0,190000.0,Senior Project Engineer PhD 16.0 years experience Male 48.0 years old
32.0,Male,Bachelor's Degree,Full Stack Engineer,5.0,120000.0,Full Stack Engineer Bachelor's Degree 5.0 years experience Male 32.0 years old
61.0,Male,PhD,Software Engineer Manager,20.0,200000.0,Software Engineer Manager PhD 20.0 years experience Male 61.0 years old
45.0,Male,PhD,Senior Project Engineer,14.0,185000.0,Senior Project Engineer PhD 14.0 years experience Male 45.0 years old
50.0,Female,PhD,Software Engineer Manager,16.0,190000.0,Software Engineer Manager PhD 16.0 years experience Female 50.0 years old
53.0,Male,PhD,Software Engineer Manager,18.0,195000.0,Software Engineer Manager PhD 18.0 years experience Male 53.0 years old
47.0,Female,PhD,Senior Software Engineer,14.0,170000.0,Senior Software Engineer PhD 14.0 years experience Female 47.0 years old
23.0,Male,Bachelor's Degree,Front end Developer,1.0,55000.0,Front end Developer Bachelor's Degree 1.0 years experience Male 23.0 years old
33.0,Male,Master's Degree,Back end Developer,6.0,130000.0,Back end Developer Master's Degree 6.0 years experience Male 33.0 years old
42.0,Male,PhD,Software Engineer Manager,14.0,180000.0,Software Engineer Manager PhD 14.0 years experience Male 42.0 years old
45.0,Male,PhD,Senior Project Engineer,14.0,185000.0,Senior Project Engineer PhD 14.0 years experience Male 45.0 years old
23.0,Male,Bachelor's Degree,Front end Developer,1.0,55000.0,Front end Developer Bachelor's Degree 1.0 years experience Male 23.0 years old
37.0,Male,Master's Degree,Senior Software Engineer,9.0,145000.0,Senior Software Engineer Master's Degree 9.0 years experience Male 37.0 years old
44.0,Female,Master's Degree,Senior Project Engineer,12.0,170000.0,Senior Project Engineer Master's Degree 12.0 years experience Female 44.0 years old
54.0,Male,PhD,Software Engineer Manager,17.0,195000.0,Software Engineer Manager PhD 17.0 years experience Male 54.0 years old
38.0,Female,Master's Degree,Back end Developer,10.0,155000.0,Back end Developer Master's Degree 10.0 years experience Female 38.0 years old
34.0,Male,Master's Degree,Full Stack Engineer,6.0,125000.0,Full Stack Engineer Master's Degree 6.0 years experience Male 34.0 years old
46.0,Female,PhD,Software Engineer Manager,14.0,180000.0,Software Engineer Manager PhD 14.0 years experience Female 46.0 years old
30.0,Male,Bachelor's Degree,Back end Developer,4.0,95000.0,Back end Developer Bachelor's Degree 4.0 years experience Male 30.0 years old
44.0,Female,Master's Degree,Senior Software Engineer,11.0,170000.0,Senior Software Engineer Master's Degree 11.0 years experience Female 44.0 years old
27.0,Female,Master's Degree,Full Stack Engineer,3.0,100000.0,Full Stack Engineer Master's Degree 3.0 years experience Female 27.0 years old
42.0,Male,PhD,Senior Project Engineer,14.0,175000.0,Senior Project Engineer PhD 14.0 years experience Male 42.0 years old
27.0,Male,Bachelor's Degree,Front end Developer,3.0,80000.0,Front end Developer Bachelor's Degree 3.0 years experience Male 27.0 years old
54.0,Male,PhD,Software Engineer Manager,18.0,195000.0,Software Engineer Manager PhD 18.0 years experience Male 54.0 years old
38.0,Male,Master's Degree,Senior Software Engineer,10.0,155000.0,Senior Software Engineer Master's Degree 10.0 years experience Male 38.0 years old
31.0,Male,Master's Degree,Senior Project Engineer,6.0,125000.0,Senior Project Engineer Master's Degree 6.0 years experience Male 31.0 years old
28.0,Female,Master's Degree,Full Stack Engineer,4.0,110000.0,Full Stack Engineer Master's Degree 4.0 years experience Female 28.0 years old
30.0,Female,Master's Degree,Back end Developer,6.0,130000.0,Back end Developer Master's Degree 6.0 years experience Female 30.0 years old
54.0,Male,PhD,Software Engineer Manager,16.0,190000.0,Software Engineer Manager PhD 16.0 years experience Male 54.0 years old
62.0,Male,PhD,Software Engineer Manager,20.0,200000.0,Software Engineer Manager PhD 20.0 years experience Male 62.0 years old
62.0,Male,PhD,Software Engineer Manager,19.0,200000.0,Software Engineer Manager PhD 19.0 years experience Male 62.0 years old
37.0,Male,Master's Degree,Senior Software Engineer,9.0,150000.0,Senior Software Engineer Master's Degree 9.0 years experience Male 37.0 years old
31.0,Male,Master's Degree,Senior Software Engineer,7.0,140000.0,Senior Software Engineer Master's Degree 7.0 years experience Male 31.0 years old
58.0,Female,PhD,Software Engineer Manager,17.0,195000.0,Software Engineer Manager PhD 17.0 years experience Female 58.0 years old
56.0,Male,PhD,Software Engineer Manager,17.0,195000.0,Software Engineer Manager PhD 17.0 years experience Male 56.0 years old
23.0,Female,Bachelor's Degree,Back end Developer,1.0,55000.0,Back end Developer Bachelor's Degree 1.0 years experience Female 23.0 years old
49.0,Male,PhD,Software Engineer Manager,15.0,185000.0,Software Engineer Manager PhD 15.0 years experience Male 49.0 years old
32.0,Female,Master's Degree,Full Stack Engineer,5.0,120000.0,Full Stack Engineer Master's Degree 5.0 years experience Female 32.0 years old
52.0,Female,PhD,Software Engineer Manager,16.0,190000.0,Software Engineer Manager PhD 16.0 years experience Female 52.0 years old
32.0,Female,Master's Degree,Full Stack Engineer,6.0,130000.0,Full Stack Engineer Master's Degree 6.0 years experience Female 32.0 years old
50.0,Female,PhD,Software Engineer Manager,16.0,190000.0,Software Engineer Manager PhD 16.0 years experience Female 50.0 years old
32.0,Male,Master's Degree,Back end Developer,6.0,130000.0,Back end Developer Master's Degree 6.0 years experience Male 32.0 years old
34.0,Male,Master's Degree,Full Stack Engineer,7.0,140000.0,Full Stack Engineer Master's Degree 7.0 years experience Male 34.0 years old
28.0,Male,Bachelor's Degree,Front end Developer,2.0,70000.0,Front end Developer Bachelor's Degree 2.0 years experience Male 28.0 years old
44.0,Male,Master's Degree,Senior Project Engineer,11.0,170000.0,Senior Project Engineer Master's Degree 11.0 years experience Male 44.0 years old
55.0,Male,PhD,Software Engineer Manager,17.0,190000.0,Software Engineer Manager PhD 17.0 years experience Male 55.0 years old
27.0,Male,Bachelor's Degree,Front end Developer,3.0,80000.0,Front end Developer Bachelor's Degree 3.0 years experience Male 27.0 years old
46.0,Male,PhD,Software Engineer Manager,14.0,180000.0,Software Engineer Manager PhD 14.0 years experience Male 46.0 years old
27.0,Female,Master's Degree,Back end Developer,2.0,70000.0,Back end Developer Master's Degree 2.0 years experience Female 27.0 years old
45.0,Male,PhD,Senior Project Engineer,14.0,185000.0,Senior Project Engineer PhD 14.0 years experience Male 45.0 years old
23.0,Female,Bachelor's Degree,Front end Developer,1.0,55000.0,Front end Developer Bachelor's Degree 1.0 years experience Female 23.0 years old
36.0,Female,Master's Degree,Full Stack Engineer,8.0,140000.0,Full Stack Engineer Master's Degree 8.0 years experience Female 36.0 years old
47.0,Female,PhD,Senior Software Engineer,14.0,170000.0,Senior Software Engineer PhD 14.0 years experience Female 47.0 years old
33.0,Male,Master's Degree,Back end Developer,6.0,130000.0,Back end Developer Master's Degree 6.0 years experience Male 33.0 years old
43.0,Male,PhD,Software Engineer Manager,13.0,180000.0,Software Engineer Manager PhD 13.0 years experience Male 43.0 years old
30.0,Male,Bachelor's Degree,Back end Developer,4.0,95000.0,Back end Developer Bachelor's Degree 4.0 years experience Male 30.0 years old
28.0,Female,Bachelor's Degree,Front end Developer,2.0,70000.0,Front end Developer Bachelor's Degree 2.0 years experience Female 28.0 years old
43.0,Male,Master's Degree,Senior Project Engineer,12.0,165000.0,Senior Project Engineer Master's Degree 12.0 years experience Male 43.0 years old
43.0,Male,PhD,Senior Project Engineer,13.0,185000.0,Senior Project Engineer PhD 13.0 years experience Male 43.0 years old
36.0,Male,Master's Degree,Senior Software Engineer,7.0,140000.0,Senior Software Engineer Master's Degree 7.0 years experience Male 36.0 years old
24.0,Male,Bachelor's Degree,Front end Developer,1.0,60000.0,Front end Developer Bachelor's Degree 1.0 years experience Male 24.0 years old
28.0,Female,Bachelor's Degree,Front end Developer,3.0,80000.0,Front end Developer Bachelor's Degree 3.0 years experience Female 28.0 years old
37.0,Male,Master's Degree,Senior Software Engineer,9.0,150000.0,Senior Software Engineer Master's Degree 9.0 years experience Male 37.0 years old
41.0,Female,PhD,Software Engineer Manager,14.0,185000.0,Software Engineer Manager PhD 14.0 years experience Female 41.0 years old
26.0,Male,Bachelor's Degree,Front end Developer,2.0,70000.0,Front end Developer Bachelor's Degree 2.0 years experience Male 26.0 years old
28.0,Female,Master's Degree,Back end Developer,3.0,90000.0,Back end Developer Master's Degree 3.0 years experience Female 28.0 years old
43.0,Male,PhD,Senior Software Engineer,12.0,170000.0,Senior Software Engineer PhD 12.0 years experience Male 43.0 years old
42.0,Male,PhD,Senior Software Engineer,14.0,170000.0,Senior Software Engineer PhD 14.0 years experience Male 42.0 years old
48.0,Male,PhD,Senior Project Engineer,16.0,190000.0,Senior Project Engineer PhD 16.0 years experience Male 48.0 years old
27.0,Female,Master's Degree,Back end Developer,2.0,70000.0,Back end Developer Master's Degree 2.0 years experience Female 27.0 years old
49.0,Male,PhD,Software Engineer Manager,15.0,185000.0,Software Engineer Manager PhD 15.0 years experience Male 49.0 years old
44.0,Male,PhD,Senior Project Engineer,12.0,170000.0,Senior Project Engineer PhD 12.0 years experience Male 44.0 years old
27.0,Female,Master's Degree,Full Stack Engineer,3.0,100000.0,Full Stack Engineer Master's Degree 3.0 years experience Female 27.0 years old
37.0,Male,Master's Degree,Senior Software Engineer,10.0,155000.0,Senior Software Engineer Master's Degree 10.0 years experience Male 37.0 years old
44.0,Female,Master's Degree,Senior Project Engineer,12.0,170000.0,Senior Project Engineer Master's Degree 12.0 years experience Female 44.0 years old
56.0,Male,PhD,Software Engineer Manager,18.0,195000.0,Software Engineer Manager PhD 18.0 years experience Male 56.0 years old
49.0,Male,PhD,Software Engineer Manager,15.0,185000.0,Software Engineer Manager PhD 15.0 years experience Male 49.0 years old
27.0,Male,Bachelor's Degree,Front end Developer,2.0,70000.0,Front end Developer Bachelor's Degree 2.0 years experience Male 27.0 years old
48.0,Male,PhD,Senior Project Engineer,16.0,190000.0,Senior Project Engineer PhD 16.0 years experience Male 48.0 years old
31.0,Male,Master's Degree,Full Stack Engineer,7.0,140000.0,Full Stack Engineer Master's Degree 7.0 years experience Male 31.0 years old
25.0,Male,Bachelor's Degree,Front end Developer,1.0,60000.0,Front end Developer Bachelor's Degree 1.0 years experience Male 25.0 years old
50.0,Male,PhD,Software Engineer Manager,16.0,190000.0,Software Engineer Manager PhD 16.0 years experience Male 50.0 years old
46.0,Male,PhD,Software Engineer Manager,14.0,180000.0,Software Engineer Manager PhD 14.0 years experience Male 46.0 years old
33.0,Male,Master's Degree,Full Stack Engineer,6.0,130000.0,Full Stack Engineer Master's Degree 6.0 years experience Male 33.0 years old
42.0,Male,PhD,Senior Software Engineer,14.0,170000.0,Senior Software Engineer PhD 14.0 years experience Male 42.0 years old
41.0,Male,PhD,Senior Project Engineer,12.0,165000.0,Senior Project Engineer PhD 12.0 years experience Male 41.0 years old
43.0,Male,PhD,Senior Project Engineer,13.0,185000.0,Senior Project Engineer PhD 13.0 years experience Male 43.0 years old
32.0,Male,Master's Degree,Back end Developer,6.0,130000.0,Back end Developer Master's Degree 6.0 years experience Male 32.0 years old
24.0,Male,Bachelor's Degree,Front end Developer,1.0,60000.0,Front end Developer Bachelor's Degree 1.0 years experience Male 24.0 years old
44.0,Female,Master's Degree,Senior Software Engineer,11.0,170000.0,Senior Software Engineer Master's Degree 11.0 years experience Female 44.0 years old
36.0,Male,Master's Degree,Senior Software Engineer,7.0,140000.0,Senior Software Engineer Master's Degree 7.0 years experience Male 36.0 years old
28.0,Female,Master's Degree,Full Stack Engineer,4.0,110000.0,Full Stack Engineer Master's Degree 4.0 years experience Female 28.0 years old
28.0,Male,Bachelor's Degree,Front end Developer,2.0,70000.0,Front end Developer Bachelor's Degree 2.0 years experience Male 28.0 years old
37.0,Male,Master's Degree,Senior Software Engineer,9.0,145000.0,Senior Software Engineer Master's Degree 9.0 years experience Male 37.0 years old
54.0,Male,PhD,Software Engineer Manager,16.0,190000.0,Software Engineer Manager PhD 16.0 years experience Male 54.0 years old
58.0,Male,PhD,Software Engineer Manager,17.0,200000.0,Software Engineer Manager PhD 17.0 years experience Male 58.0 years old
27.0,Male,Bachelor's Degree,Front end Developer,3.0,80000.0,Front end Developer Bachelor's Degree 3.0 years experience Male 27.0 years old
30.0,Male,Bachelor's Degree,Back end Developer,4.0,95000.0,Back end Developer Bachelor's Degree 4.0 years experience Male 30.0 years old
27.0,Female,Master's Degree,Full Stack Engineer,3.0,100000.0,Full Stack Engineer Master's Degree 3.0 years experience Female 27.0 years old
54.0,Male,PhD,Software Engineer Manager,17.0,195000.0,Software Engineer Manager PhD 17.0 years experience Male 54.0 years old
49.0,Male,PhD,Software Engineer Manager,15.0,185000.0,Software Engineer Manager PhD 15.0 years experience Male 49.0 years old
38.0,Male,Master's Degree,Senior Software Engineer,10.0,155000.0,Senior Software Engineer Master's Degree 10.0 years experience Male 38.0 years old
54.0,Male,PhD,Software Engineer Manager,18.0,195000.0,Software Engineer Manager PhD 18.0 years experience Male 54.0 years old
31.0,Male,Master's Degree,Senior Project Engineer,6.0,125000.0,Senior Project Engineer Master's Degree 6.0 years experience Male 31.0 years old
56.0,Male,PhD,Software Engineer Manager,17.0,195000.0,Software Engineer Manager PhD 17.0 years experience Male 56.0 years old
31.0,Male,Master's Degree,Senior Software Engineer,7.0,140000.0,Senior Software Engineer Master's Degree 7.0 years experience Male 31.0 years old
42.0,Male,PhD,Senior Software Engineer,14.0,170000.0,Senior Software Engineer PhD 14.0 years experience Male 42.0 years old
44.0,Male,Master's Degree,Senior Project Engineer,11.0,170000.0,Senior Project Engineer Master's Degree 11.0 years experience Male 44.0 years old
37.0,Male,Master's Degree,Senior Software Engineer,9.0,150000.0,Senior Software Engineer Master's Degree 9.0 years experience Male 37.0 years old
24.0,Female,Bachelor's Degree,Back end Developer,1.0,60000.0,Back end Developer Bachelor's Degree 1.0 years experience Female 24.0 years old
27.0,Male,Bachelor's Degree,Front end Developer,2.0,70000.0,Front end Developer Bachelor's Degree 2.0 years experience Male 27.0 years old
42.0,Male,PhD,Senior Software Engineer,14.0,170000.0,Senior Software Engineer PhD 14.0 years experience Male 42.0 years old
24.0,Female,Bachelor's Degree,Front end Developer,1.0,55000.0,Front end Developer Bachelor's Degree 1.0 years experience Female 24.0 years old
28.0,Female,Bachelor's Degree,Front end Developer,3.0,80000.0,Front end Developer Bachelor's Degree 3.0 years experience Female 28.0 years old
43.0,Male,PhD,Senior Project Engineer,13.0,185000.0,Senior Project Engineer PhD 13.0 years experience Male 43.0 years old
31.0,Male,Master's Degree,Full Stack Engineer,7.0,140000.0,Full Stack Engineer Master's Degree 7.0 years experience Male 31.0 years old
43.0,Male,PhD,Software Engineer Manager,13.0,180000.0,Software Engineer Manager PhD 13.0 years experience Male 43.0 years old
27.0,Female,Master's Degree,Back end Developer,2.0,70000.0,Back end Developer Master's Degree 2.0 years experience Female 27.0 years old
49.0,Male,PhD,Software Engineer Manager,15.0,185000.0,Software Engineer Manager PhD 15.0 years experience Male 49.0 years old
48.0,Male,PhD,Senior Project Engineer,16.0,190000.0,Senior Project Engineer PhD 16.0 years experience Male 48.0 years old
30.0,Female,Master's Degree,Back end Developer,6.0,130000.0,Back end Developer Master's Degree 6.0 years experience Female 30.0 years old
28.0,Female,Master's Degree,Full Stack Engineer,4.0,110000.0,Full Stack Engineer Master's Degree 4.0 years experience Female 28.0 years old
46.0,Male,PhD,Software Engineer Manager,14.0,180000.0,Software Engineer Manager PhD 14.0 years experience Male 46.0 years old
37.0,Male,Master's Degree,Senior Software Engineer,9.0,145000.0,Senior Software Engineer Master's Degree 9.0 years experience Male 37.0 years old
42.0,Male,PhD,Senior Software Engineer,14.0,170000.0,Senior Software Engineer PhD 14.0 years experience Male 42.0 years old
43.0,Male,PhD,Senior Project Engineer,12.0,165000.0,Senior Project Engineer PhD 12.0 years experience Male 43.0 years old
31.0,Male,Master's Degree,Senior Software Engineer,7.0,140000.0,Senior Software Engineer Master's Degree 7.0 years experience Male 31.0 years old
56.0,Male,PhD,Software Engineer Manager,17.0,195000.0,Software Engineer Manager PhD 17.0 years experience Male 56.0 years old
37.0,Male,Master's Degree,Senior Software Engineer,10.0,155000.0,Senior Software Engineer Master's Degree 10.0 years experience Male 37.0 years old
54.0,Male,PhD,Software Engineer Manager,16.0,190000.0,Software Engineer Manager PhD 16.0 years experience Male 54.0 years old
58.0,Male,PhD,Software Engineer Manager,17.0,195000.0,Software Engineer Manager PhD 17.0 years experience Male 58.0 years old
33.0,Male,Master's Degree,Back end Developer,6.0,130000.0,Back end Developer Master's Degree 6.0 years experience Male 33.0 years old
29.0,Female,Bachelor's Degree,Front end Developer,3.0,85000.0,Front end Developer Bachelor's Degree 3.0 years experience Female 29.0 years old
52.0,Male,PhD,Software Engineer Manager,18.0,200000.0,Software Engineer Manager PhD 18.0 years experience Male 52.0 years old
36.0,Male,Master's Degree,Full Stack Engineer,8.0,140000.0,Full Stack Engineer Master's Degree 8.0 years experience Male 36.0 years old
26.0,Male,Bachelor's Degree,Back end Developer,2.0,65000.0,Back end Developer Bachelor's Degree 2.0 years experience Male 26.0 years old
47.0,Male,PhD,Senior Project Engineer,16.0,190000.0,Senior Project Engineer PhD 16.0 years experience Male 47.0 years old
32.0,Male,Master's Degree,Full Stack Engineer,6.0,120000.0,Full Stack Engineer Master's Degree 6.0 years experience Male 32.0 years old
29.0,Male,Bachelor's Degree,Front end Developer,3.0,80000.0,Front end Developer Bachelor's Degree 3.0 years experience Male 29.0 years old
28.0,Female,Master's Degree,Back end Developer,3.0,90000.0,Back end Developer Master's Degree 3.0 years experience Female 28.0 years old
54.0,Male,PhD,Software Engineer Manager,16.0,190000.0,Software Engineer Manager PhD 16.0 years experience Male 54.0 years old
57.0,Male,PhD,Software Engineer Manager,18.0,200000.0,Software Engineer Manager PhD 18.0 years experience Male 57.0 years old
51.0,Male,PhD,Software Engineer Manager,16.0,190000.0,Software Engineer Manager PhD 16.0 years experience Male 51.0 years old
28.0,Female,Master's Degree,Full Stack Engineer,4.0,110000.0,Full Stack Engineer Master's Degree 4.0 years experience Female 28.0 years old
46.0,Male,PhD,Software Engineer Manager,14.0,180000.0,Software Engineer Manager PhD 14.0 years experience Male 46.0 years old
27.0,Female,Master's Degree,Back end Developer,2.0,65000.0,Back end Developer Master's Degree 2.0 years experience Female 27.0 years old
45.0,Male,PhD,Senior Project Engineer,14.0,185000.0,Senior Project Engineer PhD 14.0 years experience Male 45.0 years old
23.0,Female,Bachelor's Degree,Front end Developer,1.0,55000.0,Front end Developer Bachelor's Degree 1.0 years experience Female 23.0 years old
36.0,Male,Master's Degree,Full Stack Engineer,7.0,130000.0,Full Stack Engineer Master's Degree 7.0 years experience Male 36.0 years old
48.0,Male,PhD,Senior Project Engineer,16.0,190000.0,Senior Project Engineer PhD 16.0 years experience Male 48.0 years old
33.0,Female,Master's Degree,Full Stack Engineer,5.0,120000.0,Full Stack Engineer Master's Degree 5.0 years experience Female 33.0 years old
38.0,Female,Master's Degree,Back end Developer,10.0,155000.0,Back end Developer Master's Degree 10.0 years experience Female 38.0 years old
51.0,Male,PhD,Software Engineer Manager,16.0,190000.0,Software Engineer Manager PhD 16.0 years experience Male 51.0 years old
27.0,Female,Master's Degree,Full Stack Engineer,3.0,100000.0,Full Stack Engineer Master's Degree 3.0 years experience Female 27.0 years old
37.0,Male,Master's Degree,Senior Software Engineer,9.0,150000.0,Senior Software Engineer Master's Degree 9.0 years experience Male 37.0 years old
44.0,Female,Master's Degree,Senior Project Engineer,12.0,170000.0,Senior Project Engineer Master's Degree 12.0 years experience Female 44.0 years old
27.0,Male,Bachelor's Degree,Front end Developer,3.0,80000.0,Front end Developer Bachelor's Degree 3.0 years experience Male 27.0 years old
38.0,Male,Master's Degree,Senior Software Engineer,10.0,155000.0,Senior Software Engineer Master's Degree 10.0 years experience Male 38.0 years old
54.0,Male,PhD,Software Engineer Manager,17.0,195000.0,Software Engineer Manager PhD 17.0 years experience Male 54.0 years old
49.0,Male,PhD,Software Engineer Manager,15.0,185000.0,Software Engineer Manager PhD 15.0 years experience Male 49.0 years old
27.0,Male,Bachelor's Degree,Front end Developer,2.0,70000.0,Front end Developer Bachelor's Degree 2.0 years experience Male 27.0 years old
48.0,Male,PhD,Senior Project Engineer,16.0,190000.0,Senior Project Engineer PhD 16.0 years experience Male 48.0 years old
31.0,Male,Master's Degree,Full Stack Engineer,7.0,140000.0,Full Stack Engineer Master's Degree 7.0 years experience Male 31.0 years old
25.0,Male,Bachelor's Degree,Front end Developer,1.0,55000.0,Front end Developer Bachelor's Degree 1.0 years experience Male 25.0 years old
50.0,Male,PhD,Software Engineer Manager,16.0,190000.0,Software Engineer Manager PhD 16.0 years experience Male 50.0 years old
46.0,Male,PhD,Software Engineer Manager,14.0,180000.0,Software Engineer Manager PhD 14.0 years experience Male 46.0 years old
33.0,Male,Master's Degree,Full Stack Engineer,6.0,130000.0,Full Stack Engineer Master's Degree 6.0 years experience Male 33.0 years old
42.0,Male,PhD,Senior Software Engineer,14.0,170000.0,Senior Software Engineer PhD 14.0 years experience Male 42.0 years old
41.0,Male,PhD,Senior Project Engineer,12.0,165000.0,Senior Project Engineer PhD 12.0 years experience Male 41.0 years old
43.0,Male,PhD,Senior Project Engineer,13.0,185000.0,Senior Project Engineer PhD 13.0 years experience Male 43.0 years old
32.0,Male,Master's Degree,Back end Developer,6.0,130000.0,Back end Developer Master's Degree 6.0 years experience Male 32.0 years old
24.0,Male,Bachelor's Degree,Front end Developer,1.0,60000.0,Front end Developer Bachelor's Degree 1.0 years experience Male 24.0 years old
44.0,Female,Master's Degree,Senior Software Engineer,11.0,170000.0,Senior Software Engineer Master's Degree 11.0 years experience Female 44.0 years old
36.0,Male,Master's Degree,Senior Software Engineer,7.0,140000.0,Senior Software Engineer Master's Degree 7.0 years experience Male 36.0 years old
28.0,Female,Master's Degree,Full Stack Engineer,4.0,110000.0,Full Stack Engineer Master's Degree 4.0 years experience Female 28.0 years old
28.0,Male,Bachelor's Degree,Front end Developer,2.0,70000.0,Front end Developer Bachelor's Degree 2.0 years experience Male 28.0 years old
37.0,Male,Master's Degree,Senior Software Engineer,9.0,145000.0,Senior Software Engineer Master's Degree 9.0 years experience Male 37.0 years old
54.0,Male,PhD,Software Engineer Manager,16.0,190000.0,Software Engineer Manager PhD 16.0 years experience Male 54.0 years old
58.0,Male,PhD,Software Engineer Manager,17.0,200000.0,Software Engineer Manager PhD 17.0 years experience Male 58.0 years old
27.0,Male,Bachelor's Degree,Front end Developer,3.0,80000.0,Front end Developer Bachelor's Degree 3.0 years experience Male 27.0 years old
30.0,Male,Bachelor's Degree,Back end Developer,4.0,95000.0,Back end Developer Bachelor's Degree 4.0 years experience Male 30.0 years old
27.0,Female,Master's Degree,Full Stack Engineer,3.0,100000.0,Full Stack Engineer Master's Degree 3.0 years experience Female 27.0 years old
54.0,Male,PhD,Software Engineer Manager,17.0,195000.0,Software Engineer Manager PhD 17.0 years experience Male 54.0 years old
49.0,Male,PhD,Software Engineer Manager,15.0,185000.0,Software Engineer Manager PhD 15.0 years experience Male 49.0 years old
38.0,Male,Master's Degree,Senior Software Engineer,10.0,155000.0,Senior Software Engineer Master's Degree 10.0 years experience Male 38.0 years old
54.0,Male,PhD,Software Engineer Manager,18.0,195000.0,Software Engineer Manager PhD 18.0 years experience Male 54.0 years old
31.0,Male,Master's Degree,Senior Project Engineer,6.0,125000.0,Senior Project Engineer Master's Degree 6.0 years experience Male 31.0 years old
56.0,Male,PhD,Software Engineer Manager,17.0,195000.0,Software Engineer Manager PhD 17.0 years experience Male 56.0 years old
31.0,Male,Master's Degree,Senior Software Engineer,7.0,140000.0,Senior Software Engineer Master's Degree 7.0 years experience Male 31.0 years old
42.0,Male,PhD,Senior Software Engineer,14.0,170000.0,Senior Software Engineer PhD 14.0 years experience Male 42.0 years old
44.0,Male,Master's Degree,Senior Project Engineer,11.0,170000.0,Senior Project Engineer Master's Degree 11.0 years experience Male 44.0 years old
37.0,Male,Master's Degree,Senior Software Engineer,9.0,150000.0,Senior Software Engineer Master's Degree 9.0 years experience Male 37.0 years old
24.0,Female,Bachelor's Degree,Back end Developer,1.0,60000.0,Back end Developer Bachelor's Degree 1.0 years experience Female 24.0 years old
27.0,Male,Bachelor's Degree,Front end Developer,2.0,70000.0,Front end Developer Bachelor's Degree 2.0 years experience Male 27.0 years old
42.0,Male,PhD,Senior Software Engineer,14.0,170000.0,Senior Software Engineer PhD 14.0 years experience Male 42.0 years old
24.0,Female,Bachelor's Degree,Front end Developer,1.0,55000.0,Front end Developer Bachelor's Degree 1.0 years experience Female 24.0 years old
28.0,Female,Bachelor's Degree,Front end Developer,3.0,80000.0,Front end Developer Bachelor's Degree 3.0 years experience Female 28.0 years old
43.0,Male,PhD,Senior Project Engineer,13.0,185000.0,Senior Project Engineer PhD 13.0 years experience Male 43.0 years old
31.0,Male,Master's Degree,Full Stack Engineer,7.0,140000.0,Full Stack Engineer Master's Degree 7.0 years experience Male 31.0 years old
43.0,Male,PhD,Software Engineer Manager,13.0,180000.0,Software Engineer Manager PhD 13.0 years experience Male 43.0 years old
27.0,Female,Master's Degree,Back end Developer,2.0,70000.0,Back end Developer Master's Degree 2.0 years experience Female 27.0 years old
49.0,Male,PhD,Software Engineer Manager,15.0,185000.0,Software Engineer Manager PhD 15.0 years experience Male 49.0 years old
48.0,Male,PhD,Senior Project Engineer,16.0,190000.0,Senior Project Engineer PhD 16.0 years experience Male 48.0 years old
31.0,Male,Master's Degree,Senior Project Engineer,6.0,125000.0,Senior Project Engineer Master's Degree 6.0 years experience Male 31.0 years old
40.0,Male,PhD,Senior Software Engineer,12.0,160000.0,Senior Software Engineer PhD 12.0 years experience Male 40.0 years old
36.0,Male,Master's Degree,Senior Software Engineer,8.0,140000.0,Senior Software Engineer Master's Degree 8.0 years experience Male 36.0 years old
54.0,Male,PhD,Software Engineer Manager,17.0,195000.0,Software Engineer Manager PhD 17.0 years experience Male 54.0 years old
27.0,Male,Bachelor's Degree,Front end Developer,2.0,70000.0,Front end Developer Bachelor's Degree 2.0 years experience Male 27.0 years old
28.0,Male,Bachelor's Degree,Front end Developer,2.0,70000.0,Front end Developer Bachelor's Degree 2.0 years experience Male 28.0 years old
44.0,Male,Master's Degree,Senior Project Engineer,11.0,170000.0,Senior Project Engineer Master's Degree 11.0 years experience Male 44.0 years old
43.0,Male,PhD,Senior Project Engineer,13.0,185000.0,Senior Project Engineer PhD 13.0 years experience Male 43.0 years old
54.0,Male,PhD,Software Engineer Manager,17.0,195000.0,Software Engineer Manager PhD 17.0 years experience Male 54.0 years old
32.0,Male,Master's Degree,Back end Developer,6.0,130000.0,Back end Developer Master's Degree 6.0 years experience Male 32.0 years old
38.0,Male,Master's Degree,Senior Software Engineer,10.0,155000.0,Senior Software Engineer Master's Degree 10.0 years experience Male 38.0 years old
49.0,Male,PhD,Software Engineer Manager,15.0,185000.0,Software Engineer Manager PhD 15.0 years experience Male 49.0 years old
27.0,Male,Bachelor's Degree,Front end Developer,3.0,80000.0,Front end Developer Bachelor's Degree 3.0 years experience Male 27.0 years old
54.0,Male,PhD,Software Engineer Manager,17.0,195000.0,Software Engineer Manager PhD 17.0 years experience Male 54.0 years old
31.0,Male,Master's Degree,Senior Project Engineer,7.0,135000.0,Senior Project Engineer Master's Degree 7.0 years experience Male 31.0 years old
24.0,Male,Bachelor's Degree,Back end Developer,1.0,55000.0,Back end Developer Bachelor's Degree 1.0 years experience Male 24.0 years old
48.0,Male,PhD,Senior Project Engineer,16.0,190000.0,Senior Project Engineer PhD 16.0 years experience Male 48.0 years old
27.0,Female,Master's Degree,Back end Developer,2.0,70000.0,Back end Developer Master's Degree 2.0 years experience Female 27.0 years old
43.0,Male,PhD,Senior Project Engineer,13.0,185000.0,Senior Project Engineer PhD 13.0 years experience Male 43.0 years old
44.0,Male,Master's Degree,Senior Project Engineer,11.0,170000.0,Senior Project Engineer Master's Degree 11.0 years experience Male 44.0 years old
37.0,Male,Master's Degree,Senior Software Engineer,9.0,150000.0,Senior Software Engineer Master's Degree 9.0 years experience Male 37.0 years old
56.0,Male,PhD,Software Engineer Manager,17.0,195000.0,Software Engineer Manager PhD 17.0 years experience Male 56.0 years old
28.0,Male,Bachelor's Degree,Front end Developer,2.0,70000.0,Front end Developer Bachelor's Degree 2.0 years experience Male 28.0 years old
54.0,Male,PhD,Software Engineer Manager,17.0,195000.0,Software Engineer Manager PhD 17.0 years experience Male 54.0 years old
31.0,Male,Master's Degree,Senior Project Engineer,6.0,125000.0,Senior Project Engineer Master's Degree 6.0 years experience Male 31.0 years old
49.0,Male,PhD,Software Engineer Manager,15.0,185000.0,Software Engineer Manager PhD 15.0 years experience Male 49.0 years old
27.0,Female,Master's Degree,Back end Developer,2.0,70000.0,Back end Developer Master's Degree 2.0 years experience Female 27.0 years old
38.0,Male,Master's Degree,Senior Software Engineer,10.0,155000.0,Senior Software Engineer Master's Degree 10.0 years experience Male 38.0 years old
27.0,Male,Bachelor's Degree,Front end Developer,3.0,80000.0,Front end Developer Bachelor's Degree 3.0 years experience Male 27.0 years old
43.0,Male,PhD,Senior Project Engineer,13.0,185000.0,Senior Project Engineer PhD 13.0 years experience Male 43.0 years old
48.0,Male,PhD,Senior Project Engineer,16.0,190000.0,Senior Project Engineer PhD 16.0 years experience Male 48.0 years old
44.0,Male,Master's Degree,Senior Project Engineer,11.0,170000.0,Senior Project Engineer Master's Degree 11.0 years experience Male 44.0 years old
54.0,Male,PhD,Software Engineer Manager,17.0,195000.0,Software Engineer Manager PhD 17.0 years experience Male 54.0 years old
37.0,Male,Master's Degree,Senior Software Engineer,9.0,150000.0,Senior Software Engineer Master's Degree 9.0 years experience Male 37.0 years old
28.0,Male,Bachelor's Degree,Front end Developer,2.0,70000.0,Front end Developer Bachelor's Degree 2.0 years experience Male 28.0 years old
27.0,Female,Master's Degree,Back end Developer,2.0,70000.0,Back end Developer Master's Degree 2.0 years experience Female 27.0 years old
49.0,Male,PhD,Software Engineer Manager,15.0,185000.0,Software Engineer Manager PhD 15.0 years experience Male 49.0 years old
31.0,Male,Master's Degree,Senior Project Engineer,7.0,135000.0,Senior Project Engineer Master's Degree 7.0 years experience Male 31.0 years old
27.0,Male,Bachelor's Degree,Front end Developer,3.0,80000.0,Front end Developer Bachelor's Degree 3.0 years experience Male 27.0 years old
54.0,Male,PhD,Software Engineer Manager,17.0,195000.0,Software Engineer Manager PhD 17.0 years experience Male 54.0 years old
38.0,Male,Master's Degree,Senior Software Engineer,10.0,155000.0,Senior Software Engineer Master's Degree 10.0 years experience Male 38.0 years old
44.0,Male,Master's Degree,Senior Project Engineer,11.0,170000.0,Senior Project Engineer Master's Degree 11.0 years experience Male 44.0 years old
43.0,Male,PhD,Senior Project Engineer,13.0,185000.0,Senior Project Engineer PhD 13.0 years experience Male 43.0 years old
27.0,Male,Bachelor's Degree,Front end Developer,2.0,70000.0,Front end Developer Bachelor's Degree 2.0 years experience Male 27.0 years old
48.0,Male,PhD,Senior Project Engineer,16.0,190000.0,Senior Project Engineer PhD 16.0 years experience Male 48.0 years old
31.0,Male,Master's Degree,Senior Project Engineer,6.0,125000.0,Senior Project Engineer Master's Degree 6.0 years experience Male 31.0 years old
54.0,Male,PhD,Software Engineer Manager,17.0,195000.0,Software Engineer Manager PhD 17.0 years experience Male 54.0 years old
37.0,Male,Master's Degree,Senior Software Engineer,9.0,150000.0,Senior Software Engineer Master's Degree 9.0 years experience Male 37.0 years old
28.0,Male,Bachelor's Degree,Front end Developer,2.0,70000.0,Front end Developer Bachelor's Degree 2.0 years experience Male 28.0 years old
27.0,Female,Master's Degree,Back end Developer,2.0,70000.0,Back end Developer Master's Degree 2.0 years experience Female 27.0 years old
34.0,Male,Bachelor's Degree,Front end Developer,5.0,95000.0,Front end Developer Bachelor's Degree 5.0 years experience Male 34.0 years old
43.0,Female,Master's Degree,Senior Software Engineer,12.0,170000.0,Senior Software Engineer Master's Degree 12.0 years experience Female 43.0 years old
27.0,Male,Bachelor's Degree,Back end Developer,2.0,75000.0,Back end Developer Bachelor's Degree 2.0 years experience Male 27.0 years old
56.0,Female,PhD,Software Engineer Manager,18.0,210000.0,Software Engineer Manager PhD 18.0 years experience Female 56.0 years old
32.0,Male,Master's Degree,Full Stack Engineer,7.0,135000.0,Full Stack Engineer Master's Degree 7.0 years experience Male 32.0 years old
40.0,Male,PhD,Senior Software Engineer,12.0,160000.0,Senior Software Engineer PhD 12.0 years experience Male 40.0 years old
23.0,Male,Bachelor's Degree,Front end Developer,1.0,55000.0,Front end Developer Bachelor's Degree 1.0 years experience Male 23.0 years old
46.0,Male,PhD,Senior Project Engineer,16.0,190000.0,Senior Project Engineer PhD 16.0 years experience Male 46.0 years old
41.0,Female,PhD,Senior Project Engineer,11.0,165000.0,Senior Project Engineer PhD 11.0 years experience Female 41.0 years old
28.0,Female,Bachelor's Degree,Front end Developer,3.0,80000.0,Front end Developer Bachelor's Degree 3.0 years experience Female 28.0 years old
34.0,Male,Bachelor's Degree,Back end Developer,6.0,120000.0,Back end Developer Bachelor's Degree 6.0 years experience Male 34.0 years old
49.0,Male,PhD,Software Engineer Manager,15.0,185000.0,Software Engineer Manager PhD 15.0 years experience Male 49.0 years old
43.0,Male,PhD,Senior Project Engineer,13.0,185000.0,Senior Project Engineer PhD 13.0 years experience Male 43.0 years old
54.0,Male,PhD,Software Engineer Manager,16.0,190000.0,Software Engineer Manager PhD 16.0 years experience Male 54.0 years old
36.0,Male,Master's Degree,Senior Software Engineer,8.0,140000.0,Senior Software Engineer Master's Degree 8.0 years experience Male 36.0 years old
33.0,Male,Master's Degree,Full Stack Engineer,6.0,130000.0,Full Stack Engineer Master's Degree 6.0 years experience Male 33.0 years old
27.0,Female,Master's Degree,Back end Developer,2.0,70000.0,Back end Developer Master's Degree 2.0 years experience Female 27.0 years old
44.0,Male,Master's Degree,Senior Project Engineer,11.0,170000.0,Senior Project Engineer Master's Degree 11.0 years experience Male 44.0 years old
31.0,Male,Master's Degree,Senior Project Engineer,6.0,125000.0,Senior Project Engineer Master's Degree 6.0 years experience Male 31.0 years old
38.0,Male,Master's Degree,Senior Software Engineer,10.0,155000.0,Senior Software Engineer Master's Degree 10.0 years experience Male 38.0 years old
27.0,Male,Bachelor's Degree,Front end Developer,2.0,70000.0,Front end Developer Bachelor's Degree 2.0 years experience Male 27.0 years old
54.0,Male,PhD,Software Engineer Manager,17.0,195000.0,Software Engineer Manager PhD 17.0 years experience Male 54.0 years old
31.0,Male,Master's Degree,Senior Software Engineer,7.0,140000.0,Senior Software Engineer Master's Degree 7.0 years experience Male 31.0 years old
32.0,Male,Master's Degree,Back end Developer,6.0,130000.0,Back end Developer Master's Degree 6.0 years experience Male 32.0 years old
38.0,Female,Master's Degree,Back end Developer,10.0,155000.0,Back end Developer Master's Degree 10.0 years experience Female 38.0 years old
51.0,Male,PhD,Software Engineer Manager,16.0,190000.0,Software Engineer Manager PhD 16.0 years experience Male 51.0 years old
28.0,Male,Bachelor's Degree,Front end Developer,2.0,70000.0,Front end Developer Bachelor's Degree 2.0 years experience Male 28.0 years old
27.0,Male,Bachelor's Degree,Front end Developer,3.0,80000.0,Front end Developer Bachelor's Degree 3.0 years experience Male 27.0 years old
43.0,Male,PhD,Senior Project Engineer,13.0,185000.0,Senior Project Engineer PhD 13.0 years experience Male 43.0 years old
27.0,Female,Master's Degree,Full Stack Engineer,3.0,100000.0,Full Stack Engineer Master's Degree 3.0 years experience Female 27.0 years old
49.0,Male,PhD,Software Engineer Manager,15.0,185000.0,Software Engineer Manager PhD 15.0 years experience Male 49.0 years old
48.0,Male,PhD,Senior Project Engineer,16.0,190000.0,Senior Project Engineer PhD 16.0 years experience Male 48.0 years old
31.0,Male,Master's Degree,Senior Project Engineer,7.0,135000.0,Senior Project Engineer Master's Degree 7.0 years experience Male 31.0 years old
40.0,Female,PhD,Senior Software Engineer,12.0,160000.0,Senior Software Engineer PhD 12.0 years experience Female 40.0 years old
24.0,Male,Bachelor's Degree,Front end Developer,1.0,55000.0,Front end Developer Bachelor's Degree 1.0 years experience Male 24.0 years old
27.0,Male,Bachelor's Degree,Front end Developer,3.0,80000.0,Front end Developer Bachelor's Degree 3.0 years experience Male 27.0 years old
42.0,Male,PhD,Senior Software Engineer,14.0,170000.0,Senior Software Engineer PhD 14.0 years experience Male 42.0 years old
24.0,Female,Bachelor's Degree,Front end Developer,1.0,55000.0,Front end Developer Bachelor's Degree 1.0 years experience Female 24.0 years old
28.0,Female,Bachelor's Degree,Front end Developer,3.0,80000.0,Front end Developer Bachelor's Degree 3.0 years experience Female 28.0 years old
43.0,Male,PhD,Senior Project Engineer,13.0,185000.0,Senior Project Engineer PhD 13.0 years experience Male 43.0 years old
31.0,Male,Master's Degree,Full Stack Engineer,7.0,140000.0,Full Stack Engineer Master's Degree 7.0 years experience Male 31.0 years old
43.0,Male,PhD,Software Engineer Manager,13.0,180000.0,Software Engineer Manager PhD 13.0 years experience Male 43.0 years old
27.0,Female,Master's Degree,Back end Developer,2.0,70000.0,Back end Developer Master's Degree 2.0 years experience Female 27.0 years old
49.0,Male,PhD,Software Engineer Manager,15.0,185000.0,Software Engineer Manager PhD 15.0 years experience Male 49.0 years old
48.0,Male,PhD,Senior Project Engineer,16.0,190000.0,Senior Project Engineer PhD 16.0 years experience Male 48.0 years old
31.0,Male,Master's Degree,Senior Project Engineer,6.0,125000.0,Senior Project Engineer Master's Degree 6.0 years experience Male 31.0 years old
40.0,Male,PhD,Senior Software Engineer,12.0,160000.0,Senior Software Engineer PhD 12.0 years experience Male 40.0 years old
36.0,Male,Master's Degree,Senior Software Engineer,8.0,140000.0,Senior Software Engineer Master's Degree 8.0 years experience Male 36.0 years old
54.0,Male,PhD,Software Engineer Manager,17.0,195000.0,Software Engineer Manager PhD 17.0 years experience Male 54.0 years old
27.0,Male,Bachelor's Degree,Front end Developer,2.0,70000.0,Front end Developer Bachelor's Degree 2.0 years experience Male 27.0 years old
28.0,Male,Bachelor's Degree,Front end Developer,2.0,70000.0,Front end Developer Bachelor's Degree 2.0 years experience Male 28.0 years old
44.0,Male,Master's Degree,Senior Project Engineer,11.0,170000.0,Senior Project Engineer Master's Degree 11.0 years experience Male 44.0 years old
43.0,Male,PhD,Senior Project Engineer,13.0,185000.0,Senior Project Engineer PhD 13.0 years experience Male 43.0 years old
54.0,Male,PhD,Software Engineer Manager,17.0,195000.0,Software Engineer Manager PhD 17.0 years experience Male 54.0 years old
32.0,Male,Master's Degree,Back end Developer,6.0,130000.0,Back end Developer Master's Degree 6.0 years experience Male 32.0 years old
38.0,Male,Master's Degree,Senior Software Engineer,10.0,155000.0,Senior Software Engineer Master's Degree 10.0 years experience Male 38.0 years old
49.0,Male,PhD,Software Engineer Manager,15.0,185000.0,Software Engineer Manager PhD 15.0 years experience Male 49.0 years old
27.0,Male,Bachelor's Degree,Front end Developer,3.0,80000.0,Front end Developer Bachelor's Degree 3.0 years experience Male 27.0 years old
54.0,Male,PhD,Software Engineer Manager,17.0,195000.0,Software Engineer Manager PhD 17.0 years experience Male 54.0 years old
31.0,Male,Master's Degree,Senior Project Engineer,7.0,135000.0,Senior Project Engineer Master's Degree 7.0 years experience Male 31.0 years old
24.0,Male,Bachelor's Degree,Back end Developer,1.0,55000.0,Back end Developer Bachelor's Degree 1.0 years experience Male 24.0 years old
48.0,Male,PhD,Senior Project Engineer,16.0,190000.0,Senior Project Engineer PhD 16.0 years experience Male 48.0 years old
27.0,Female,Master's Degree,Back end Developer,2.0,70000.0,Back end Developer Master's Degree 2.0 years experience Female 27.0 years old
43.0,Male,PhD,Senior Project Engineer,13.0,185000.0,Senior Project Engineer PhD 13.0 years experience Male 43.0 years old
44.0,Male,Master's Degree,Senior Project Engineer,11.0,170000.0,Senior Project Engineer Master's Degree 11.0 years experience Male 44.0 years old
37.0,Male,Master's Degree,Senior Software Engineer,9.0,150000.0,Senior Software Engineer Master's Degree 9.0 years experience Male 37.0 years old
56.0,Male,PhD,Software Engineer Manager,17.0,195000.0,Software Engineer Manager PhD 17.0 years experience Male 56.0 years old
28.0,Male,Bachelor's Degree,Front end Developer,2.0,70000.0,Front end Developer Bachelor's Degree 2.0 years experience Male 28.0 years old
54.0,Male,PhD,Software Engineer Manager,17.0,195000.0,Software Engineer Manager PhD 17.0 years experience Male 54.0 years old
31.0,Male,Master's Degree,Senior Project Engineer,6.0,125000.0,Senior Project Engineer Master's Degree 6.0 years experience Male 31.0 years old
49.0,Male,PhD,Software Engineer Manager,15.0,185000.0,Software Engineer Manager PhD 15.0 years experience Male 49.0 years old
54.0,Male,PhD,Software Engineer Manager,17.0,195000.0,Software Engineer Manager PhD 17.0 years experience Male 54.0 years old
27.0,Male,Bachelor's Degree,Front end Developer,3.0,80000.0,Front end Developer Bachelor's Degree 3.0 years experience Male 27.0 years old
42.0,Male,PhD,Senior Software Engineer,14.0,170000.0,Senior Software Engineer PhD 14.0 years experience Male 42.0 years old
38.0,Male,Master's Degree,Senior Software Engineer,10.0,155000.0,Senior Software Engineer Master's Degree 10.0 years experience Male 38.0 years old
43.0,Male,PhD,Senior Project Engineer,13.0,185000.0,Senior Project Engineer PhD 13.0 years experience Male 43.0 years old
27.0,Male,Bachelor's Degree,Front end Developer,2.0,70000.0,Front end Developer Bachelor's Degree 2.0 years experience Male 27.0 years old
31.0,Male,Master's Degree,Full Stack Engineer,7.0,140000.0,Full Stack Engineer Master's Degree 7.0 years experience Male 31.0 years old
54.0,Male,PhD,Software Engineer Manager,17.0,195000.0,Software Engineer Manager PhD 17.0 years experience Male 54.0 years old
36.0,Male,Master's Degree,Senior Software Engineer,8.0,140000.0,Senior Software Engineer Master's Degree 8.0 years experience Male 36.0 years old
27.0,Female,Master's Degree,Back end Developer,2.0,70000.0,Back end Developer Master's Degree 2.0 years experience Female 27.0 years old
49.0,Male,PhD,Software Engineer Manager,15.0,185000.0,Software Engineer Manager PhD 15.0 years experience Male 49.0 years old
48.0,Male,PhD,Senior Project Engineer,16.0,190000.0,Senior Project Engineer PhD 16.0 years experience Male 48.0 years old
31.0,Male,Master's Degree,Senior Project Engineer,7.0,135000.0,Senior Project Engineer Master's Degree 7.0 years experience Male 31.0 years old
40.0,Female,PhD,Senior Software Engineer,12.0,160000.0,Senior Software Engineer PhD 12.0 years experience Female 40.0 years old
24.0,Male,Bachelor's Degree,Front end Developer,1.0,55000.0,Front end Developer Bachelor's Degree 1.0 years experience Male 24.0 years old
27.0,Male,Bachelor's Degree,Front end Developer,3.0,80000.0,Front end Developer Bachelor's Degree 3.0 years experience Male 27.0 years old
43.0,Male,PhD,Senior Project Engineer,13.0,185000.0,Senior Project Engineer PhD 13.0 years experience Male 43.0 years old
27.0,Female,Master's Degree,Full Stack Engineer,3.0,100000.0,Full Stack Engineer Master's Degree 3.0 years experience Female 27.0 years old
49.0,Male,PhD,Software Engineer Manager,15.0,185000.0,Software Engineer Manager PhD 15.0 years experience Male 49.0 years old
48.0,Male,PhD,Senior Project Engineer,16.0,190000.0,Senior Project Engineer PhD 16.0 years experience Male 48.0 years old
31.0,Male,Master's Degree,Senior Project Engineer,6.0,125000.0,Senior Project Engineer Master's Degree 6.0 years experience Male 31.0 years old
40.0,Male,PhD,Senior Software Engineer,12.0,160000.0,Senior Software Engineer PhD 12.0 years experience Male 40.0 years old
36.0,Male,Master's Degree,Senior Software Engineer,8.0,140000.0,Senior Software Engineer Master's Degree 8.0 years experience Male 36.0 years old
54.0,Male,PhD,Software Engineer Manager,17.0,195000.0,Software Engineer Manager PhD 17.0 years experience Male 54.0 years old
27.0,Male,Bachelor's Degree,Front end Developer,2.0,70000.0,Front end Developer Bachelor's Degree 2.0 years experience Male 27.0 years old
28.0,Male,Bachelor's Degree,Front end Developer,2.0,70000.0,Front end Developer Bachelor's Degree 2.0 years experience Male 28.0 years old
44.0,Male,Master's Degree,Senior Project Engineer,11.0,170000.0,Senior Project Engineer Master's Degree 11.0 years experience Male 44.0 years old
43.0,Male,PhD,Senior Project Engineer,13.0,185000.0,Senior Project Engineer PhD 13.0 years experience Male 43.0 years old
54.0,Male,PhD,Software Engineer Manager,17.0,195000.0,Software Engineer Manager PhD 17.0 years experience Male 54.0 years old
32.0,Male,Master's Degree,Back end Developer,6.0,130000.0,Back end Developer Master's Degree 6.0 years experience Male 32.0 years old
38.0,Male,Master's Degree,Senior Software Engineer,10.0,155000.0,Senior Software Engineer Master's Degree 10.0 years experience Male 38.0 years old
49.0,Male,PhD,Software Engineer Manager,15.0,185000.0,Software Engineer Manager PhD 15.0 years experience Male 49.0 years old
27.0,Male,Bachelor's Degree,Front end Developer,3.0,80000.0,Front end Developer Bachelor's Degree 3.0 years experience Male 27.0 years old
54.0,Male,PhD,Software Engineer Manager,17.0,195000.0,Software Engineer Manager PhD 17.0 years experience Male 54.0 years old
31.0,Male,Master's Degree,Senior Project Engineer,7.0,135000.0,Senior Project Engineer Master's Degree 7.0 years experience Male 31.0 years old
24.0,Male,Bachelor's Degree,Back end Developer,1.0,55000.0,Back end Developer Bachelor's Degree 1.0 years experience Male 24.0 years old
48.0,Male,PhD,Senior Project Engineer,16.0,190000.0,Senior Project Engineer PhD 16.0 years experience Male 48.0 years old
27.0,Female,Master's Degree,Back end Developer,2.0,70000.0,Back end Developer Master's Degree 2.0 years experience Female 27.0 years old
43.0,Male,PhD,Senior Project Engineer,13.0,185000.0,Senior Project Engineer PhD 13.0 years experience Male 43.0 years old
44.0,Male,Master's Degree,Senior Project Engineer,11.0,170000.0,Senior Project Engineer Master's Degree 11.0 years experience Male 44.0 years old
37.0,Male,Master's Degree,Senior Software Engineer,9.0,150000.0,Senior Software Engineer Master's Degree 9.0 years experience Male 37.0 years old
56.0,Male,PhD,Software Engineer Manager,17.0,195000.0,Software Engineer Manager PhD 17.0 years experience Male 56.0 years old
28.0,Male,Bachelor's Degree,Front end Developer,2.0,70000.0,Front end Developer Bachelor's Degree 2.0 years experience Male 28.0 years old
54.0,Male,PhD,Software Engineer Manager,17.0,195000.0,Software Engineer Manager PhD 17.0 years experience Male 54.0 years old
31.0,Male,Master's Degree,Senior Project Engineer,6.0,125000.0,Senior Project Engineer Master's Degree 6.0 years experience Male 31.0 years old
49.0,Male,PhD,Software Engineer Manager,15.0,185000.0,Software Engineer Manager PhD 15.0 years experience Male 49.0 years old
54.0,Male,PhD,Software Engineer Manager,17.0,195000.0,Software Engineer Manager PhD 17.0 years experience Male 54.0 years old
27.0,Male,Bachelor's Degree,Front end Developer,3.0,80000.0,Front end Developer Bachelor's Degree 3.0 years experience Male 27.0 years old
42.0,Male,PhD,Senior Software Engineer,14.0,170000.0,Senior Software Engineer PhD 14.0 years experience Male 42.0 years old
38.0,Male,Master's Degree,Senior Software Engineer,10.0,155000.0,Senior Software Engineer Master's Degree 10.0 years experience Male 38.0 years old
36.0,Male,Bachelor's Degree,Front end Developer,7.0,120000.0,Front end Developer Bachelor's Degree 7.0 years experience Male 36.0 years old
29.0,Female,Master's Degree,Back end Developer,3.0,90000.0,Back end Developer Master's Degree 3.0 years experience Female 29.0 years old
41.0,Female,PhD,Software Engineer Manager,14.0,180000.0,Software Engineer Manager PhD 14.0 years experience Female 41.0 years old
33.0,Male,Bachelor's Degree,Full Stack Engineer,7.0,130000.0,Full Stack Engineer Bachelor's Degree 7.0 years experience Male 33.0 years old
42.0,Male,PhD,Senior Software Engineer,12.0,170000.0,Senior Software Engineer PhD 12.0 years experience Male 42.0 years old
28.0,Male,Bachelor's Degree,Back end Developer,2.0,70000.0,Back end Developer Bachelor's Degree 2.0 years experience Male 28.0 years old
55.0,Male,PhD,Software Engineer Manager,18.0,210000.0,Software Engineer Manager PhD 18.0 years experience Male 55.0 years old
26.0,Female,Master's Degree,Front end Developer,1.0,55000.0,Front end Developer Master's Degree 1.0 years experience Female 26.0 years old
47.0,Male,PhD,Senior Project Engineer,16.0,190000.0,Senior Project Engineer PhD 16.0 years experience Male 47.0 years old
44.0,Female,PhD,Software Engineer Manager,11.0,165000.0,Software Engineer Manager PhD 11.0 years experience Female 44.0 years old
30.0,Male,Master's Degree,Full Stack Engineer,5.0,105000.0,Full Stack Engineer Master's Degree 5.0 years experience Male 30.0 years old
39.0,Female,Master's Degree,Senior Software Engineer,11.0,160000.0,Senior Software Engineer Master's Degree 11.0 years experience Female 39.0 years old
32.0,Male,Bachelor's Degree,Front end Developer,6.0,110000.0,Front end Developer Bachelor's Degree 6.0 years experience Male 32.0 years old
50.0,Male,PhD,Software Engineer Manager,17.0,195000.0,Software Engineer Manager PhD 17.0 years experience Male 50.0 years old
27.0,Male,Bachelor's Degree,Back end Developer,3.0,85000.0,Back end Developer Bachelor's Degree 3.0 years experience Male 27.0 years old
46.0,Male,PhD,Senior Project Engineer,14.0,180000.0,Senior Project Engineer PhD 14.0 years experience Male 46.0 years old
25.0,Female,Bachelor's Degree,Front end Developer,1.0,55000.0,Front end Developer Bachelor's Degree 1.0 years experience Female 25.0 years old
43.0,Male,PhD,Senior Project Engineer,13.0,185000.0,Senior Project Engineer PhD 13.0 years experience Male 43.0 years old
35.0,Male,Bachelor's Degree,Back end Developer,8.0,140000.0,Back end Developer Bachelor's Degree 8.0 years experience Male 35.0 years old
29.0,Female,Master's Degree,Back end Developer,3.0,90000.0,Back end Developer Master's Degree 3.0 years experience Female 29.0 years old
40.0,Female,PhD,Senior Software Engineer,12.0,160000.0,Senior Software Engineer PhD 12.0 years experience Female 40.0 years old
35.0,Male,Bachelor's Degree,Full Stack Engineer,8.0,145000.0,Full Stack Engineer Bachelor's Degree 8.0 years experience Male 35.0 years old
41.0,Male,PhD,Senior Project Engineer,13.0,185000.0,Senior Project Engineer PhD 13.0 years experience Male 41.0 years old
30.0,Male,Master's Degree,Full Stack Engineer,5.0,105000.0,Full Stack Engineer Master's Degree 5.0 years experience Male 30.0 years old
33.0,Male,Bachelor's Degree,Front end Developer,6.0,110000.0,Front end Developer Bachelor's Degree 6.0 years experience Male 33.0 years old
55.0,Male,PhD,Software Engineer Manager,18.0,210000.0,Software Engineer Manager PhD 18.0 years experience Male 55.0 years old
26.0,Female,Master's Degree,Front end Developer,1.0,55000.0,Front end Developer Master's Degree 1.0 years experience Female 26.0 years old
47.0,Male,PhD,Senior Project Engineer,16.0,190000.0,Senior Project Engineer PhD 16.0 years experience Male 47.0 years old
44.0,Female,PhD,Software Engineer Manager,11.0,165000.0,Software Engineer Manager PhD 11.0 years experience Female 44.0 years old
30.0,Male,Master's Degree,Full Stack Engineer,5.0,105000.0,Full Stack Engineer Master's Degree 5.0 years experience Male 30.0 years old
39.0,Female,Master's Degree,Senior Software Engineer,11.0,160000.0,Senior Software Engineer Master's Degree 11.0 years experience Female 39.0 years old
32.0,Male,Bachelor's Degree,Front end Developer,6.0,110000.0,Front end Developer Bachelor's Degree 6.0 years experience Male 32.0 years old
50.0,Male,PhD,Software Engineer Manager,17.0,195000.0,Software Engineer Manager PhD 17.0 years experience Male 50.0 years old
27.0,Male,Bachelor's Degree,Back end Developer,3.0,85000.0,Back end Developer Bachelor's Degree 3.0 years experience Male 27.0 years old
46.0,Male,PhD,Senior Project Engineer,14.0,180000.0,Senior Project Engineer PhD 14.0 years experience Male 46.0 years old
25.0,Female,Bachelor's Degree,Front end Developer,1.0,55000.0,Front end Developer Bachelor's Degree 1.0 years experience Female 25.0 years old
43.0,Male,PhD,Senior Project Engineer,13.0,185000.0,Senior Project Engineer PhD 13.0 years experience Male 43.0 years old
35.0,Male,Bachelor's Degree,Back end Developer,8.0,140000.0,Back end Developer Bachelor's Degree 8.0 years experience Male 35.0 years old
29.0,Female,Master's Degree,Back end Developer,3.0,90000.0,Back end Developer Master's Degree 3.0 years experience Female 29.0 years old
40.0,Female,PhD,Senior Software Engineer,12.0,160000.0,Senior Software Engineer PhD 12.0 years experience Female 40.0 years old
35.0,Male,Bachelor's Degree,Full Stack Engineer,8.0,145000.0,Full Stack Engineer Bachelor's Degree 8.0 years experience Male 35.0 years old
41.0,Male,PhD,Senior Project Engineer,13.0,185000.0,Senior Project Engineer PhD 13.0 years experience Male 41.0 years old
30.0,Male,Master's Degree,Full Stack Engineer,5.0,105000.0,Full Stack Engineer Master's Degree 5.0 years experience Male 30.0 years old
33.0,Male,Bachelor's Degree,Front end Developer,6.0,110000.0,Front end Developer Bachelor's Degree 6.0 years experience Male 33.0 years old
55.0,Male,PhD,Software Engineer Manager,18.0,210000.0,Software Engineer Manager PhD 18.0 years experience Male 55.0 years old
26.0,Female,Master's Degree,Front end Developer,1.0,55000.0,Front end Developer Master's Degree 1.0 years experience Female 26.0 years old
47.0,Male,PhD,Senior Project Engineer,16.0,190000.0,Senior Project Engineer PhD 16.0 years experience Male 47.0 years old
44.0,Female,PhD,Software Engineer Manager,11.0,165000.0,Software Engineer Manager PhD 11.0 years experience Female 44.0 years old
30.0,Male,Master's Degree,Full Stack Engineer,5.0,105000.0,Full Stack Engineer Master's Degree 5.0 years experience Male 30.0 years old
39.0,Female,Master's Degree,Senior Software Engineer,11.0,160000.0,Senior Software Engineer Master's Degree 11.0 years experience Female 39.0 years old
32.0,Male,Bachelor's Degree,Front end Developer,6.0,110000.0,Front end Developer Bachelor's Degree 6.0 years experience Male 32.0 years old
50.0,Male,PhD,Software Engineer Manager,17.0,195000.0,Software Engineer Manager PhD 17.0 years experience Male 50.0 years old
27.0,Male,Bachelor's Degree,Back end Developer,3.0,85000.0,Back end Developer Bachelor's Degree 3.0 years experience Male 27.0 years old
46.0,Male,PhD,Senior Project Engineer,14.0,180000.0,Senior Project Engineer PhD 14.0 years experience Male 46.0 years old
25.0,Female,Bachelor's Degree,Front end Developer,1.0,55000.0,Front end Developer Bachelor's Degree 1.0 years experience Female 25.0 years old
43.0,Male,PhD,Senior Project Engineer,13.0,185000.0,Senior Project Engineer PhD 13.0 years experience Male 43.0 years old
35.0,Male,Bachelor's Degree,Back end Developer,8.0,140000.0,Back end Developer Bachelor's Degree 8.0 years experience Male 35.0 years old
29.0,Female,Master's Degree,Back end Developer,3.0,90000.0,Back end Developer Master's Degree 3.0 years experience Female 29.0 years old
40.0,Female,PhD,Senior Software Engineer,12.0,160000.0,Senior Software Engineer PhD 12.0 years experience Female 40.0 years old
35.0,Male,Bachelor's Degree,Full Stack Engineer,8.0,145000.0,Full Stack Engineer Bachelor's Degree 8.0 years experience Male 35.0 years old
41.0,Male,PhD,Senior Project Engineer,13.0,185000.0,Senior Project Engineer PhD 13.0 years experience Male 41.0 years old
30.0,Male,Master's Degree,Full Stack Engineer,5.0,105000.0,Full Stack Engineer Master's Degree 5.0 years experience Male 30.0 years old
33.0,Male,Bachelor's Degree,Front end Developer,6.0,110000.0,Front end Developer Bachelor's Degree 6.0 years experience Male 33.0 years old
55.0,Male,PhD,Software Engineer Manager,18.0,210000.0,Software Engineer Manager PhD 18.0 years experience Male 55.0 years old
26.0,Female,Master's Degree,Front end Developer,1.0,55000.0,Front end Developer Master's Degree 1.0 years experience Female 26.0 years old
47.0,Male,PhD,Senior Project Engineer,16.0,190000.0,Senior Project Engineer PhD 16.0 years experience Male 47.0 years old
44.0,Female,PhD,Software Engineer Manager,11.0,165000.0,Software Engineer Manager PhD 11.0 years experience Female 44.0 years old
30.0,Male,Master's Degree,Full Stack Engineer,5.0,105000.0,Full Stack Engineer Master's Degree 5.0 years experience Male 30.0 years old
39.0,Female,Master's Degree,Senior Software Engineer,11.0,160000.0,Senior Software Engineer Master's Degree 11.0 years experience Female 39.0 years old
32.0,Male,Bachelor's Degree,Front end Developer,6.0,110000.0,Front end Developer Bachelor's Degree 6.0 years experience Male 32.0 years old
50.0,Male,PhD,Software Engineer Manager,17.0,195000.0,Software Engineer Manager PhD 17.0 years experience Male 50.0 years old
27.0,Male,Bachelor's Degree,Back end Developer,3.0,85000.0,Back end Developer Bachelor's Degree 3.0 years experience Male 27.0 years old
46.0,Male,PhD,Senior Project Engineer,14.0,180000.0,Senior Project Engineer PhD 14.0 years experience Male 46.0 years old
25.0,Female,Bachelor's Degree,Front end Developer,1.0,55000.0,Front end Developer Bachelor's Degree 1.0 years experience Female 25.0 years old
43.0,Male,PhD,Senior Project Engineer,13.0,185000.0,Senior Project Engineer PhD 13.0 years experience Male 43.0 years old
35.0,Male,Bachelor's Degree,Back end Developer,8.0,140000.0,Back end Developer Bachelor's Degree 8.0 years experience Male 35.0 years old
29.0,Female,Master's Degree,Back end Developer,3.0,90000.0,Back end Developer Master's Degree 3.0 years experience Female 29.0 years old
40.0,Female,PhD,Senior Software Engineer,12.0,160000.0,Senior Software Engineer PhD 12.0 years experience Female 40.0 years old
35.0,Male,Bachelor's Degree,Full Stack Engineer,8.0,145000.0,Full Stack Engineer Bachelor's Degree 8.0 years experience Male 35.0 years old
41.0,Male,PhD,Senior Project Engineer,13.0,185000.0,Senior Project Engineer PhD 13.0 years experience Male 41.0 years old
30.0,Male,Master's Degree,Full Stack Engineer,5.0,105000.0,Full Stack Engineer Master's Degree 5.0 years experience Male 30.0 years old
33.0,Male,Bachelor's Degree,Front end Developer,6.0,110000.0,Front end Developer Bachelor's Degree 6.0 years experience Male 33.0 years old
55.0,Male,PhD,Software Engineer Manager,18.0,210000.0,Software Engineer Manager PhD 18.0 years experience Male 55.0 years old
26.0,Female,Master's Degree,Front end Developer,1.0,55000.0,Front end Developer Master's Degree 1.0 years experience Female 26.0 years old
47.0,Male,PhD,Senior Project Engineer,16.0,190000.0,Senior Project Engineer PhD 16.0 years experience Male 47.0 years old
44.0,Female,PhD,Software Engineer Manager,11.0,165000.0,Software Engineer Manager PhD 11.0 years experience Female 44.0 years old
30.0,Male,Master's Degree,Full Stack Engineer,5.0,105000.0,Full Stack Engineer Master's Degree 5.0 years experience Male 30.0 years old
39.0,Female,Master's Degree,Senior Software Engineer,11.0,160000.0,Senior Software Engineer Master's Degree 11.0 years experience Female 39.0 years old
32.0,Male,Bachelor's Degree,Front end Developer,6.0,110000.0,Front end Developer Bachelor's Degree 6.0 years experience Male 32.0 years old
50.0,Male,PhD,Software Engineer Manager,17.0,195000.0,Software Engineer Manager PhD 17.0 years experience Male 50.0 years old
27.0,Male,Bachelor's Degree,Back end Developer,3.0,85000.0,Back end Developer Bachelor's Degree 3.0 years experience Male 27.0 years old
46.0,Male,PhD,Senior Project Engineer,14.0,180000.0,Senior Project Engineer PhD 14.0 years experience Male 46.0 years old
25.0,Female,Bachelor's Degree,Front end Developer,1.0,55000.0,Front end Developer Bachelor's Degree 1.0 years experience Female 25.0 years old
43.0,Male,PhD,Senior Project Engineer,13.0,185000.0,Senior Project Engineer PhD 13.0 years experience Male 43.0 years old
35.0,Male,Bachelor's Degree,Back end Developer,8.0,140000.0,Back end Developer Bachelor's Degree 8.0 years experience Male 35.0 years old
29.0,Female,Master's Degree,Back end Developer,3.0,90000.0,Back end Developer Master's Degree 3.0 years experience Female 29.0 years old
40.0,Female,PhD,Senior Software Engineer,12.0,160000.0,Senior Software Engineer PhD 12.0 years experience Female 40.0 years old
35.0,Male,Bachelor's Degree,Full Stack Engineer,8.0,145000.0,Full Stack Engineer Bachelor's Degree 8.0 years experience Male 35.0 years old
41.0,Male,PhD,Senior Project Engineer,13.0,185000.0,Senior Project Engineer PhD 13.0 years experience Male 41.0 years old
30.0,Male,Master's Degree,Full Stack Engineer,5.0,105000.0,Full Stack Engineer Master's Degree 5.0 years experience Male 30.0 years old
33.0,Male,Bachelor's Degree,Front end Developer,6.0,110000.0,Front end Developer Bachelor's Degree 6.0 years experience Male 33.0 years old
55.0,Male,PhD,Software Engineer Manager,18.0,210000.0,Software Engineer Manager PhD 18.0 years experience Male 55.0 years old
26.0,Female,Master's Degree,Front end Developer,1.0,55000.0,Front end Developer Master's Degree 1.0 years experience Female 26.0 years old
47.0,Male,PhD,Senior Project Engineer,16.0,190000.0,Senior Project Engineer PhD 16.0 years experience Male 47.0 years old
44.0,Female,PhD,Software Engineer Manager,11.0,165000.0,Software Engineer Manager PhD 11.0 years experience Female 44.0 years old
30.0,Male,Master's Degree,Full Stack Engineer,5.0,105000.0,Full Stack Engineer Master's Degree 5.0 years experience Male 30.0 years old
39.0,Female,Master's Degree,Senior Software Engineer,11.0,160000.0,Senior Software Engineer Master's Degree 11.0 years experience Female 39.0 years old
32.0,Male,Bachelor's Degree,Front end Developer,6.0,110000.0,Front end Developer Bachelor's Degree 6.0 years experience Male 32.0 years old
50.0,Male,PhD,Software Engineer Manager,17.0,195000.0,Software Engineer Manager PhD 17.0 years experience Male 50.0 years old
27.0,Male,Bachelor's Degree,Back end Developer,3.0,85000.0,Back end Developer Bachelor's Degree 3.0 years experience Male 27.0 years old
46.0,Male,PhD,Senior Project Engineer,14.0,180000.0,Senior Project Engineer PhD 14.0 years experience Male 46.0 years old
25.0,Female,Bachelor's Degree,Front end Developer,1.0,55000.0,Front end Developer Bachelor's Degree 1.0 years experience Female 25.0 years old
43.0,Male,PhD,Senior Project Engineer,13.0,185000.0,Senior Project Engineer PhD 13.0 years experience Male 43.0 years old
35.0,Male,Bachelor's Degree,Back end Developer,8.0,140000.0,Back end Developer Bachelor's Degree 8.0 years experience Male 35.0 years old
29.0,Female,Master's Degree,Back end Developer,3.0,90000.0,Back end Developer Master's Degree 3.0 years experience Female 29.0 years old
40.0,Female,PhD,Senior Software Engineer,12.0,160000.0,Senior Software Engineer PhD 12.0 years experience Female 40.0 years old
35.0,Male,Bachelor's Degree,Full Stack Engineer,8.0,145000.0,Full Stack Engineer Bachelor's Degree 8.0 years experience Male 35.0 years old
41.0,Male,PhD,Senior Project Engineer,13.0,185000.0,Senior Project Engineer PhD 13.0 years experience Male 41.0 years old
30.0,Male,Master's Degree,Full Stack Engineer,5.0,105000.0,Full Stack Engineer Master's Degree 5.0 years experience Male 30.0 years old
33.0,Male,Bachelor's Degree,Front end Developer,6.0,110000.0,Front end Developer Bachelor's Degree 6.0 years experience Male 33.0 years old
55.0,Male,PhD,Software Engineer Manager,18.0,210000.0,Software Engineer Manager PhD 18.0 years experience Male 55.0 years old
31.0,Male,Bachelor's Degree,Front end Developer,6.0,115000.0,Front end Developer Bachelor's Degree 6.0 years experience Male 31.0 years old
42.0,Female,Master's Degree,Software Engineer Manager,13.0,170000.0,Software Engineer Manager Master's Degree 13.0 years experience Female 42.0 years old
27.0,Female,Bachelor's Degree,Back end Developer,3.0,80000.0,Back end Developer Bachelor's Degree 3.0 years experience Female 27.0 years old
51.0,Male,PhD,Senior Project Engineer,19.0,200000.0,Senior Project Engineer PhD 19.0 years experience Male 51.0 years old
34.0,Female,Master's Degree,Full Stack Engineer,7.0,130000.0,Full Stack Engineer Master's Degree 7.0 years experience Female 34.0 years old
38.0,Male,Bachelor's Degree,Software Engineer Manager,11.0,155000.0,Software Engineer Manager Bachelor's Degree 11.0 years experience Male 38.0 years old
29.0,Male,Bachelor's Degree,Front end Developer,5.0,105000.0,Front end Developer Bachelor's Degree 5.0 years experience Male 29.0 years old
43.0,Female,PhD,Senior Project Engineer,14.0,190000.0,Senior Project Engineer PhD 14.0 years experience Female 43.0 years old
36.0,Male,Master's Degree,Back end Developer,8.0,140000.0,Back end Developer Master's Degree 8.0 years experience Male 36.0 years old
48.0,Male,PhD,Software Engineer Manager,16.0,185000.0,Software Engineer Manager PhD 16.0 years experience Male 48.0 years old
35.0,Female,Bachelor's Degree,Full Stack Engineer,8.0,145000.0,Full Stack Engineer Bachelor's Degree 8.0 years experience Female 35.0 years old
30.0,Female,Master's Degree,Front end Developer,4.0,90000.0,Front end Developer Master's Degree 4.0 years experience Female 30.0 years old
50.0,Male,PhD,Senior Project Engineer,18.0,195000.0,Senior Project Engineer PhD 18.0 years experience Male 50.0 years old
29.0,Male,Bachelor's Degree,Back end Developer,4.0,95000.0,Back end Developer Bachelor's Degree 4.0 years experience Male 29.0 years old
41.0,Male,Master's Degree,Software Engineer Manager,13.0,170000.0,Software Engineer Manager Master's Degree 13.0 years experience Male 41.0 years old
33.0,Female,Bachelor's Degree,Full Stack Engineer,6.0,115000.0,Full Stack Engineer Bachelor's Degree 6.0 years experience Female 33.0 years old
45.0,Male,PhD,Senior Project Engineer,16.0,185000.0,Senior Project Engineer PhD 16.0 years experience Male 45.0 years old
28.0,Female,Bachelor's Degree,Front end Developer,2.0,65000.0,Front end Developer Bachelor's Degree 2.0 years experience Female 28.0 years old
39.0,Female,Master's Degree,Software Engineer Manager,12.0,160000.0,Software Engineer Manager Master's Degree 12.0 years experience Female 39.0 years old
30.0,Male,Bachelor's Degree,Back end Developer,5.0,100000.0,Back end Developer Bachelor's Degree 5.0 years experience Male 30.0 years old
46.0,Male,PhD,Senior Project Engineer,15.0,180000.0,Senior Project Engineer PhD 15.0 years experience Male 46.0 years old
25.0,Female,Bachelor's Degree,Front end Developer,1.0,55000.0,Front end Developer Bachelor's Degree 1.0 years experience Female 25.0 years old
42.0,Male,PhD,Software Engineer Manager,14.0,190000.0,Software Engineer Manager PhD 14.0 years experience Male 42.0 years old
31.0,Male,Bachelor's Degree,Full Stack Engineer,6.0,115000.0,Full Stack Engineer Bachelor's Degree 6.0 years experience Male 31.0 years old
49.0,Female,PhD,Senior Project Engineer,17.0,195000.0,Senior Project Engineer PhD 17.0 years experience Female 49.0 years old
36.0,Male,Master's Degree,Back end Developer,9.0,150000.0,Back end Developer Master's Degree 9.0 years experience Male 36.0 years old
33.0,Female,Bachelor's Degree,Full Stack Engineer,6.0,115000.0,Full Stack Engineer Bachelor's Degree 6.0 years experience Female 33.0 years old
45.0,Male,PhD,Software Engineer Manager,16.0,185000.0,Software Engineer Manager PhD 16.0 years experience Male 45.0 years old
28.0,Female,Bachelor's Degree,Front end Developer,2.0,65000.0,Front end Developer Bachelor's Degree 2.0 years experience Female 28.0 years old
39.0,Female,Master's Degree,Software Engineer Manager,12.0,160000.0,Software Engineer Manager Master's Degree 12.0 years experience Female 39.0 years old
30.0,Male,Bachelor's Degree,Back end Developer,5.0,100000.0,Back end Developer Bachelor's Degree 5.0 years experience Male 30.0 years old
46.0,Male,PhD,Senior Project Engineer,15.0,180000.0,Senior Project Engineer PhD 15.0 years experience Male 46.0 years old
25.0,Female,Bachelor's Degree,Front end Developer,1.0,55000.0,Front end Developer Bachelor's Degree 1.0 years experience Female 25.0 years old
42.0,Male,PhD,Software Engineer Manager,14.0,190000.0,Software Engineer Manager PhD 14.0 years experience Male 42.0 years old
31.0,Male,Bachelor's Degree,Full Stack Engineer,6.0,115000.0,Full Stack Engineer Bachelor's Degree 6.0 years experience Male 31.0 years old
49.0,Female,PhD,Senior Project Engineer,17.0,195000.0,Senior Project Engineer PhD 17.0 years experience Female 49.0 years old
36.0,Male,Master's Degree,Back end Developer,9.0,150000.0,Back end Developer Master's Degree 9.0 years experience Male 36.0 years old
33.0,Female,Bachelor's Degree,Full Stack Engineer,6.0,115000.0,Full Stack Engineer Bachelor's Degree 6.0 years experience Female 33.0 years old
45.0,Male,PhD,Software Engineer Manager,16.0,185000.0,Software Engineer Manager PhD 16.0 years experience Male 45.0 years old
28.0,Female,Bachelor's Degree,Front end Developer,2.0,65000.0,Front end Developer Bachelor's Degree 2.0 years experience Female 28.0 years old
39.0,Female,Master's Degree,Software Engineer Manager,12.0,160000.0,Software Engineer Manager Master's Degree 12.0 years experience Female 39.0 years old
30.0,Male,Bachelor's Degree,Back end Developer,5.0,100000.0,Back end Developer Bachelor's Degree 5.0 years experience Male 30.0 years old
46.0,Male,PhD,Senior Project Engineer,15.0,180000.0,Senior Project Engineer PhD 15.0 years experience Male 46.0 years old
25.0,Female,Bachelor's Degree,Front end Developer,1.0,55000.0,Front end Developer Bachelor's Degree 1.0 years experience Female 25.0 years old
42.0,Male,PhD,Software Engineer Manager,14.0,190000.0,Software Engineer Manager PhD 14.0 years experience Male 42.0 years old
31.0,Male,Bachelor's Degree,Full Stack Engineer,6.0,115000.0,Full Stack Engineer Bachelor's Degree 6.0 years experience Male 31.0 years old
49.0,Female,PhD,Senior Project Engineer,17.0,195000.0,Senior Project Engineer PhD 17.0 years experience Female 49.0 years old
36.0,Male,Master's Degree,Back end Developer,9.0,150000.0,Back end Developer Master's Degree 9.0 years experience Male 36.0 years old
33.0,Female,Bachelor's Degree,Full Stack Engineer,6.0,115000.0,Full Stack Engineer Bachelor's Degree 6.0 years experience Female 33.0 years old
45.0,Male,PhD,Software Engineer Manager,16.0,185000.0,Software Engineer Manager PhD 16.0 years experience Male 45.0 years old
28.0,Female,Bachelor's Degree,Front end Developer,2.0,65000.0,Front end Developer Bachelor's Degree 2.0 years experience Female 28.0 years old
39.0,Female,Master's Degree,Software Engineer Manager,12.0,160000.0,Software Engineer Manager Master's Degree 12.0 years experience Female 39.0 years old
30.0,Male,Bachelor's Degree,Back end Developer,5.0,100000.0,Back end Developer Bachelor's Degree 5.0 years experience Male 30.0 years old
46.0,Male,PhD,Senior Project Engineer,15.0,180000.0,Senior Project Engineer PhD 15.0 years experience Male 46.0 years old
25.0,Female,Bachelor's Degree,Front end Developer,1.0,55000.0,Front end Developer Bachelor's Degree 1.0 years experience Female 25.0 years old
42.0,Male,PhD,Software Engineer Manager,14.0,190000.0,Software Engineer Manager PhD 14.0 years experience Male 42.0 years old
31.0,Male,Bachelor's Degree,Full Stack Engineer,6.0,115000.0,Full Stack Engineer Bachelor's Degree 6.0 years experience Male 31.0 years old
49.0,Female,PhD,Senior Project Engineer,17.0,195000.0,Senior Project Engineer PhD 17.0 years experience Female 49.0 years old
36.0,Male,Master's Degree,Back end Developer,9.0,150000.0,Back end Developer Master's Degree 9.0 years experience Male 36.0 years old
33.0,Female,Bachelor's Degree,Full Stack Engineer,6.0,115000.0,Full Stack Engineer Bachelor's Degree 6.0 years experience Female 33.0 years old
45.0,Male,PhD,Software Engineer Manager,16.0,185000.0,Software Engineer Manager PhD 16.0 years experience Male 45.0 years old
28.0,Female,Bachelor's Degree,Front end Developer,2.0,65000.0,Front end Developer Bachelor's Degree 2.0 years experience Female 28.0 years old
39.0,Female,Master's Degree,Software Engineer Manager,12.0,160000.0,Software Engineer Manager Master's Degree 12.0 years experience Female 39.0 years old
30.0,Male,Bachelor's Degree,Back end Developer,5.0,100000.0,Back end Developer Bachelor's Degree 5.0 years experience Male 30.0 years old
46.0,Male,PhD,Senior Project Engineer,15.0,180000.0,Senior Project Engineer PhD 15.0 years experience Male 46.0 years old
25.0,Female,Bachelor's Degree,Front end Developer,1.0,55000.0,Front end Developer Bachelor's Degree 1.0 years experience Female 25.0 years old
42.0,Male,PhD,Software Engineer Manager,14.0,190000.0,Software Engineer Manager PhD 14.0 years experience Male 42.0 years old
31.0,Male,Bachelor's Degree,Full Stack Engineer,6.0,115000.0,Full Stack Engineer Bachelor's Degree 6.0 years experience Male 31.0 years old
49.0,Female,PhD,Senior Project Engineer,17.0,195000.0,Senior Project Engineer PhD 17.0 years experience Female 49.0 years old
36.0,Male,Master's Degree,Back end Developer,9.0,150000.0,Back end Developer Master's Degree 9.0 years experience Male 36.0 years old
33.0,Female,Bachelor's Degree,Full Stack Engineer,6.0,115000.0,Full Stack Engineer Bachelor's Degree 6.0 years experience Female 33.0 years old
45.0,Male,PhD,Software Engineer Manager,16.0,185000.0,Software Engineer Manager PhD 16.0 years experience Male 45.0 years old
28.0,Female,Bachelor's Degree,Front end Developer,2.0,65000.0,Front end Developer Bachelor's Degree 2.0 years experience Female 28.0 years old
39.0,Female,Master's Degree,Software Engineer Manager,12.0,160000.0,Software Engineer Manager Master's Degree 12.0 years experience Female 39.0 years old
30.0,Male,Bachelor's Degree,Back end Developer,5.0,100000.0,Back end Developer Bachelor's Degree 5.0 years experience Male 30.0 years old
46.0,Male,PhD,Senior Project Engineer,15.0,180000.0,Senior Project Engineer PhD 15.0 years experience Male 46.0 years old
25.0,Female,Bachelor's Degree,Front end Developer,1.0,55000.0,Front end Developer Bachelor's Degree 1.0 years experience Female 25.0 years old
42.0,Male,PhD,Software Engineer Manager,14.0,190000.0,Software Engineer Manager PhD 14.0 years experience Male 42.0 years old
31.0,Male,Bachelor's Degree,Full Stack Engineer,6.0,115000.0,Full Stack Engineer Bachelor's Degree 6.0 years experience Male 31.0 years old
49.0,Female,PhD,Senior Project Engineer,17.0,195000.0,Senior Project Engineer PhD 17.0 years experience Female 49.0 years old
36.0,Male,Master's Degree,Back end Developer,9.0,150000.0,Back end Developer Master's Degree 9.0 years experience Male 36.0 years old
33.0,Female,Bachelor's Degree,Full Stack Engineer,6.0,115000.0,Full Stack Engineer Bachelor's Degree 6.0 years experience Female 33.0 years old
45.0,Male,PhD,Software Engineer Manager,16.0,185000.0,Software Engineer Manager PhD 16.0 years experience Male 45.0 years old
28.0,Female,Bachelor's Degree,Front end Developer,2.0,65000.0,Front end Developer Bachelor's Degree 2.0 years experience Female 28.0 years old
39.0,Female,Master's Degree,Software Engineer Manager,12.0,160000.0,Software Engineer Manager Master's Degree 12.0 years experience Female 39.0 years old
30.0,Male,Bachelor's Degree,Back end Developer,5.0,100000.0,Back end Developer Bachelor's Degree 5.0 years experience Male 30.0 years old
46.0,Male,PhD,Senior Project Engineer,15.0,180000.0,Senior Project Engineer PhD 15.0 years experience Male 46.0 years old
25.0,Female,Bachelor's Degree,Front end Developer,1.0,55000.0,Front end Developer Bachelor's Degree 1.0 years experience Female 25.0 years old
42.0,Male,PhD,Software Engineer Manager,14.0,190000.0,Software Engineer Manager PhD 14.0 years experience Male 42.0 years old
31.0,Male,Bachelor's Degree,Full Stack Engineer,6.0,115000.0,Full Stack Engineer Bachelor's Degree 6.0 years experience Male 31.0 years old
49.0,Female,PhD,Senior Project Engineer,17.0,195000.0,Senior Project Engineer PhD 17.0 years experience Female 49.0 years old
36.0,Male,Master's Degree,Back end Developer,9.0,150000.0,Back end Developer Master's Degree 9.0 years experience Male 36.0 years old
33.0,Female,Bachelor's Degree,Full Stack Engineer,6.0,115000.0,Full Stack Engineer Bachelor's Degree 6.0 years experience Female 33.0 years old
45.0,Male,PhD,Software Engineer Manager,16.0,185000.0,Software Engineer Manager PhD 16.0 years experience Male 45.0 years old
28.0,Female,Bachelor's Degree,Front end Developer,2.0,65000.0,Front end Developer Bachelor's Degree 2.0 years experience Female 28.0 years old
39.0,Female,Master's Degree,Software Engineer Manager,12.0,160000.0,Software Engineer Manager Master's Degree 12.0 years experience Female 39.0 years old
30.0,Male,Bachelor's Degree,Back end Developer,5.0,100000.0,Back end Developer Bachelor's Degree 5.0 years experience Male 30.0 years old
46.0,Male,PhD,Senior Project Engineer,15.0,180000.0,Senior Project Engineer PhD 15.0 years experience Male 46.0 years old
25.0,Female,Bachelor's Degree,Front end Developer,1.0,55000.0,Front end Developer Bachelor's Degree 1.0 years experience Female 25.0 years old
42.0,Male,PhD,Software Engineer Manager,14.0,190000.0,Software Engineer Manager PhD 14.0 years experience Male 42.0 years old
31.0,Male,Bachelor's Degree,Full Stack Engineer,6.0,115000.0,Full Stack Engineer Bachelor's Degree 6.0 years experience Male 31.0 years old
49.0,Female,PhD,Senior Project Engineer,17.0,195000.0,Senior Project Engineer PhD 17.0 years experience Female 49.0 years old
36.0,Male,Master's Degree,Back end Developer,9.0,150000.0,Back end Developer Master's Degree 9.0 years experience Male 36.0 years old
33.0,Female,Bachelor's Degree,Full Stack Engineer,6.0,115000.0,Full Stack Engineer Bachelor's Degree 6.0 years experience Female 33.0 years old
45.0,Male,PhD,Software Engineer Manager,16.0,185000.0,Software Engineer Manager PhD 16.0 years experience Male 45.0 years old
28.0,Female,Bachelor's Degree,Front end Developer,2.0,65000.0,Front end Developer Bachelor's Degree 2.0 years experience Female 28.0 years old
39.0,Female,Master's Degree,Software Engineer Manager,12.0,160000.0,Software Engineer Manager Master's Degree 12.0 years experience Female 39.0 years old
30.0,Male,Bachelor's Degree,Back end Developer,5.0,100000.0,Back end Developer Bachelor's Degree 5.0 years experience Male 30.0 years old
46.0,Male,PhD,Senior Project Engineer,15.0,180000.0,Senior Project Engineer PhD 15.0 years experience Male 46.0 years old
25.0,Female,Bachelor's Degree,Front end Developer,1.0,55000.0,Front end Developer Bachelor's Degree 1.0 years experience Female 25.0 years old
42.0,Male,PhD,Software Engineer Manager,14.0,190000.0,Software Engineer Manager PhD 14.0 years experience Male 42.0 years old
31.0,Male,Bachelor's Degree,Full Stack Engineer,6.0,115000.0,Full Stack Engineer Bachelor's Degree 6.0 years experience Male 31.0 years old
49.0,Female,PhD,Senior Project Engineer,17.0,195000.0,Senior Project Engineer PhD 17.0 years experience Female 49.0 years old
36.0,Male,Master's Degree,Back end Developer,9.0,150000.0,Back end Developer Master's Degree 9.0 years experience Male 36.0 years old
33.0,Female,Bachelor's Degree,Full Stack Engineer,6.0,115000.0,Full Stack Engineer Bachelor's Degree 6.0 years experience Female 33.0 years old
45.0,Male,PhD,Software Engineer Manager,16.0,185000.0,Software Engineer Manager PhD 16.0 years experience Male 45.0 years old
28.0,Female,Bachelor's Degree,Front end Developer,2.0,65000.0,Front end Developer Bachelor's Degree 2.0 years experience Female 28.0 years old
39.0,Female,Master's Degree,Software Engineer Manager,12.0,160000.0,Software Engineer Manager Master's Degree 12.0 years experience Female 39.0 years old
30.0,Male,Bachelor's Degree,Back end Developer,5.0,100000.0,Back end Developer Bachelor's Degree 5.0 years experience Male 30.0 years old
46.0,Male,PhD,Senior Project Engineer,15.0,180000.0,Senior Project Engineer PhD 15.0 years experience Male 46.0 years old
25.0,Female,Bachelor's Degree,Front end Developer,1.0,550.0,Front end Developer Bachelor's Degree 1.0 years experience Female 25.0 years old
29.0,Male,Bachelor's Degree,Front end Developer,4.0,90000.0,Front end Developer Bachelor's Degree 4.0 years experience Male 29.0 years old
40.0,Female,Master's Degree,Software Engineer Manager,12.0,160000.0,Software Engineer Manager Master's Degree 12.0 years experience Female 40.0 years old
27.0,Female,Bachelor's Degree,Back end Developer,3.0,80000.0,Back end Developer Bachelor's Degree 3.0 years experience Female 27.0 years old
50.0,Male,PhD,Senior Project Engineer,18.0,195000.0,Senior Project Engineer PhD 18.0 years experience Male 50.0 years old
33.0,Female,Master's Degree,Full Stack Engineer,6.0,115000.0,Full Stack Engineer Master's Degree 6.0 years experience Female 33.0 years old
37.0,Male,Bachelor's Degree,Software Engineer Manager,10.0,150000.0,Software Engineer Manager Bachelor's Degree 10.0 years experience Male 37.0 years old
28.0,Male,Bachelor's Degree,Front end Developer,2.0,65000.0,Front end Developer Bachelor's Degree 2.0 years experience Male 28.0 years old
44.0,Female,PhD,Senior Project Engineer,14.0,190000.0,Senior Project Engineer PhD 14.0 years experience Female 44.0 years old
35.0,Male,Master's Degree,Back end Developer,8.0,140000.0,Back end Developer Master's Degree 8.0 years experience Male 35.0 years old
47.0,Male,PhD,Software Engineer Manager,16.0,185000.0,Software Engineer Manager PhD 16.0 years experience Male 47.0 years old
34.0,Female,Bachelor's Degree,Full Stack Engineer,7.0,130000.0,Full Stack Engineer Bachelor's Degree 7.0 years experience Female 34.0 years old
31.0,Female,Master's Degree,Front end Developer,5.0,105000.0,Front end Developer Master's Degree 5.0 years experience Female 31.0 years old
51.0,Male,PhD,Senior Project Engineer,19.0,200000.0,Senior Project Engineer PhD 19.0 years experience Male 51.0 years old
30.0,Male,Bachelor's Degree,Back end Developer,5.0,100000.0,Back end Developer Bachelor's Degree 5.0 years experience Male 30.0 years old
42.0,Male,Master's Degree,Software Engineer Manager,13.0,170000.0,Software Engineer Manager Master's Degree 13.0 years experience Male 42.0 years old
33.0,Female,Bachelor's Degree,Full Stack Engineer,6.0,115000.0,Full Stack Engineer Bachelor's Degree 6.0 years experience Female 33.0 years old
45.0,Male,PhD,Senior Project Engineer,16.0,185000.0,Senior Project Engineer PhD 16.0 years experience Male 45.0 years old
29.0,Female,Bachelor's Degree,Front end Developer,4.0,90000.0,Front end Developer Bachelor's Degree 4.0 years experience Female 29.0 years old
39.0,Female,Master's Degree,Software Engineer Manager,12.0,160000.0,Software Engineer Manager Master's Degree 12.0 years experience Female 39.0 years old
27.0,Male,Bachelor's Degree,Back end Developer,3.0,80000.0,Back end Developer Bachelor's Degree 3.0 years experience Male 27.0 years old
49.0,Male,PhD,Senior Project Engineer,17.0,195000.0,Senior Project Engineer PhD 17.0 years experience Male 49.0 years old
32.0,Female,Master's Degree,Full Stack Engineer,6.0,115000.0,Full Stack Engineer Master's Degree 6.0 years experience Female 32.0 years old
36.0,Male,Bachelor's Degree,Software Engineer Manager,8.0,135000.0,Software Engineer Manager Bachelor's Degree 8.0 years experience Male 36.0 years old
27.0,Male,Bachelor's Degree,Front end Developer,2.0,65000.0,Front end Developer Bachelor's Degree 2.0 years experience Male 27.0 years old
43.0,Female,PhD,Senior Project Engineer,14.0,190000.0,Senior Project Engineer PhD 14.0 years experience Female 43.0 years old
34.0,Male,Master's Degree,Back end Developer,8.0,140000.0,Back end Developer Master's Degree 8.0 years experience Male 34.0 years old
46.0,Male,PhD,Software Engineer Manager,16.0,185000.0,Software Engineer Manager PhD 16.0 years experience Male 46.0 years old
33.0,Female,Bachelor's Degree,Full Stack Engineer,7.0,130000.0,Full Stack Engineer Bachelor's Degree 7.0 years experience Female 33.0 years old
30.0,Female,Master's Degree,Front end Developer,5.0,105000.0,Front end Developer Master's Degree 5.0 years experience Female 30.0 years old
50.0,Male,PhD,Senior Project Engineer,19.0,200000.0,Senior Project Engineer PhD 19.0 years experience Male 50.0 years old
30.0,Male,Bachelor's Degree,Back end Developer,5.0,100000.0,Back end Developer Bachelor's Degree 5.0 years experience Male 30.0 years old
42.0,Male,Master's Degree,Software Engineer Manager,13.0,170000.0,Software Engineer Manager Master's Degree 13.0 years experience Male 42.0 years old
33.0,Female,Bachelor's Degree,Full Stack Engineer,6.0,115000.0,Full Stack Engineer Bachelor's Degree 6.0 years experience Female 33.0 years old
45.0,Male,PhD,Senior Project Engineer,16.0,185000.0,Senior Project Engineer PhD 16.0 years experience Male 45.0 years old
29.0,Female,Bachelor's Degree,Front end Developer,4.0,90000.0,Front end Developer Bachelor's Degree 4.0 years experience Female 29.0 years old
39.0,Female,Master's Degree,Software Engineer Manager,12.0,160000.0,Software Engineer Manager Master's Degree 12.0 years experience Female 39.0 years old
27.0,Male,Bachelor's Degree,Back end Developer,3.0,80000.0,Back end Developer Bachelor's Degree 3.0 years experience Male 27.0 years old
49.0,Male,PhD,Senior Project Engineer,17.0,195000.0,Senior Project Engineer PhD 17.0 years experience Male 49.0 years old
32.0,Female,Master's Degree,Full Stack Engineer,6.0,115000.0,Full Stack Engineer Master's Degree 6.0 years experience Female 32.0 years old
36.0,Male,Bachelor's Degree,Software Engineer Manager,8.0,135000.0,Software Engineer Manager Bachelor's Degree 8.0 years experience Male 36.0 years old
27.0,Male,Bachelor's Degree,Front end Developer,2.0,65000.0,Front end Developer Bachelor's Degree 2.0 years experience Male 27.0 years old
43.0,Female,PhD,Senior Project Engineer,14.0,190000.0,Senior Project Engineer PhD 14.0 years experience Female 43.0 years old
34.0,Male,Master's Degree,Back end Developer,8.0,140000.0,Back end Developer Master's Degree 8.0 years experience Male 34.0 years old
46.0,Male,PhD,Software Engineer Manager,16.0,185000.0,Software Engineer Manager PhD 16.0 years experience Male 46.0 years old
33.0,Female,Bachelor's Degree,Full Stack Engineer,7.0,130000.0,Full Stack Engineer Bachelor's Degree 7.0 years experience Female 33.0 years old
30.0,Female,Master's Degree,Front end Developer,5.0,105000.0,Front end Developer Master's Degree 5.0 years experience Female 30.0 years old
50.0,Male,PhD,Senior Project Engineer,19.0,200000.0,Senior Project Engineer PhD 19.0 years experience Male 50.0 years old
30.0,Male,Bachelor's Degree,Back end Developer,5.0,100000.0,Back end Developer Bachelor's Degree 5.0 years experience Male 30.0 years old
42.0,Male,Master's Degree,Software Engineer Manager,13.0,170000.0,Software Engineer Manager Master's Degree 13.0 years experience Male 42.0 years old
33.0,Female,Bachelor's Degree,Full Stack Engineer,6.0,115000.0,Full Stack Engineer Bachelor's Degree 6.0 years experience Female 33.0 years old
45.0,Male,PhD,Senior Project Engineer,16.0,185000.0,Senior Project Engineer PhD 16.0 years experience Male 45.0 years old
29.0,Female,Bachelor's Degree,Front end Developer,4.0,90000.0,Front end Developer Bachelor's Degree 4.0 years experience Female 29.0 years old
39.0,Female,Master's Degree,Software Engineer Manager,12.0,160000.0,Software Engineer Manager Master's Degree 12.0 years experience Female 39.0 years old
27.0,Male,Bachelor's Degree,Back end Developer,3.0,80000.0,Back end Developer Bachelor's Degree 3.0 years experience Male 27.0 years old
49.0,Male,PhD,Senior Project Engineer,17.0,195000.0,Senior Project Engineer PhD 17.0 years experience Male 49.0 years old
32.0,Female,Master's Degree,Full Stack Engineer,6.0,115000.0,Full Stack Engineer Master's Degree 6.0 years experience Female 32.0 years old
36.0,Male,Bachelor's Degree,Software Engineer Manager,8.0,135000.0,Software Engineer Manager Bachelor's Degree 8.0 years experience Male 36.0 years old
27.0,Male,Bachelor's Degree,Front end Developer,2.0,65000.0,Front end Developer Bachelor's Degree 2.0 years experience Male 27.0 years old
43.0,Female,PhD,Senior Project Engineer,14.0,190000.0,Senior Project Engineer PhD 14.0 years experience Female 43.0 years old
34.0,Male,Master's Degree,Back end Developer,8.0,140000.0,Back end Developer Master's Degree 8.0 years experience Male 34.0 years old
46.0,Male,PhD,Software Engineer Manager,16.0,185000.0,Software Engineer Manager PhD 16.0 years experience Male 46.0 years old
33.0,Female,Bachelor's Degree,Full Stack Engineer,7.0,130000.0,Full Stack Engineer Bachelor's Degree 7.0 years experience Female 33.0 years old
30.0,Female,Master's Degree,Front end Developer,5.0,105000.0,Front end Developer Master's Degree 5.0 years experience Female 30.0 years old
50.0,Male,PhD,Senior Project Engineer,19.0,200000.0,Senior Project Engineer PhD 19.0 years experience Male 50.0 years old
30.0,Male,Bachelor's Degree,Back end Developer,5.0,100000.0,Back end Developer Bachelor's Degree 5.0 years experience Male 30.0 years old
42.0,Male,Master's Degree,Software Engineer Manager,13.0,170000.0,Software Engineer Manager Master's Degree 13.0 years experience Male 42.0 years old
33.0,Female,Bachelor's Degree,Full Stack Engineer,6.0,115000.0,Full Stack Engineer Bachelor's Degree 6.0 years experience Female 33.0 years old
45.0,Male,PhD,Senior Project Engineer,16.0,185000.0,Senior Project Engineer PhD 16.0 years experience Male 45.0 years old
29.0,Female,Bachelor's Degree,Front end Developer,4.0,90000.0,Front end Developer Bachelor's Degree 4.0 years experience Female 29.0 years old
39.0,Female,Master's Degree,Software Engineer Manager,12.0,160000.0,Software Engineer Manager Master's Degree 12.0 years experience Female 39.0 years old
27.0,Male,Bachelor's Degree,Back end Developer,3.0,80000.0,Back end Developer Bachelor's Degree 3.0 years experience Male 27.0 years old
49.0,Male,PhD,Senior Project Engineer,17.0,195000.0,Senior Project Engineer PhD 17.0 years experience Male 49.0 years old
32.0,Female,Master's Degree,Full Stack Engineer,6.0,115000.0,Full Stack Engineer Master's Degree 6.0 years experience Female 32.0 years old
36.0,Male,Bachelor's Degree,Software Engineer Manager,8.0,135000.0,Software Engineer Manager Bachelor's Degree 8.0 years experience Male 36.0 years old
27.0,Male,Bachelor's Degree,Front end Developer,2.0,65000.0,Front end Developer Bachelor's Degree 2.0 years experience Male 27.0 years old
43.0,Female,PhD,Senior Project Engineer,14.0,190000.0,Senior Project Engineer PhD 14.0 years experience Female 43.0 years old
34.0,Male,Master's Degree,Back end Developer,8.0,140000.0,Back end Developer Master's Degree 8.0 years experience Male 34.0 years old
46.0,Male,PhD,Software Engineer Manager,16.0,185000.0,Software Engineer Manager PhD 16.0 years experience Male 46.0 years old
33.0,Female,Bachelor's Degree,Full Stack Engineer,7.0,130000.0,Full Stack Engineer Bachelor's Degree 7.0 years experience Female 33.0 years old
30.0,Female,Master's Degree,Front end Developer,5.0,105000.0,Front end Developer Master's Degree 5.0 years experience Female 30.0 years old
50.0,Male,PhD,Senior Project Engineer,19.0,200000.0,Senior Project Engineer PhD 19.0 years experience Male 50.0 years old
30.0,Male,Bachelor's Degree,Back end Developer,5.0,100000.0,Back end Developer Bachelor's Degree 5.0 years experience Male 30.0 years old
42.0,Male,Master's Degree,Software Engineer Manager,13.0,170000.0,Software Engineer Manager Master's Degree 13.0 years experience Male 42.0 years old
33.0,Female,Bachelor's Degree,Full Stack Engineer,6.0,115000.0,Full Stack Engineer Bachelor's Degree 6.0 years experience Female 33.0 years old
45.0,Male,PhD,Senior Project Engineer,16.0,185000.0,Senior Project Engineer PhD 16.0 years experience Male 45.0 years old
29.0,Female,Bachelor's Degree,Front end Developer,4.0,90000.0,Front end Developer Bachelor's Degree 4.0 years experience Female 29.0 years old
39.0,Female,Master's Degree,Software Engineer Manager,12.0,160000.0,Software Engineer Manager Master's Degree 12.0 years experience Female 39.0 years old
27.0,Male,Bachelor's Degree,Back end Developer,3.0,80000.0,Back end Developer Bachelor's Degree 3.0 years experience Male 27.0 years old
49.0,Male,PhD,Senior Project Engineer,17.0,195000.0,Senior Project Engineer PhD 17.0 years experience Male 49.0 years old
32.0,Female,Master's Degree,Full Stack Engineer,6.0,115000.0,Full Stack Engineer Master's Degree 6.0 years experience Female 32.0 years old
36.0,Male,Bachelor's Degree,Software Engineer Manager,8.0,135000.0,Software Engineer Manager Bachelor's Degree 8.0 years experience Male 36.0 years old
27.0,Male,Bachelor's Degree,Front end Developer,2.0,65000.0,Front end Developer Bachelor's Degree 2.0 years experience Male 27.0 years old
43.0,Female,PhD,Senior Project Engineer,14.0,190000.0,Senior Project Engineer PhD 14.0 years experience Female 43.0 years old
34.0,Male,Master's Degree,Back end Developer,8.0,140000.0,Back end Developer Master's Degree 8.0 years experience Male 34.0 years old
46.0,Male,PhD,Software Engineer Manager,16.0,185000.0,Software Engineer Manager PhD 16.0 years experience Male 46.0 years old
33.0,Female,Bachelor's Degree,Full Stack Engineer,7.0,130000.0,Full Stack Engineer Bachelor's Degree 7.0 years experience Female 33.0 years old
30.0,Female,Master's Degree,Front end Developer,5.0,105000.0,Front end Developer Master's Degree 5.0 years experience Female 30.0 years old
50.0,Male,PhD,Senior Project Engineer,19.0,200000.0,Senior Project Engineer PhD 19.0 years experience Male 50.0 years old
30.0,Male,Bachelor's Degree,Back end Developer,5.0,100000.0,Back end Developer Bachelor's Degree 5.0 years experience Male 30.0 years old
42.0,Male,Master's Degree,Software Engineer Manager,13.0,170000.0,Software Engineer Manager Master's Degree 13.0 years experience Male 42.0 years old
33.0,Female,Bachelor's Degree,Full Stack Engineer,6.0,115000.0,Full Stack Engineer Bachelor's Degree 6.0 years experience Female 33.0 years old
45.0,Male,PhD,Senior Project Engineer,16.0,185000.0,Senior Project Engineer PhD 16.0 years experience Male 45.0 years old
29.0,Female,Bachelor's Degree,Front end Developer,4.0,90000.0,Front end Developer Bachelor's Degree 4.0 years experience Female 29.0 years old
39.0,Female,Master's Degree,Software Engineer Manager,12.0,160000.0,Software Engineer Manager Master's Degree 12.0 years experience Female 39.0 years old
27.0,Male,Bachelor's Degree,Back end Developer,3.0,80000.0,Back end Developer Bachelor's Degree 3.0 years experience Male 27.0 years old
49.0,Male,PhD,Senior Project Engineer,17.0,195000.0,Senior Project Engineer PhD 17.0 years experience Male 49.0 years old
32.0,Female,Master's Degree,Full Stack Engineer,6.0,115000.0,Full Stack Engineer Master's Degree 6.0 years experience Female 32.0 years old
36.0,Male,Bachelor's Degree,Software Engineer Manager,8.0,135000.0,Software Engineer Manager Bachelor's Degree 8.0 years experience Male 36.0 years old
27.0,Male,Bachelor's Degree,Front end Developer,2.0,65000.0,Front end Developer Bachelor's Degree 2.0 years experience Male 27.0 years old
43.0,Female,PhD,Senior Project Engineer,14.0,190000.0,Senior Project Engineer PhD 14.0 years experience Female 43.0 years old
34.0,Male,Master's Degree,Back end Developer,8.0,140000.0,Back end Developer Master's Degree 8.0 years experience Male 34.0 years old
46.0,Male,PhD,Software Engineer Manager,16.0,185000.0,Software Engineer Manager PhD 16.0 years experience Male 46.0 years old
33.0,Female,Bachelor's Degree,Full Stack Engineer,7.0,130000.0,Full Stack Engineer Bachelor's Degree 7.0 years experience Female 33.0 years old
30.0,Female,Master's Degree,Front end Developer,5.0,105000.0,Front end Developer Master's Degree 5.0 years experience Female 30.0 years old
50.0,Male,PhD,Senior Project Engineer,19.0,200000.0,Senior Project Engineer PhD 19.0 years experience Male 50.0 years old
30.0,Male,Bachelor's Degree,Back end Developer,5.0,100000.0,Back end Developer Bachelor's Degree 5.0 years experience Male 30.0 years old
42.0,Male,Master's Degree,Software Engineer Manager,13.0,170000.0,Software Engineer Manager Master's Degree 13.0 years experience Male 42.0 years old
33.0,Female,Bachelor's Degree,Full Stack Engineer,6.0,115000.0,Full Stack Engineer Bachelor's Degree 6.0 years experience Female 33.0 years old
45.0,Male,PhD,Senior Project Engineer,16.0,185000.0,Senior Project Engineer PhD 16.0 years experience Male 45.0 years old
29.0,Female,Bachelor's Degree,Front end Developer,4.0,90000.0,Front end Developer Bachelor's Degree 4.0 years experience Female 29.0 years old
27.0,Male,,Developer,7.0,100000.0,Developer nan 7.0 years experience Male 27.0 years old
31.0,Female,Bachelor's Degree,Front end Developer,6.0,110000.0,Front end Developer Bachelor's Degree 6.0 years experience Female 31.0 years old
37.0,Male,Master's Degree,Software Engineer Manager,10.0,150000.0,Software Engineer Manager Master's Degree 10.0 years experience Male 37.0 years old
27.0,Male,Bachelor's Degree,Back end Developer,3.0,80000.0,Back end Developer Bachelor's Degree 3.0 years experience Male 27.0 years old
50.0,Male,PhD,Senior Project Engineer,18.0,195000.0,Senior Project Engineer PhD 18.0 years experience Male 50.0 years old
32.0,Female,Master's Degree,Full Stack Engineer,6.0,115000.0,Full Stack Engineer Master's Degree 6.0 years experience Female 32.0 years old
36.0,Male,Bachelor's Degree,Software Engineer Manager,8.0,135000.0,Software Engineer Manager Bachelor's Degree 8.0 years experience Male 36.0 years old
27.0,Male,Bachelor's Degree,Front end Developer,2.0,65000.0,Front end Developer Bachelor's Degree 2.0 years experience Male 27.0 years old
43.0,Female,PhD,Senior Project Engineer,14.0,190000.0,Senior Project Engineer PhD 14.0 years experience Female 43.0 years old
34.0,Male,Master's Degree,Back end Developer,8.0,140000.0,Back end Developer Master's Degree 8.0 years experience Male 34.0 years old
46.0,Male,PhD,Software Engineer Manager,16.0,185000.0,Software Engineer Manager PhD 16.0 years experience Male 46.0 years old
33.0,Female,Bachelor's Degree,Full Stack Engineer,7.0,130000.0,Full Stack Engineer Bachelor's Degree 7.0 years experience Female 33.0 years old
30.0,Female,Master's Degree,Front end Developer,5.0,105000.0,Front end Developer Master's Degree 5.0 years experience Female 30.0 years old
50.0,Male,PhD,Senior Project Engineer,19.0,200000.0,Senior Project Engineer PhD 19.0 years experience Male 50.0 years old
30.0,Male,Bachelor's Degree,Back end Developer,5.0,100000.0,Back end Developer Bachelor's Degree 5.0 years experience Male 30.0 years old
42.0,Male,Master's Degree,Software Engineer Manager,13.0,170000.0,Software Engineer Manager Master's Degree 13.0 years experience Male 42.0 years old
33.0,Female,Bachelor's Degree,Full Stack Engineer,6.0,115000.0,Full Stack Engineer Bachelor's Degree 6.0 years experience Female 33.0 years old
45.0,Male,PhD,Senior Project Engineer,16.0,185000.0,Senior Project Engineer PhD 16.0 years experience Male 45.0 years old
29.0,Female,Bachelor's Degree,Front end Developer,4.0,90000.0,Front end Developer Bachelor's Degree 4.0 years experience Female 29.0 years old
39.0,Female,Master's Degree,Software Engineer Manager,12.0,160000.0,Software Engineer Manager Master's Degree 12.0 years experience Female 39.0 years old
27.0,Male,Bachelor's Degree,Back end Developer,3.0,80000.0,Back end Developer Bachelor's Degree 3.0 years experience Male 27.0 years old
49.0,Male,PhD,Senior Project Engineer,17.0,195000.0,Senior Project Engineer PhD 17.0 years experience Male 49.0 years old
32.0,Female,Master's Degree,Full Stack Engineer,6.0,115000.0,Full Stack Engineer Master's Degree 6.0 years experience Female 32.0 years old
36.0,Male,Bachelor's Degree,Software Engineer Manager,8.0,135000.0,Software Engineer Manager Bachelor's Degree 8.0 years experience Male 36.0 years old
27.0,Male,Bachelor's Degree,Front end Developer,2.0,65000.0,Front end Developer Bachelor's Degree 2.0 years experience Male 27.0 years old
43.0,Female,PhD,Senior Project Engineer,14.0,190000.0,Senior Project Engineer PhD 14.0 years experience Female 43.0 years old
34.0,Male,Master's Degree,Back end Developer,8.0,140000.0,Back end Developer Master's Degree 8.0 years experience Male 34.0 years old
46.0,Male,PhD,Software Engineer Manager,16.0,185000.0,Software Engineer Manager PhD 16.0 years experience Male 46.0 years old
33.0,Female,Bachelor's Degree,Full Stack Engineer,7.0,130000.0,Full Stack Engineer Bachelor's Degree 7.0 years experience Female 33.0 years old
30.0,Female,Master's Degree,Front end Developer,5.0,105000.0,Front end Developer Master's Degree 5.0 years experience Female 30.0 years old
50.0,Male,PhD,Senior Project Engineer,19.0,200000.0,Senior Project Engineer PhD 19.0 years experience Male 50.0 years old
30.0,Male,Bachelor's Degree,Back end Developer,5.0,100000.0,Back end Developer Bachelor's Degree 5.0 years experience Male 30.0 years old
42.0,Male,Master's Degree,Software Engineer Manager,13.0,170000.0,Software Engineer Manager Master's Degree 13.0 years experience Male 42.0 years old
33.0,Female,Bachelor's Degree,Full Stack Engineer,6.0,115000.0,Full Stack Engineer Bachelor's Degree 6.0 years experience Female 33.0 years old
45.0,Male,PhD,Senior Project Engineer,16.0,185000.0,Senior Project Engineer PhD 16.0 years experience Male 45.0 years old
29.0,Female,Bachelor's Degree,Front end Developer,4.0,90000.0,Front end Developer Bachelor's Degree 4.0 years experience Female 29.0 years old
39.0,Female,Master's Degree,Software Engineer Manager,12.0,160000.0,Software Engineer Manager Master's Degree 12.0 years experience Female 39.0 years old
27.0,Male,Bachelor's Degree,Back end Developer,3.0,80000.0,Back end Developer Bachelor's Degree 3.0 years experience Male 27.0 years old
49.0,Male,PhD,Senior Project Engineer,17.0,195000.0,Senior Project Engineer PhD 17.0 years experience Male 49.0 years old
32.0,Female,Master's Degree,Full Stack Engineer,6.0,115000.0,Full Stack Engineer Master's Degree 6.0 years experience Female 32.0 years old
36.0,Male,Bachelor's Degree,Software Engineer Manager,8.0,135000.0,Software Engineer Manager Bachelor's Degree 8.0 years experience Male 36.0 years old
27.0,Male,Bachelor's Degree,Front end Developer,2.0,65000.0,Front end Developer Bachelor's Degree 2.0 years experience Male 27.0 years old
43.0,Female,PhD,Senior Project Engineer,14.0,190000.0,Senior Project Engineer PhD 14.0 years experience Female 43.0 years old
34.0,Male,Master's Degree,Back end Developer,8.0,140000.0,Back end Developer Master's Degree 8.0 years experience Male 34.0 years old
46.0,Male,PhD,Software Engineer Manager,16.0,185000.0,Software Engineer Manager PhD 16.0 years experience Male 46.0 years old
33.0,Female,Bachelor's Degree,Full Stack Engineer,7.0,130000.0,Full Stack Engineer Bachelor's Degree 7.0 years experience Female 33.0 years old
30.0,Female,Master's Degree,Front end Developer,5.0,105000.0,Front end Developer Master's Degree 5.0 years experience Female 30.0 years old
50.0,Male,PhD,Senior Project Engineer,19.0,200000.0,Senior Project Engineer PhD 19.0 years experience Male 50.0 years old
30.0,Male,Bachelor's Degree,Back end Developer,5.0,100000.0,Back end Developer Bachelor's Degree 5.0 years experience Male 30.0 years old
42.0,Male,Master's Degree,Software Engineer Manager,13.0,170000.0,Software Engineer Manager Master's Degree 13.0 years experience Male 42.0 years old
33.0,Female,Bachelor's Degree,Full Stack Engineer,6.0,115000.0,Full Stack Engineer Bachelor's Degree 6.0 years experience Female 33.0 years old
45.0,Male,PhD,Senior Project Engineer,16.0,185000.0,Senior Project Engineer PhD 16.0 years experience Male 45.0 years old
29.0,Female,Bachelor's Degree,Front end Developer,4.0,90000.0,Front end Developer Bachelor's Degree 4.0 years experience Female 29.0 years old
39.0,Female,Master's Degree,Software Engineer Manager,12.0,160000.0,Software Engineer Manager Master's Degree 12.0 years experience Female 39.0 years old
27.0,Male,Bachelor's Degree,Back end Developer,3.0,80000.0,Back end Developer Bachelor's Degree 3.0 years experience Male 27.0 years old
49.0,Male,PhD,Senior Project Engineer,17.0,195000.0,Senior Project Engineer PhD 17.0 years experience Male 49.0 years old
32.0,Female,Master's Degree,Full Stack Engineer,6.0,115000.0,Full Stack Engineer Master's Degree 6.0 years experience Female 32.0 years old
36.0,Male,Bachelor's Degree,Software Engineer Manager,8.0,135000.0,Software Engineer Manager Bachelor's Degree 8.0 years experience Male 36.0 years old
27.0,Male,Bachelor's Degree,Front end Developer,2.0,65000.0,Front end Developer Bachelor's Degree 2.0 years experience Male 27.0 years old
43.0,Female,PhD,Senior Project Engineer,14.0,190000.0,Senior Project Engineer PhD 14.0 years experience Female 43.0 years old
34.0,Male,Master's Degree,Back end Developer,8.0,140000.0,Back end Developer Master's Degree 8.0 years experience Male 34.0 years old
46.0,Male,PhD,Software Engineer Manager,16.0,185000.0,Software Engineer Manager PhD 16.0 years experience Male 46.0 years old
33.0,Female,Bachelor's Degree,Full Stack Engineer,7.0,130000.0,Full Stack Engineer Bachelor's Degree 7.0 years experience Female 33.0 years old
30.0,Female,Master's Degree,Front end Developer,5.0,105000.0,Front end Developer Master's Degree 5.0 years experience Female 30.0 years old
50.0,Male,PhD,Senior Project Engineer,19.0,200000.0,Senior Project Engineer PhD 19.0 years experience Male 50.0 years old
30.0,Male,Bachelor's Degree,Back end Developer,5.0,100000.0,Back end Developer Bachelor's Degree 5.0 years experience Male 30.0 years old
42.0,Male,Master's Degree,Software Engineer Manager,13.0,170000.0,Software Engineer Manager Master's Degree 13.0 years experience Male 42.0 years old
33.0,Female,Bachelor's Degree,Full Stack Engineer,6.0,115000.0,Full Stack Engineer Bachelor's Degree 6.0 years experience Female 33.0 years old
45.0,Male,PhD,Senior Project Engineer,16.0,185000.0,Senior Project Engineer PhD 16.0 years experience Male 45.0 years old
29.0,Female,Bachelor's Degree,Front end Developer,4.0,90000.0,Front end Developer Bachelor's Degree 4.0 years experience Female 29.0 years old
39.0,Female,Master's Degree,Software Engineer Manager,12.0,160000.0,Software Engineer Manager Master's Degree 12.0 years experience Female 39.0 years old
27.0,Male,Bachelor's Degree,Back end Developer,3.0,80000.0,Back end Developer Bachelor's Degree 3.0 years experience Male 27.0 years old
49.0,Male,PhD,Senior Project Engineer,17.0,195000.0,Senior Project Engineer PhD 17.0 years experience Male 49.0 years old
32.0,Female,Master's Degree,Full Stack Engineer,6.0,115000.0,Full Stack Engineer Master's Degree 6.0 years experience Female 32.0 years old
36.0,Male,Bachelor's Degree,Software Engineer Manager,8.0,135000.0,Software Engineer Manager Bachelor's Degree 8.0 years experience Male 36.0 years old
27.0,Male,Bachelor's Degree,Front end Developer,2.0,65000.0,Front end Developer Bachelor's Degree 2.0 years experience Male 27.0 years old
43.0,Female,PhD,Senior Project Engineer,14.0,190000.0,Senior Project Engineer PhD 14.0 years experience Female 43.0 years old
34.0,Male,Master's Degree,Back end Developer,8.0,140000.0,Back end Developer Master's Degree 8.0 years experience Male 34.0 years old
46.0,Male,PhD,Software Engineer Manager,16.0,185000.0,Software Engineer Manager PhD 16.0 years experience Male 46.0 years old
33.0,Female,Bachelor's Degree,Full Stack Engineer,7.0,130000.0,Full Stack Engineer Bachelor's Degree 7.0 years experience Female 33.0 years old
30.0,Female,Master's Degree,Front end Developer,5.0,105000.0,Front end Developer Master's Degree 5.0 years experience Female 30.0 years old
50.0,Male,PhD,Senior Project Engineer,19.0,200000.0,Senior Project Engineer PhD 19.0 years experience Male 50.0 years old
30.0,Male,Bachelor's Degree,Back end Developer,5.0,100000.0,Back end Developer Bachelor's Degree 5.0 years experience Male 30.0 years old
42.0,Male,Master's Degree,Software Engineer Manager,13.0,170000.0,Software Engineer Manager Master's Degree 13.0 years experience Male 42.0 years old
33.0,Female,Bachelor's Degree,Full Stack Engineer,6.0,115000.0,Full Stack Engineer Bachelor's Degree 6.0 years experience Female 33.0 years old
45.0,Male,PhD,Senior Project Engineer,16.0,185000.0,Senior Project Engineer PhD 16.0 years experience Male 45.0 years old
29.0,Female,Bachelor's Degree,Front end Developer,4.0,90000.0,Front end Developer Bachelor's Degree 4.0 years experience Female 29.0 years old
39.0,Female,Master's Degree,Software Engineer Manager,12.0,160000.0,Software Engineer Manager Master's Degree 12.0 years experience Female 39.0 years old
27.0,Male,Bachelor's Degree,Back end Developer,3.0,80000.0,Back end Developer Bachelor's Degree 3.0 years experience Male 27.0 years old
49.0,Male,PhD,Senior Project Engineer,17.0,195000.0,Senior Project Engineer PhD 17.0 years experience Male 49.0 years old
32.0,Female,Master's Degree,Full Stack Engineer,6.0,115000.0,Full Stack Engineer Master's Degree 6.0 years experience Female 32.0 years old
36.0,Male,Bachelor's Degree,Software Engineer Manager,8.0,135000.0,Software Engineer Manager Bachelor's Degree 8.0 years experience Male 36.0 years old
27.0,Male,Bachelor's Degree,Front end Developer,2.0,65000.0,Front end Developer Bachelor's Degree 2.0 years experience Male 27.0 years old
43.0,Female,PhD,Senior Project Engineer,14.0,190000.0,Senior Project Engineer PhD 14.0 years experience Female 43.0 years old
34.0,Male,Master's Degree,Back end Developer,8.0,140000.0,Back end Developer Master's Degree 8.0 years experience Male 34.0 years old
46.0,Male,PhD,Software Engineer Manager,16.0,185000.0,Software Engineer Manager PhD 16.0 years experience Male 46.0 years old
33.0,Female,Bachelor's Degree,Full Stack Engineer,7.0,130000.0,Full Stack Engineer Bachelor's Degree 7.0 years experience Female 33.0 years old
30.0,Female,Master's Degree,Front end Developer,5.0,105000.0,Front end Developer Master's Degree 5.0 years experience Female 30.0 years old
50.0,Male,PhD,Senior Project Engineer,19.0,200000.0,Senior Project Engineer PhD 19.0 years experience Male 50.0 years old
30.0,Male,Bachelor's Degree,Back end Developer,5.0,100000.0,Back end Developer Bachelor's Degree 5.0 years experience Male 30.0 years old
42.0,Male,Master's Degree,Software Engineer Manager,13.0,170000.0,Software Engineer Manager Master's Degree 13.0 years experience Male 42.0 years old
33.0,Female,Bachelor's Degree,Full Stack Engineer,6.0,115000.0,Full Stack Engineer Bachelor's Degree 6.0 years experience Female 33.0 years old
45.0,Male,PhD,Senior Project Engineer,16.0,185000.0,Senior Project Engineer PhD 16.0 years experience Male 45.0 years old
29.0,Female,Bachelor's Degree,Front end Developer,4.0,90000.0,Front end Developer Bachelor's Degree 4.0 years experience Female 29.0 years old
39.0,Female,Master's Degree,Software Engineer Manager,12.0,160000.0,Software Engineer Manager Master's Degree 12.0 years experience Female 39.0 years old
27.0,Male,Bachelor's Degree,Back end Developer,3.0,80000.0,Back end Developer Bachelor's Degree 3.0 years experience Male 27.0 years old
49.0,Male,PhD,Senior Project Engineer,17.0,195000.0,Senior Project Engineer PhD 17.0 years experience Male 49.0 years old
32.0,Female,Master's Degree,Full Stack Engineer,6.0,115000.0,Full Stack Engineer Master's Degree 6.0 years experience Female 32.0 years old
36.0,Male,Bachelor's Degree,Software Engineer Manager,8.0,135000.0,Software Engineer Manager Bachelor's Degree 8.0 years experience Male 36.0 years old
27.0,Male,Bachelor's Degree,Front end Developer,2.0,65000.0,Front end Developer Bachelor's Degree 2.0 years experience Male 27.0 years old
43.0,Female,PhD,Senior Project Engineer,14.0,190000.0,Senior Project Engineer PhD 14.0 years experience Female 43.0 years old
34.0,Male,Master's Degree,Back end Developer,8.0,140000.0,Back end Developer Master's Degree 8.0 years experience Male 34.0 years old
46.0,Male,PhD,Software Engineer Manager,16.0,185000.0,Software Engineer Manager PhD 16.0 years experience Male 46.0 years old
33.0,Female,Bachelor's Degree,Full Stack Engineer,7.0,130000.0,Full Stack Engineer Bachelor's Degree 7.0 years experience Female 33.0 years old
30.0,Female,Master's Degree,Front end Developer,5.0,105000.0,Front end Developer Master's Degree 5.0 years experience Female 30.0 years old
50.0,Male,PhD,Senior Project Engineer,19.0,200000.0,Senior Project Engineer PhD 19.0 years experience Male 50.0 years old
30.0,Male,Bachelor's Degree,Back end Developer,5.0,100000.0,Back end Developer Bachelor's Degree 5.0 years experience Male 30.0 years old
42.0,Male,Master's Degree,Software Engineer Manager,13.0,170000.0,Software Engineer Manager Master's Degree 13.0 years experience Male 42.0 years old
33.0,Female,Bachelor's Degree,Full Stack Engineer,6.0,115000.0,Full Stack Engineer Bachelor's Degree 6.0 years experience Female 33.0 years old
45.0,Male,PhD,Senior Project Engineer,16.0,185000.0,Senior Project Engineer PhD 16.0 years experience Male 45.0 years old
29.0,Female,Bachelor's Degree,Front end Developer,4.0,90000.0,Front end Developer Bachelor's Degree 4.0 years experience Female 29.0 years old
31.0,Male,Master's Degree,Software Engineer Manager,8.0,130000.0,Software Engineer Manager Master's Degree 8.0 years experience Male 31.0 years old
27.0,Male,Bachelor's Degree,Back end Developer,3.0,80000.0,Back end Developer Bachelor's Degree 3.0 years experience Male 27.0 years old
43.0,Male,PhD,Senior Project Engineer,15.0,180000.0,Senior Project Engineer PhD 15.0 years experience Male 43.0 years old
35.0,Female,Master's Degree,Full Stack Engineer,8.0,140000.0,Full Stack Engineer Master's Degree 8.0 years experience Female 35.0 years old
42.0,Male,Bachelor's Degree,Software Engineer Manager,12.0,160000.0,Software Engineer Manager Bachelor's Degree 12.0 years experience Male 42.0 years old
28.0,Female,Bachelor's Degree,Front end Developer,2.0,55000.0,Front end Developer Bachelor's Degree 2.0 years experience Female 28.0 years old
44.0,Female,PhD,Senior Project Engineer,16.0,190000.0,Senior Project Engineer PhD 16.0 years experience Female 44.0 years old
32.0,Male,Master's Degree,Back end Developer,7.0,120000.0,Back end Developer Master's Degree 7.0 years experience Male 32.0 years old
48.0,Male,PhD,Software Engineer Manager,18.0,200000.0,Software Engineer Manager PhD 18.0 years experience Male 48.0 years old
30.0,Female,Bachelor's Degree,Full Stack Engineer,5.0,100000.0,Full Stack Engineer Bachelor's Degree 5.0 years experience Female 30.0 years old
34.0,Male,Master's Degree,Front end Developer,9.0,150000.0,Front end Developer Master's Degree 9.0 years experience Male 34.0 years old
37.0,Female,Bachelor's Degree,Software Engineer Manager,11.0,170000.0,Software Engineer Manager Bachelor's Degree 11.0 years experience Female 37.0 years old
26.0,Male,Bachelor's Degree,Back end Developer,2.0,65000.0,Back end Developer Bachelor's Degree 2.0 years experience Male 26.0 years old
49.0,Female,PhD,Senior Project Engineer,19.0,210000.0,Senior Project Engineer PhD 19.0 years experience Female 49.0 years old
29.0,Male,Bachelor's Degree,Full Stack Engineer,4.0,90000.0,Full Stack Engineer Bachelor's Degree 4.0 years experience Male 29.0 years old
41.0,Male,Master's Degree,Software Engineer Manager,14.0,180000.0,Software Engineer Manager Master's Degree 14.0 years experience Male 41.0 years old
31.0,Female,Bachelor's Degree,Front end Developer,6.0,110000.0,Front end Developer Bachelor's Degree 6.0 years experience Female 31.0 years old
37.0,Male,Master's Degree,Software Engineer Manager,10.0,150000.0,Software Engineer Manager Master's Degree 10.0 years experience Male 37.0 years old
27.0,Male,Bachelor's Degree,Back end Developer,3.0,80000.0,Back end Developer Bachelor's Degree 3.0 years experience Male 27.0 years old
50.0,Male,PhD,Senior Project Engineer,18.0,195000.0,Senior Project Engineer PhD 18.0 years experience Male 50.0 years old
32.0,Female,Master's Degree,Full Stack Engineer,6.0,115000.0,Full Stack Engineer Master's Degree 6.0 years experience Female 32.0 years old
36.0,Male,Bachelor's Degree,Software Engineer Manager,8.0,135000.0,Software Engineer Manager Bachelor's Degree 8.0 years experience Male 36.0 years old
27.0,Male,Bachelor's Degree,Front end Developer,2.0,65000.0,Front end Developer Bachelor's Degree 2.0 years experience Male 27.0 years old
43.0,Female,PhD,Senior Project Engineer,14.0,190000.0,Senior Project Engineer PhD 14.0 years experience Female 43.0 years old
34.0,Male,Master's Degree,Back end Developer,8.0,140000.0,Back end Developer Master's Degree 8.0 years experience Male 34.0 years old
46.0,Male,PhD,Software Engineer Manager,16.0,185000.0,Software Engineer Manager PhD 16.0 years experience Male 46.0 years old
33.0,Female,Bachelor's Degree,Full Stack Engineer,7.0,130000.0,Full Stack Engineer Bachelor's Degree 7.0 years experience Female 33.0 years old
30.0,Female,Master's Degree,Front end Developer,5.0,105000.0,Front end Developer Master's Degree 5.0 years experience Female 30.0 years old
50.0,Male,PhD,Senior Project Engineer,19.0,200000.0,Senior Project Engineer PhD 19.0 years experience Male 50.0 years old
30.0,Male,Bachelor's Degree,Back end Developer,5.0,100000.0,Back end Developer Bachelor's Degree 5.0 years experience Male 30.0 years old
42.0,Male,Master's Degree,Software Engineer Manager,13.0,170000.0,Software Engineer Manager Master's Degree 13.0 years experience Male 42.0 years old
33.0,Female,Bachelor's Degree,Full Stack Engineer,6.0,115000.0,Full Stack Engineer Bachelor's Degree 6.0 years experience Female 33.0 years old
45.0,Male,PhD,Senior Project Engineer,16.0,185000.0,Senior Project Engineer PhD 16.0 years experience Male 45.0 years old
29.0,Female,Bachelor's Degree,Front end Developer,4.0,90000.0,Front end Developer Bachelor's Degree 4.0 years experience Female 29.0 years old
39.0,Female,Master's Degree,Software Engineer Manager,12.0,160000.0,Software Engineer Manager Master's Degree 12.0 years experience Female 39.0 years old
27.0,Male,Bachelor's Degree,Back end Developer,3.0,80000.0,Back end Developer Bachelor's Degree 3.0 years experience Male 27.0 years old
49.0,Male,PhD,Senior Project Engineer,17.0,195000.0,Senior Project Engineer PhD 17.0 years experience Male 49.0 years old
32.0,Female,Master's Degree,Full Stack Engineer,6.0,115000.0,Full Stack Engineer Master's Degree 6.0 years experience Female 32.0 years old
36.0,Male,Bachelor's Degree,Software Engineer Manager,8.0,135000.0,Software Engineer Manager Bachelor's Degree 8.0 years experience Male 36.0 years old
27.0,Male,Bachelor's Degree,Front end Developer,2.0,65000.0,Front end Developer Bachelor's Degree 2.0 years experience Male 27.0 years old
43.0,Female,PhD,Senior Project Engineer,14.0,190000.0,Senior Project Engineer PhD 14.0 years experience Female 43.0 years old
34.0,Male,Master's Degree,Back end Developer,8.0,140000.0,Back end Developer Master's Degree 8.0 years experience Male 34.0 years old
46.0,Male,PhD,Software Engineer Manager,16.0,185000.0,Software Engineer Manager PhD 16.0 years experience Male 46.0 years old
33.0,Female,Bachelor's Degree,Full Stack Engineer,7.0,130000.0,Full Stack Engineer Bachelor's Degree 7.0 years experience Female 33.0 years old
30.0,Female,Master's Degree,Front end Developer,5.0,105000.0,Front end Developer Master's Degree 5.0 years experience Female 30.0 years old
50.0,Male,PhD,Senior Project Engineer,19.0,200000.0,Senior Project Engineer PhD 19.0 years experience Male 50.0 years old
30.0,Male,Bachelor's Degree,Back end Developer,5.0,100000.0,Back end Developer Bachelor's Degree 5.0 years experience Male 30.0 years old
42.0,Male,Master's Degree,Software Engineer Manager,13.0,170000.0,Software Engineer Manager Master's Degree 13.0 years experience Male 42.0 years old
33.0,Female,Bachelor's Degree,Full Stack Engineer,6.0,115000.0,Full Stack Engineer Bachelor's Degree 6.0 years experience Female 33.0 years old
45.0,Male,PhD,Senior Project Engineer,16.0,185000.0,Senior Project Engineer PhD 16.0 years experience Male 45.0 years old
29.0,Female,Bachelor's Degree,Front end Developer,4.0,90000.0,Front end Developer Bachelor's Degree 4.0 years experience Female 29.0 years old
39.0,Female,Master's Degree,Software Engineer Manager,12.0,160000.0,Software Engineer Manager Master's Degree 12.0 years experience Female 39.0 years old
27.0,Male,Bachelor's Degree,Back end Developer,3.0,80000.0,Back end Developer Bachelor's Degree 3.0 years experience Male 27.0 years old
49.0,Male,PhD,Senior Project Engineer,17.0,195000.0,Senior Project Engineer PhD 17.0 years experience Male 49.0 years old
32.0,Female,Master's Degree,Full Stack Engineer,6.0,115000.0,Full Stack Engineer Master's Degree 6.0 years experience Female 32.0 years old
36.0,Male,Bachelor's Degree,Software Engineer Manager,8.0,135000.0,Software Engineer Manager Bachelor's Degree 8.0 years experience Male 36.0 years old
27.0,Male,Bachelor's Degree,Front end Developer,2.0,65000.0,Front end Developer Bachelor's Degree 2.0 years experience Male 27.0 years old
43.0,Female,PhD,Senior Project Engineer,14.0,190000.0,Senior Project Engineer PhD 14.0 years experience Female 43.0 years old
34.0,Male,Master's Degree,Back end Developer,8.0,140000.0,Back end Developer Master's Degree 8.0 years experience Male 34.0 years old
46.0,Female,PhD,Senior Project Engineer,16.0,185000.0,Senior Project Engineer PhD 16.0 years experience Female 46.0 years old
33.0,Male,Bachelor's Degree,Full Stack Engineer,7.0,130000.0,Full Stack Engineer Bachelor's Degree 7.0 years experience Male 33.0 years old
30.0,Male,Master's Degree,Front end Developer,5.0,105000.0,Front end Developer Master's Degree 5.0 years experience Male 30.0 years old
50.0,Male,PhD,Software Engineer Manager,20.0,210000.0,Software Engineer Manager PhD 20.0 years experience Male 50.0 years old
31.0,Male,Bachelor's Degree,Back end Developer,6.0,95000.0,Back end Developer Bachelor's Degree 6.0 years experience Male 31.0 years old
39.0,Female,Master's Degree,Software Engineer Manager,11.0,170000.0,Software Engineer Manager Master's Degree 11.0 years experience Female 39.0 years old
27.0,Male,Bachelor's Degree,Front end Developer,2.0,65000.0,Front end Developer Bachelor's Degree 2.0 years experience Male 27.0 years old
44.0,Female,PhD,Senior Project Engineer,16.0,190000.0,Senior Project Engineer PhD 16.0 years experience Female 44.0 years old
32.0,Male,Master's Degree,Back end Developer,7.0,120000.0,Back end Developer Master's Degree 7.0 years experience Male 32.0 years old
48.0,Male,PhD,Software Engineer Manager,19.0,200000.0,Software Engineer Manager PhD 19.0 years experience Male 48.0 years old
30.0,Female,Bachelor's Degree,Full Stack Engineer,5.0,100000.0,Full Stack Engineer Bachelor's Degree 5.0 years experience Female 30.0 years old
34.0,Male,Master's Degree,Front end Developer,9.0,150000.0,Front end Developer Master's Degree 9.0 years experience Male 34.0 years old
37.0,Female,Bachelor's Degree,Software Engineer Manager,11.0,170000.0,Software Engineer Manager Bachelor's Degree 11.0 years experience Female 37.0 years old
26.0,Male,Bachelor's Degree,Back end Developer,2.0,65000.0,Back end Developer Bachelor's Degree 2.0 years experience Male 26.0 years old
49.0,Female,PhD,Senior Project Engineer,19.0,210000.0,Senior Project Engineer PhD 19.0 years experience Female 49.0 years old
29.0,Male,Bachelor's Degree,Full Stack Engineer,4.0,90000.0,Full Stack Engineer Bachelor's Degree 4.0 years experience Male 29.0 years old
41.0,Male,Master's Degree,Software Engineer Manager,14.0,180000.0,Software Engineer Manager Master's Degree 14.0 years experience Male 41.0 years old
31.0,Female,Bachelor's Degree,Front end Developer,6.0,110000.0,Front end Developer Bachelor's Degree 6.0 years experience Female 31.0 years old
37.0,Male,Master's Degree,Software Engineer Manager,10.0,150000.0,Software Engineer Manager Master's Degree 10.0 years experience Male 37.0 years old
27.0,Male,Bachelor's Degree,Back end Developer,3.0,80000.0,Back end Developer Bachelor's Degree 3.0 years experience Male 27.0 years old
50.0,Male,PhD,Senior Project Engineer,18.0,195000.0,Senior Project Engineer PhD 18.0 years experience Male 50.0 years old
32.0,Female,Master's Degree,Full Stack Engineer,6.0,115000.0,Full Stack Engineer Master's Degree 6.0 years experience Female 32.0 years old
36.0,Male,Bachelor's Degree,Software Engineer Manager,8.0,135000.0,Software Engineer Manager Bachelor's Degree 8.0 years experience Male 36.0 years old
27.0,Male,Bachelor's Degree,Front end Developer,2.0,65000.0,Front end Developer Bachelor's Degree 2.0 years experience Male 27.0 years old
43.0,Female,PhD,Senior Project Engineer,14.0,190000.0,Senior Project Engineer PhD 14.0 years experience Female 43.0 years old
34.0,Male,Master's Degree,Back end Developer,8.0,140000.0,Back end Developer Master's Degree 8.0 years experience Male 34.0 years old
46.0,Male,PhD,Software Engineer Manager,16.0,185000.0,Software Engineer Manager PhD 16.0 years experience Male 46.0 years old
33.0,Female,Bachelor's Degree,Full Stack Engineer,7.0,130000.0,Full Stack Engineer Bachelor's Degree 7.0 years experience Female 33.0 years old
30.0,Female,Master's Degree,Front end Developer,5.0,105000.0,Front end Developer Master's Degree 5.0 years experience Female 30.0 years old
50.0,Male,PhD,Senior Project Engineer,19.0,200000.0,Senior Project Engineer PhD 19.0 years experience Male 50.0 years old
30.0,Male,Bachelor's Degree,Back end Developer,5.0,100000.0,Back end Developer Bachelor's Degree 5.0 years experience Male 30.0 years old
42.0,Male,Master's Degree,Software Engineer Manager,13.0,170000.0,Software Engineer Manager Master's Degree 13.0 years experience Male 42.0 years old
33.0,Female,Bachelor's Degree,Full Stack Engineer,6.0,115000.0,Full Stack Engineer Bachelor's Degree 6.0 years experience Female 33.0 years old
45.0,Male,PhD,Senior Project Engineer,16.0,185000.0,Senior Project Engineer PhD 16.0 years experience Male 45.0 years old
29.0,Female,Bachelor's Degree,Front end Developer,4.0,90000.0,Front end Developer Bachelor's Degree 4.0 years experience Female 29.0 years old
39.0,Female,Master's Degree,Software Engineer Manager,12.0,160000.0,Software Engineer Manager Master's Degree 12.0 years experience Female 39.0 years old
27.0,Male,Bachelor's Degree,Back end Developer,3.0,80000.0,Back end Developer Bachelor's Degree 3.0 years experience Male 27.0 years old
49.0,Male,PhD,Senior Project Engineer,17.0,195000.0,Senior Project Engineer PhD 17.0 years experience Male 49.0 years old
32.0,Female,Master's Degree,Full Stack Engineer,6.0,115000.0,Full Stack Engineer Master's Degree 6.0 years experience Female 32.0 years old
36.0,Male,Bachelor's Degree,Software Engineer Manager,8.0,135000.0,Software Engineer Manager Bachelor's Degree 8.0 years experience Male 36.0 years old
27.0,Male,Bachelor's Degree,Front end Developer,2.0,65000.0,Front end Developer Bachelor's Degree 2.0 years experience Male 27.0 years old
43.0,Female,PhD,Senior Project Engineer,14.0,190000.0,Senior Project Engineer PhD 14.0 years experience Female 43.0 years old
34.0,Male,Master's Degree,Back end Developer,8.0,140000.0,Back end Developer Master's Degree 8.0 years experience Male 34.0 years old
46.0,Male,PhD,Software Engineer Manager,16.0,185000.0,Software Engineer Manager PhD 16.0 years experience Male 46.0 years old
33.0,Female,Bachelor's Degree,Full Stack Engineer,7.0,130000.0,Full Stack Engineer Bachelor's Degree 7.0 years experience Female 33.0 years old
30.0,Female,Master's Degree,Front end Developer,5.0,105000.0,Front end Developer Master's Degree 5.0 years experience Female 30.0 years old
50.0,Male,PhD,Senior Project Engineer,19.0,200000.0,Senior Project Engineer PhD 19.0 years experience Male 50.0 years old
30.0,Male,Bachelor's Degree,Back end Developer,5.0,100000.0,Back end Developer Bachelor's Degree 5.0 years experience Male 30.0 years old
42.0,Male,Master's Degree,Software Engineer Manager,13.0,170000.0,Software Engineer Manager Master's Degree 13.0 years experience Male 42.0 years old
33.0,Female,Bachelor's Degree,Full Stack Engineer,6.0,115000.0,Full Stack Engineer Bachelor's Degree 6.0 years experience Female 33.0 years old
45.0,Male,PhD,Senior Project Engineer,16.0,185000.0,Senior Project Engineer PhD 16.0 years experience Male 45.0 years old
29.0,Female,Bachelor's Degree,Front end Developer,4.0,90000.0,Front end Developer Bachelor's Degree 4.0 years experience Female 29.0 years old
39.0,Female,Master's Degree,Software Engineer Manager,12.0,160000.0,Software Engineer Manager Master's Degree 12.0 years experience Female 39.0 years old
27.0,Male,Bachelor's Degree,Back end Developer,3.0,80000.0,Back end Developer Bachelor's Degree 3.0 years experience Male 27.0 years old
49.0,Male,PhD,Senior Project Engineer,17.0,195000.0,Senior Project Engineer PhD 17.0 years experience Male 49.0 years old
32.0,Female,Master's Degree,Full Stack Engineer,6.0,115000.0,Full Stack Engineer Master's Degree 6.0 years experience Female 32.0 years old
36.0,Male,Bachelor's Degree,Software Engineer Manager,8.0,135000.0,Software Engineer Manager Bachelor's Degree 8.0 years experience Male 36.0 years old
27.0,Male,Bachelor's Degree,Front end Developer,2.0,65000.0,Front end Developer Bachelor's Degree 2.0 years experience Male 27.0 years old
43.0,Female,PhD,Senior Project Engineer,14.0,190000.0,Senior Project Engineer PhD 14.0 years experience Female 43.0 years old
34.0,Male,Master's Degree,Back end Developer,8.0,140000.0,Back end Developer Master's Degree 8.0 years experience Male 34.0 years old
28.0,Male,Bachelor's Degree,Software Engineer,4.0,75000.0,Software Engineer Bachelor's Degree 4.0 years experience Male 28.0 years old
33.0,Female,Master's Degree,Data Analyst,7.0,95000.0,Data Analyst Master's Degree 7.0 years experience Female 33.0 years old
22.0,Male,Bachelor's Degree,Front End Developer,1.0,50000.0,Front End Developer Bachelor's Degree 1.0 years experience Male 22.0 years old
44.0,Male,PhD,Senior Data Scientist,15.0,180000.0,Senior Data Scientist PhD 15.0 years experience Male 44.0 years old
29.0,Female,Bachelor's Degree,Software Developer,3.0,65000.0,Software Developer Bachelor's Degree 3.0 years experience Female 29.0 years old
31.0,Male,Master's Degree,Product Manager,6.0,120000.0,Product Manager Master's Degree 6.0 years experience Male 31.0 years old
25.0,Female,Master's Degree,Software Engineer,2.0,60000.0,Software Engineer Master's Degree 2.0 years experience Female 25.0 years old
38.0,Male,Bachelor's Degree,Data Scientist,10.0,150000.0,Data Scientist Bachelor's Degree 10.0 years experience Male 38.0 years old
27.0,Male,Bachelor's Degree,Software Engineer,3.0,70000.0,Software Engineer Bachelor's Degree 3.0 years experience Male 27.0 years old
46.0,Female,PhD,Director of Data Science,20.0,220000.0,Director of Data Science PhD 20.0 years experience Female 46.0 years old
33.0,Male,Master's Degree,Data Analyst,8.0,100000.0,Data Analyst Master's Degree 8.0 years experience Male 33.0 years old
24.0,Female,Bachelor's Degree,Software Developer,2.0,55000.0,Software Developer Bachelor's Degree 2.0 years experience Female 24.0 years old
36.0,Male,PhD,Senior Data Scientist,12.0,170000.0,Senior Data Scientist PhD 12.0 years experience Male 36.0 years old
30.0,Female,Bachelor's Degree,Software Engineer,5.0,90000.0,Software Engineer Bachelor's Degree 5.0 years experience Female 30.0 years old
29.0,Male,Bachelor's Degree,Front End Developer,4.0,80000.0,Front End Developer Bachelor's Degree 4.0 years experience Male 29.0 years old
42.0,Male,Master's Degree,Product Manager,14.0,180000.0,Product Manager Master's Degree 14.0 years experience Male 42.0 years old
26.0,Male,Bachelor's Degree,Software Developer,2.0,60000.0,Software Developer Bachelor's Degree 2.0 years experience Male 26.0 years old
35.0,Female,Master's Degree,Data Analyst,9.0,120000.0,Data Analyst Master's Degree 9.0 years experience Female 35.0 years old
27.0,Female,Bachelor's Degree,Software Engineer,3.0,70000.0,Software Engineer Bachelor's Degree 3.0 years experience Female 27.0 years old
48.0,Male,PhD,Director of Data Science,18.0,210000.0,Director of Data Science PhD 18.0 years experience Male 48.0 years old
34.0,Male,Master's Degree,Data Scientist,9.0,140000.0,Data Scientist Master's Degree 9.0 years experience Male 34.0 years old
23.0,Female,Bachelor's Degree,Software Engineer,1.0,50000.0,Software Engineer Bachelor's Degree 1.0 years experience Female 23.0 years old
32.0,Male,Master's Degree,Product Manager,7.0,110000.0,Product Manager Master's Degree 7.0 years experience Male 32.0 years old
25.0,Female,Master's Degree,Software Engineer,2.0,60000.0,Software Engineer Master's Degree 2.0 years experience Female 25.0 years old
37.0,Male,Bachelor's Degree,Data Analyst,11.0,160000.0,Data Analyst Bachelor's Degree 11.0 years experience Male 37.0 years old
28.0,Male,Bachelor's Degree,Software Engineer,4.0,75000.0,Software Engineer Bachelor's Degree 4.0 years experience Male 28.0 years old
41.0,Female,PhD,Director of Data Science,16.0,200000.0,Director of Data Science PhD 16.0 years experience Female 41.0 years old
34.0,Male,Master's Degree,Data Analyst,8.0,100000.0,Data Analyst Master's Degree 8.0 years experience Male 34.0 years old
24.0,Female,Bachelor's Degree,Software Developer,2.0,55000.0,Software Developer Bachelor's Degree 2.0 years experience Female 24.0 years old
36.0,Male,PhD,Senior Data Scientist,12.0,170000.0,Senior Data Scientist PhD 12.0 years experience Male 36.0 years old
30.0,Female,Bachelor's Degree,Software Engineer,5.0,90000.0,Software Engineer Bachelor's Degree 5.0 years experience Female 30.0 years old
29.0,Male,Bachelor's Degree,Front End Developer,4.0,80000.0,Front End Developer Bachelor's Degree 4.0 years experience Male 29.0 years old
42.0,Male,Master's Degree,Product Manager,14.0,180000.0,Product Manager Master's Degree 14.0 years experience Male 42.0 years old
26.0,Male,Bachelor's Degree,Software Developer,2.0,60000.0,Software Developer Bachelor's Degree 2.0 years experience Male 26.0 years old
35.0,Female,Master's Degree,Data Analyst,9.0,120000.0,Data Analyst Master's Degree 9.0 years experience Female 35.0 years old
27.0,Female,Bachelor's Degree,Software Engineer,3.0,70000.0,Software Engineer Bachelor's Degree 3.0 years experience Female 27.0 years old
48.0,Male,PhD,Director of Data Science,18.0,210000.0,Director of Data Science PhD 18.0 years experience Male 48.0 years old
34.0,Male,Master's Degree,Data Scientist,9.0,140000.0,Data Scientist Master's Degree 9.0 years experience Male 34.0 years old
23.0,Female,Bachelor's Degree,Software Engineer,1.0,50000.0,Software Engineer Bachelor's Degree 1.0 years experience Female 23.0 years old
32.0,Male,Master's Degree,Product Manager,7.0,110000.0,Product Manager Master's Degree 7.0 years experience Male 32.0 years old
25.0,Female,Master's Degree,Software Engineer,2.0,60000.0,Software Engineer Master's Degree 2.0 years experience Female 25.0 years old
37.0,Male,Bachelor's Degree,Data Analyst,11.0,160000.0,Data Analyst Bachelor's Degree 11.0 years experience Male 37.0 years old
28.0,Male,Bachelor's Degree,Software Engineer,4.0,75000.0,Software Engineer Bachelor's Degree 4.0 years experience Male 28.0 years old
41.0,Female,PhD,Director of Data Science,16.0,200000.0,Director of Data Science PhD 16.0 years experience Female 41.0 years old
34.0,Male,Master's Degree,Data Analyst,8.0,100000.0,Data Analyst Master's Degree 8.0 years experience Male 34.0 years old
24.0,Female,Bachelor's Degree,Software Developer,2.0,55000.0,Software Developer Bachelor's Degree 2.0 years experience Female 24.0 years old
36.0,Male,PhD,Senior Data Scientist,12.0,170000.0,Senior Data Scientist PhD 12.0 years experience Male 36.0 years old
30.0,Female,Bachelor's Degree,Software Engineer,5.0,90000.0,Software Engineer Bachelor's Degree 5.0 years experience Female 30.0 years old
29.0,Male,Bachelor's Degree,Front End Developer,4.0,80000.0,Front End Developer Bachelor's Degree 4.0 years experience Male 29.0 years old
42.0,Male,Master's Degree,Product Manager,14.0,180000.0,Product Manager Master's Degree 14.0 years experience Male 42.0 years old
26.0,Male,Bachelor's Degree,Software Developer,2.0,60000.0,Software Developer Bachelor's Degree 2.0 years experience Male 26.0 years old
35.0,Female,Master's Degree,Data Analyst,9.0,120000.0,Data Analyst Master's Degree 9.0 years experience Female 35.0 years old
27.0,Female,Bachelor's Degree,Software Engineer,3.0,70000.0,Software Engineer Bachelor's Degree 3.0 years experience Female 27.0 years old
48.0,Male,PhD,Director of Data Science,18.0,210000.0,Director of Data Science PhD 18.0 years experience Male 48.0 years old
34.0,Male,Master's Degree,Data Scientist,9.0,140000.0,Data Scientist Master's Degree 9.0 years experience Male 34.0 years old
23.0,Female,Bachelor's Degree,Software Engineer,1.0,50000.0,Software Engineer Bachelor's Degree 1.0 years experience Female 23.0 years old
32.0,Male,Master's Degree,Product Manager,7.0,110000.0,Product Manager Master's Degree 7.0 years experience Male 32.0 years old
25.0,Female,Master's Degree,Software Engineer,2.0,60000.0,Software Engineer Master's Degree 2.0 years experience Female 25.0 years old
37.0,Male,Bachelor's Degree,Data Analyst,11.0,160000.0,Data Analyst Bachelor's Degree 11.0 years experience Male 37.0 years old
28.0,Male,Bachelor's Degree,Software Engineer,4.0,75000.0,Software Engineer Bachelor's Degree 4.0 years experience Male 28.0 years old
41.0,Female,PhD,Director of Data Science,16.0,200000.0,Director of Data Science PhD 16.0 years experience Female 41.0 years old
34.0,Male,Master's Degree,Data Analyst,8.0,100000.0,Data Analyst Master's Degree 8.0 years experience Male 34.0 years old
24.0,Female,Bachelor's Degree,Software Developer,2.0,55000.0,Software Developer Bachelor's Degree 2.0 years experience Female 24.0 years old
36.0,Male,PhD,Senior Data Scientist,12.0,170000.0,Senior Data Scientist PhD 12.0 years experience Male 36.0 years old
30.0,Female,Bachelor's Degree,Software Engineer,5.0,90000.0,Software Engineer Bachelor's Degree 5.0 years experience Female 30.0 years old
29.0,Male,Bachelor's Degree,Front End Developer,4.0,80000.0,Front End Developer Bachelor's Degree 4.0 years experience Male 29.0 years old
42.0,Male,Master's Degree,Product Manager,14.0,180000.0,Product Manager Master's Degree 14.0 years experience Male 42.0 years old
26.0,Male,Bachelor's Degree,Software Developer,2.0,60000.0,Software Developer Bachelor's Degree 2.0 years experience Male 26.0 years old
35.0,Female,Master's Degree,Data Analyst,9.0,120000.0,Data Analyst Master's Degree 9.0 years experience Female 35.0 years old
27.0,Female,Bachelor's Degree,Software Engineer,3.0,70000.0,Software Engineer Bachelor's Degree 3.0 years experience Female 27.0 years old
48.0,Male,PhD,Director of Data Science,18.0,210000.0,Director of Data Science PhD 18.0 years experience Male 48.0 years old
34.0,Male,Master's Degree,Data Scientist,9.0,140000.0,Data Scientist Master's Degree 9.0 years experience Male 34.0 years old
23.0,Female,Bachelor's Degree,Software Engineer,1.0,50000.0,Software Engineer Bachelor's Degree 1.0 years experience Female 23.0 years old
32.0,Male,Master's Degree,Product Manager,7.0,110000.0,Product Manager Master's Degree 7.0 years experience Male 32.0 years old
25.0,Female,Master's Degree,Software Engineer,2.0,60000.0,Software Engineer Master's Degree 2.0 years experience Female 25.0 years old
37.0,Male,Bachelor's Degree,Data Analyst,11.0,160000.0,Data Analyst Bachelor's Degree 11.0 years experience Male 37.0 years old
28.0,Male,Bachelor's Degree,Software Engineer,4.0,75000.0,Software Engineer Bachelor's Degree 4.0 years experience Male 28.0 years old
41.0,Female,PhD,Director of Data Science,16.0,200000.0,Director of Data Science PhD 16.0 years experience Female 41.0 years old
34.0,Male,Master's Degree,Data Analyst,8.0,100000.0,Data Analyst Master's Degree 8.0 years experience Male 34.0 years old
24.0,Female,Bachelor's Degree,Software Developer,2.0,55000.0,Software Developer Bachelor's Degree 2.0 years experience Female 24.0 years old
36.0,Male,PhD,Senior Data Scientist,12.0,170000.0,Senior Data Scientist PhD 12.0 years experience Male 36.0 years old
30.0,Female,Bachelor's Degree,Software Engineer,5.0,90000.0,Software Engineer Bachelor's Degree 5.0 years experience Female 30.0 years old
29.0,Male,Bachelor's Degree,Front End Developer,4.0,80000.0,Front End Developer Bachelor's Degree 4.0 years experience Male 29.0 years old
42.0,Male,Master's Degree,Product Manager,14.0,180000.0,Product Manager Master's Degree 14.0 years experience Male 42.0 years old
26.0,Male,Bachelor's Degree,Software Developer,2.0,60000.0,Software Developer Bachelor's Degree 2.0 years experience Male 26.0 years old
35.0,Female,Master's Degree,Data Analyst,9.0,120000.0,Data Analyst Master's Degree 9.0 years experience Female 35.0 years old
27.0,Female,Bachelor's Degree,Software Engineer,3.0,70000.0,Software Engineer Bachelor's Degree 3.0 years experience Female 27.0 years old
48.0,Male,PhD,Director of Data Science,18.0,210000.0,Director of Data Science PhD 18.0 years experience Male 48.0 years old
34.0,Male,Master's Degree,Data Scientist,9.0,140000.0,Data Scientist Master's Degree 9.0 years experience Male 34.0 years old
23.0,Female,Bachelor's Degree,Software Engineer,1.0,50000.0,Software Engineer Bachelor's Degree 1.0 years experience Female 23.0 years old
32.0,Male,Master's Degree,Product Manager,7.0,110000.0,Product Manager Master's Degree 7.0 years experience Male 32.0 years old
25.0,Female,Master's Degree,Software Engineer,2.0,60000.0,Software Engineer Master's Degree 2.0 years experience Female 25.0 years old
37.0,Male,Bachelor's Degree,Data Analyst,11.0,160000.0,Data Analyst Bachelor's Degree 11.0 years experience Male 37.0 years old
28.0,Male,Bachelor's Degree,Software Engineer,4.0,75000.0,Software Engineer Bachelor's Degree 4.0 years experience Male 28.0 years old
41.0,Female,PhD,Director of Data Science,16.0,200000.0,Director of Data Science PhD 16.0 years experience Female 41.0 years old
34.0,Male,Master's Degree,Data Analyst,8.0,100000.0,Data Analyst Master's Degree 8.0 years experience Male 34.0 years old
24.0,Female,Bachelor's Degree,Software Developer,2.0,55000.0,Software Developer Bachelor's Degree 2.0 years experience Female 24.0 years old
36.0,Male,PhD,Senior Data Scientist,12.0,170000.0,Senior Data Scientist PhD 12.0 years experience Male 36.0 years old
30.0,Female,Bachelor's Degree,Software Engineer,5.0,90000.0,Software Engineer Bachelor's Degree 5.0 years experience Female 30.0 years old
29.0,Male,Bachelor's Degree,Front End Developer,4.0,80000.0,Front End Developer Bachelor's Degree 4.0 years experience Male 29.0 years old
42.0,Male,Master's Degree,Product Manager,14.0,180000.0,Product Manager Master's Degree 14.0 years experience Male 42.0 years old
26.0,Male,Bachelor's Degree,Software Developer,2.0,60000.0,Software Developer Bachelor's Degree 2.0 years experience Male 26.0 years old
35.0,Female,Master's Degree,Data Analyst,9.0,120000.0,Data Analyst Master's Degree 9.0 years experience Female 35.0 years old
27.0,Female,Bachelor's Degree,Software Engineer,3.0,70000.0,Software Engineer Bachelor's Degree 3.0 years experience Female 27.0 years old
48.0,Male,PhD,Director of Data Science,18.0,210000.0,Director of Data Science PhD 18.0 years experience Male 48.0 years old
34.0,Male,Master's Degree,Data Scientist,9.0,140000.0,Data Scientist Master's Degree 9.0 years experience Male 34.0 years old
23.0,Female,Bachelor's Degree,Software Engineer,1.0,50000.0,Software Engineer Bachelor's Degree 1.0 years experience Female 23.0 years old
32.0,Male,Master's Degree,Product Manager,7.0,110000.0,Product Manager Master's Degree 7.0 years experience Male 32.0 years old
25.0,Female,Master's Degree,Software Engineer,2.0,60000.0,Software Engineer Master's Degree 2.0 years experience Female 25.0 years old
37.0,Male,Bachelor's Degree,Data Analyst,11.0,160000.0,Data Analyst Bachelor's Degree 11.0 years experience Male 37.0 years old
28.0,Male,Bachelor's Degree,Software Engineer,4.0,75000.0,Software Engineer Bachelor's Degree 4.0 years experience Male 28.0 years old
41.0,Female,PhD,Director of Data Science,16.0,200000.0,Director of Data Science PhD 16.0 years experience Female 41.0 years old
34.0,Male,Master's Degree,Data Analyst,8.0,100000.0,Data Analyst Master's Degree 8.0 years experience Male 34.0 years old
24.0,Female,Bachelor's Degree,Software Developer,2.0,55000.0,Software Developer Bachelor's Degree 2.0 years experience Female 24.0 years old
36.0,Male,PhD,Senior Data Scientist,12.0,170000.0,Senior Data Scientist PhD 12.0 years experience Male 36.0 years old
30.0,Female,Bachelor's Degree,Software Engineer,5.0,90000.0,Software Engineer Bachelor's Degree 5.0 years experience Female 30.0 years old
29.0,Male,Bachelor's Degree,Front End Developer,4.0,80000.0,Front End Developer Bachelor's Degree 4.0 years experience Male 29.0 years old
42.0,Male,Master's Degree,Product Manager,14.0,180000.0,Product Manager Master's Degree 14.0 years experience Male 42.0 years old
26.0,Male,Bachelor's Degree,Software Developer,2.0,60000.0,Software Developer Bachelor's Degree 2.0 years experience Male 26.0 years old
35.0,Female,Master's Degree,Data Analyst,9.0,120000.0,Data Analyst Master's Degree 9.0 years experience Female 35.0 years old
27.0,Female,Bachelor's Degree,Software Engineer,3.0,70000.0,Software Engineer Bachelor's Degree 3.0 years experience Female 27.0 years old
48.0,Male,PhD,Director of Data Science,18.0,210000.0,Director of Data Science PhD 18.0 years experience Male 48.0 years old
34.0,Male,Master's Degree,Data Scientist,9.0,140000.0,Data Scientist Master's Degree 9.0 years experience Male 34.0 years old
23.0,Female,Bachelor's Degree,Software Engineer,1.0,50000.0,Software Engineer Bachelor's Degree 1.0 years experience Female 23.0 years old
34.0,Female,Bachelor's Degree,Full Stack Engineer,8.0,122485.0,Full Stack Engineer Bachelor's Degree 8.0 years experience Female 34.0 years old
25.0,Male,PhD,Software Engineer Manager,12.0,169159.0,Software Engineer Manager PhD 12.0 years experience Male 25.0 years old
43.0,Male,Master's Degree,Senior Software Engineer,21.0,187081.0,Senior Software Engineer Master's Degree 21.0 years experience Male 43.0 years old
53.0,Other,High School,Senior Project Engineer,31.0,166109.0,Senior Project Engineer High School 31.0 years experience Other 53.0 years old
27.0,Female,Master's Degree,Front end Developer,5.0,78354.0,Front end Developer Master's Degree 5.0 years experience Female 27.0 years old
25.0,Male,Bachelor's Degree,Back end Developer,2.0,90249.0,Back end Developer Bachelor's Degree 2.0 years experience Male 25.0 years old
29.0,Female,Master's Degree,Senior Software Engineer,6.0,132720.0,Senior Software Engineer Master's Degree 6.0 years experience Female 29.0 years old
52.0,Male,PhD,Software Engineer Manager,23.0,161568.0,Software Engineer Manager PhD 23.0 years experience Male 52.0 years old
41.0,Male,Master's Degree,Front end Developer,13.0,127346.0,Front end Developer Master's Degree 13.0 years experience Male 41.0 years old
49.0,Female,Bachelor's Degree,Back end Developer,19.0,120177.0,Back end Developer Bachelor's Degree 19.0 years experience Female 49.0 years old
25.0,Other,High School,Full Stack Engineer,2.0,69032.0,Full Stack Engineer High School 2.0 years experience Other 25.0 years old
35.0,Male,Master's Degree,Senior Project Engineer,8.0,101332.0,Senior Project Engineer Master's Degree 8.0 years experience Male 35.0 years old
57.0,Female,PhD,Full Stack Engineer,30.0,121450.0,Full Stack Engineer PhD 30.0 years experience Female 57.0 years old
35.0,Female,Bachelor's Degree,Senior Project Engineer,12.0,166375.0,Senior Project Engineer Bachelor's Degree 12.0 years experience Female 35.0 years old
43.0,Male,Master's Degree,Senior Software Engineer,21.0,185119.0,Senior Software Engineer Master's Degree 21.0 years experience Male 43.0 years old
37.0,Female,Bachelor's Degree,Full Stack Engineer,10.0,149217.0,Full Stack Engineer Bachelor's Degree 10.0 years experience Female 37.0 years old
50.0,Male,Master's Degree,Software Engineer Manager,21.0,166512.0,Software Engineer Manager Master's Degree 21.0 years experience Male 50.0 years old
52.0,Female,Master's Degree,Senior Software Engineer,28.0,186963.0,Senior Software Engineer Master's Degree 28.0 years experience Female 52.0 years old
26.0,Male,Bachelor's Degree,Back end Developer,3.0,75072.0,Back end Developer Bachelor's Degree 3.0 years experience Male 26.0 years old
34.0,Female,Master's Degree,Full Stack Engineer,10.0,163398.0,Full Stack Engineer Master's Degree 10.0 years experience Female 34.0 years old
30.0,Male,High School,Senior Project Engineer,11.0,103947.0,Senior Project Engineer High School 11.0 years experience Male 30.0 years old
60.0,Female,PhD,Software Engineer Manager,33.0,179180.0,Software Engineer Manager PhD 33.0 years experience Female 60.0 years old
50.0,Male,Bachelor's Degree,Back end Developer,23.0,175966.0,Back end Developer Bachelor's Degree 23.0 years experience Male 50.0 years old
58.0,Male,Master's Degree,Senior Software Engineer,27.0,190004.0,Senior Software Engineer Master's Degree 27.0 years experience Male 58.0 years old
35.0,Female,Master's Degree,Full Stack Engineer,10.0,152039.0,Full Stack Engineer Master's Degree 10.0 years experience Female 35.0 years old
28.0,Male,Master's Degree,Front end Developer,5.0,76742.0,Front end Developer Master's Degree 5.0 years experience Male 28.0 years old
57.0,Female,PhD,Software Engineer Manager,33.0,191790.0,Software Engineer Manager PhD 33.0 years experience Female 57.0 years old
46.0,Female,Bachelor's Degree,Senior Software Engineer,20.0,139398.0,Senior Software Engineer Bachelor's Degree 20.0 years experience Female 46.0 years old
28.0,Male,High School,Back end Developer,7.0,95845.0,Back end Developer High School 7.0 years experience Male 28.0 years old
34.0,Male,Master's Degree,Full Stack Engineer,12.0,160976.0,Full Stack Engineer Master's Degree 12.0 years experience Male 34.0 years old
33.0,Female,Master's Degree,Senior Project Engineer,9.0,126753.0,Senior Project Engineer Master's Degree 9.0 years experience Female 33.0 years old
37.0,Other,Master's Degree,Full Stack Engineer,14.0,161393.0,Full Stack Engineer Master's Degree 14.0 years experience Other 37.0 years old
33.0,Male,Master's Degree,Senior Software Engineer,8.0,139817.0,Senior Software Engineer Master's Degree 8.0 years experience Male 33.0 years old
53.0,Male,PhD,Software Engineer Manager,25.0,181714.0,Software Engineer Manager PhD 25.0 years experience Male 53.0 years old
35.0,Female,Bachelor's Degree,Back end Developer,10.0,114776.0,Back end Developer Bachelor's Degree 10.0 years experience Female 35.0 years old
30.0,Male,Master's Degree,Full Stack Engineer,6.0,105725.0,Full Stack Engineer Master's Degree 6.0 years experience Male 30.0 years old
24.0,Female,High School,Senior Project Engineer,1.0,52731.0,Senior Project Engineer High School 1.0 years experience Female 24.0 years old
36.0,Male,Master's Degree,Front end Developer,8.0,106492.0,Front end Developer Master's Degree 8.0 years experience Male 36.0 years old
27.0,Female,Bachelor's Degree,Full Stack Engineer,4.0,73895.0,Full Stack Engineer Bachelor's Degree 4.0 years experience Female 27.0 years old
23.0,Male,PhD,Software Engineer Manager,1.0,119836.0,Software Engineer Manager PhD 1.0 years experience Male 23.0 years old
28.0,Female,Master's Degree,Senior Software Engineer,5.0,99747.0,Senior Software Engineer Master's Degree 5.0 years experience Female 28.0 years old
52.0,Male,Bachelor's Degree,Back end Developer,25.0,168287.0,Back end Developer Bachelor's Degree 25.0 years experience Male 52.0 years old
28.0,Female,Master's Degree,Full Stack Engineer,7.0,115920.0,Full Stack Engineer Master's Degree 7.0 years experience Female 28.0 years old
32.0,Male,Master's Degree,Senior Project Engineer,11.0,128078.0,Senior Project Engineer Master's Degree 11.0 years experience Male 32.0 years old
24.0,Female,Bachelor's Degree,Front end Developer,1.0,51265.0,Front end Developer Bachelor's Degree 1.0 years experience Female 24.0 years old
43.0,Male,High School,Senior Software Engineer,22.0,165919.0,Senior Software Engineer High School 22.0 years experience Male 43.0 years old
60.0,Female,PhD,Software Engineer Manager,34.0,188651.0,Software Engineer Manager PhD 34.0 years experience Female 60.0 years old
24.0,Male,Master's Degree,Back end Developer,0.0,55538.0,Back end Developer Master's Degree 0.0 years experience Male 24.0 years old
55.0,Male,Bachelor's Degree,Senior Project Engineer,28.0,193964.0,Senior Project Engineer Bachelor's Degree 28.0 years experience Male 55.0 years old
29.0,Female,Master's Degree,Full Stack Engineer,4.0,104702.0,Full Stack Engineer Master's Degree 4.0 years experience Female 29.0 years old
44.0,Male,PhD,Software Engineer Manager,19.0,172955.0,Software Engineer Manager PhD 19.0 years experience Male 44.0 years old
40.0,Female,Master's Degree,Senior Software Engineer,16.0,138032.0,Senior Software Engineer Master's Degree 16.0 years experience Female 40.0 years old
27.0,Male,Bachelor's Degree,Back end Developer,4.0,82683.0,Back end Developer Bachelor's Degree 4.0 years experience Male 27.0 years old
43.0,Male,Master's Degree,Full Stack Engineer,17.0,155414.0,Full Stack Engineer Master's Degree 17.0 years experience Male 43.0 years old
49.0,Female,High School,Senior Project Engineer,25.0,154207.0,Senior Project Engineer High School 25.0 years experience Female 49.0 years old
30.0,Male,Master's Degree,Front end Developer,8.0,107895.0,Front end Developer Master's Degree 8.0 years experience Male 30.0 years old
42.0,Female,Bachelor's Degree,Senior Software Engineer,18.0,148446.0,Senior Software Engineer Bachelor's Degree 18.0 years experience Female 42.0 years old
26.0,Male,Master's Degree,Full Stack Engineer,4.0,102859.0,Full Stack Engineer Master's Degree 4.0 years experience Male 26.0 years old
41.0,Female,PhD,Software Engineer Manager,13.0,138662.0,Software Engineer Manager PhD 13.0 years experience Female 41.0 years old
46.0,Male,Bachelor's Degree,Senior Project Engineer,23.0,181699.0,Senior Project Engineer Bachelor's Degree 23.0 years experience Male 46.0 years old
57.0,Female,Master's Degree,Full Stack Engineer,33.0,188232.0,Full Stack Engineer Master's Degree 33.0 years experience Female 57.0 years old
22.0,Female,High School,Back end Developer,0.0,51832.0,Back end Developer High School 0.0 years experience Female 22.0 years old
54.0,Male,PhD,Software Engineer Manager,28.0,188484.0,Software Engineer Manager PhD 28.0 years experience Male 54.0 years old
42.0,Female,Master's Degree,Senior Software Engineer,16.0,138286.0,Senior Software Engineer Master's Degree 16.0 years experience Female 42.0 years old
49.0,Male,Bachelor's Degree,Full Stack Engineer,22.0,181132.0,Full Stack Engineer Bachelor's Degree 22.0 years experience Male 49.0 years old
27.0,Female,Master's Degree,Back end Developer,4.0,73938.0,Back end Developer Master's Degree 4.0 years experience Female 27.0 years old
36.0,Male,Bachelor's Degree,Senior Project Engineer,14.0,119224.0,Senior Project Engineer Bachelor's Degree 14.0 years experience Male 36.0 years old
31.0,Female,Master's Degree,Full Stack Engineer,6.0,101186.0,Full Stack Engineer Master's Degree 6.0 years experience Female 31.0 years old
39.0,Male,Master's Degree,Software Engineer Manager,14.0,142360.0,Software Engineer Manager Master's Degree 14.0 years experience Male 39.0 years old
41.0,Female,Bachelor's Degree,Senior Project Engineer,20.0,151315.0,Senior Project Engineer Bachelor's Degree 20.0 years experience Female 41.0 years old
48.0,Male,PhD,Full Stack Engineer,23.0,181021.0,Full Stack Engineer PhD 23.0 years experience Male 48.0 years old
39.0,Female,Master's Degree,Senior Software Engineer,15.0,134641.0,Senior Software Engineer Master's Degree 15.0 years experience Female 39.0 years old
48.0,Male,Bachelor's Degree,Front end Developer,23.0,173851.0,Front end Developer Bachelor's Degree 23.0 years experience Male 48.0 years old
31.0,Other,High School,Back end Developer,8.0,104127.0,Back end Developer High School 8.0 years experience Other 31.0 years old
47.0,Male,Master's Degree,Senior Project Engineer,25.0,178859.0,Senior Project Engineer Master's Degree 25.0 years experience Male 47.0 years old
29.0,Female,PhD,Full Stack Engineer,5.0,98568.0,Full Stack Engineer PhD 5.0 years experience Female 29.0 years old
32.0,Male,Bachelor's Degree,Software Engineer Manager,9.0,104661.0,Software Engineer Manager Bachelor's Degree 9.0 years experience Male 32.0 years old
38.0,Female,Master's Degree,Senior Software Engineer,13.0,134858.0,Senior Software Engineer Master's Degree 13.0 years experience Female 38.0 years old
34.0,Male,Bachelor's Degree,Back end Developer,10.0,94502.0,Back end Developer Bachelor's Degree 10.0 years experience Male 34.0 years old
23.0,Other,High School,Front end Developer,2.0,62852.0,Front end Developer High School 2.0 years experience Other 23.0 years old
34.0,Female,Bachelor's Degree,Full Stack Engineer,8.0,122485.0,Full Stack Engineer Bachelor's Degree 8.0 years experience Female 34.0 years old
25.0,Male,PhD,Software Engineer Manager,12.0,169159.0,Software Engineer Manager PhD 12.0 years experience Male 25.0 years old
43.0,Male,Master's Degree,Senior Software Engineer,21.0,187081.0,Senior Software Engineer Master's Degree 21.0 years experience Male 43.0 years old
53.0,Other,High School,Senior Project Engineer,31.0,166109.0,Senior Project Engineer High School 31.0 years experience Other 53.0 years old
27.0,Female,Master's Degree,Front end Developer,5.0,78354.0,Front end Developer Master's Degree 5.0 years experience Female 27.0 years old
25.0,Male,Bachelor's Degree,Back end Developer,2.0,90249.0,Back end Developer Bachelor's Degree 2.0 years experience Male 25.0 years old
29.0,Female,Master's Degree,Senior Software Engineer,6.0,132720.0,Senior Software Engineer Master's Degree 6.0 years experience Female 29.0 years old
52.0,Male,PhD,Software Engineer Manager,23.0,161568.0,Software Engineer Manager PhD 23.0 years experience Male 52.0 years old
41.0,Male,Master's Degree,Front end Developer,13.0,127346.0,Front end Developer Master's Degree 13.0 years experience Male 41.0 years old
49.0,Female,Bachelor's Degree,Back end Developer,19.0,120177.0,Back end Developer Bachelor's Degree 19.0 years experience Female 49.0 years old
25.0,Other,High School,Full Stack Engineer,2.0,69032.0,Full Stack Engineer High School 2.0 years experience Other 25.0 years old
35.0,Male,Master's Degree,Senior Project Engineer,8.0,101332.0,Senior Project Engineer Master's Degree 8.0 years experience Male 35.0 years old
57.0,Female,PhD,Full Stack Engineer,30.0,121450.0,Full Stack Engineer PhD 30.0 years experience Female 57.0 years old
35.0,Female,Bachelor's Degree,Senior Project Engineer,12.0,166375.0,Senior Project Engineer Bachelor's Degree 12.0 years experience Female 35.0 years old
43.0,Male,Master's Degree,Senior Software Engineer,21.0,185119.0,Senior Software Engineer Master's Degree 21.0 years experience Male 43.0 years old
37.0,Female,Bachelor's Degree,Full Stack Engineer,10.0,149217.0,Full Stack Engineer Bachelor's Degree 10.0 years experience Female 37.0 years old
50.0,Male,Master's Degree,Software Engineer Manager,21.0,166512.0,Software Engineer Manager Master's Degree 21.0 years experience Male 50.0 years old
52.0,Female,Master's Degree,Senior Software Engineer,28.0,186963.0,Senior Software Engineer Master's Degree 28.0 years experience Female 52.0 years old
26.0,Male,Bachelor's Degree,Back end Developer,3.0,75072.0,Back end Developer Bachelor's Degree 3.0 years experience Male 26.0 years old
34.0,Female,Master's Degree,Full Stack Engineer,10.0,163398.0,Full Stack Engineer Master's Degree 10.0 years experience Female 34.0 years old
30.0,Male,High School,Senior Project Engineer,11.0,103947.0,Senior Project Engineer High School 11.0 years experience Male 30.0 years old
60.0,Female,PhD,Software Engineer Manager,33.0,179180.0,Software Engineer Manager PhD 33.0 years experience Female 60.0 years old
50.0,Male,Bachelor's Degree,Back end Developer,23.0,175966.0,Back end Developer Bachelor's Degree 23.0 years experience Male 50.0 years old
58.0,Male,Master's Degree,Senior Software Engineer,27.0,190004.0,Senior Software Engineer Master's Degree 27.0 years experience Male 58.0 years old
35.0,Female,Master's Degree,Full Stack Engineer,10.0,152039.0,Full Stack Engineer Master's Degree 10.0 years experience Female 35.0 years old
28.0,Male,Master's Degree,Front end Developer,5.0,76742.0,Front end Developer Master's Degree 5.0 years experience Male 28.0 years old
57.0,Female,PhD,Software Engineer Manager,33.0,191790.0,Software Engineer Manager PhD 33.0 years experience Female 57.0 years old
46.0,Female,Bachelor's Degree,Senior Software Engineer,20.0,139398.0,Senior Software Engineer Bachelor's Degree 20.0 years experience Female 46.0 years old
28.0,Male,High School,Back end Developer,7.0,95845.0,Back end Developer High School 7.0 years experience Male 28.0 years old
34.0,Male,Master's Degree,Full Stack Engineer,12.0,160976.0,Full Stack Engineer Master's Degree 12.0 years experience Male 34.0 years old
33.0,Female,Master's Degree,Senior Project Engineer,9.0,126753.0,Senior Project Engineer Master's Degree 9.0 years experience Female 33.0 years old
37.0,Other,Master's Degree,Full Stack Engineer,14.0,161393.0,Full Stack Engineer Master's Degree 14.0 years experience Other 37.0 years old
33.0,Male,Master's Degree,Senior Software Engineer,8.0,139817.0,Senior Software Engineer Master's Degree 8.0 years experience Male 33.0 years old
53.0,Male,PhD,Software Engineer Manager,25.0,181714.0,Software Engineer Manager PhD 25.0 years experience Male 53.0 years old
35.0,Female,Bachelor's Degree,Back end Developer,10.0,114776.0,Back end Developer Bachelor's Degree 10.0 years experience Female 35.0 years old
30.0,Male,Master's Degree,Full Stack Engineer,6.0,105725.0,Full Stack Engineer Master's Degree 6.0 years experience Male 30.0 years old
24.0,Female,High School,Senior Project Engineer,1.0,52731.0,Senior Project Engineer High School 1.0 years experience Female 24.0 years old
36.0,Male,Master's Degree,Front end Developer,8.0,106492.0,Front end Developer Master's Degree 8.0 years experience Male 36.0 years old
27.0,Female,Bachelor's Degree,Full Stack Engineer,4.0,73895.0,Full Stack Engineer Bachelor's Degree 4.0 years experience Female 27.0 years old
23.0,Male,PhD,Software Engineer Manager,1.0,119836.0,Software Engineer Manager PhD 1.0 years experience Male 23.0 years old
28.0,Female,Master's Degree,Senior Software Engineer,5.0,99747.0,Senior Software Engineer Master's Degree 5.0 years experience Female 28.0 years old
52.0,Male,Bachelor's Degree,Back end Developer,25.0,168287.0,Back end Developer Bachelor's Degree 25.0 years experience Male 52.0 years old
28.0,Female,Master's Degree,Full Stack Engineer,7.0,115920.0,Full Stack Engineer Master's Degree 7.0 years experience Female 28.0 years old
32.0,Male,Master's Degree,Senior Project Engineer,11.0,128078.0,Senior Project Engineer Master's Degree 11.0 years experience Male 32.0 years old
24.0,Female,Bachelor's Degree,Front end Developer,1.0,51265.0,Front end Developer Bachelor's Degree 1.0 years experience Female 24.0 years old
43.0,Male,High School,Senior Software Engineer,22.0,165919.0,Senior Software Engineer High School 22.0 years experience Male 43.0 years old
60.0,Female,PhD,Software Engineer Manager,34.0,188651.0,Software Engineer Manager PhD 34.0 years experience Female 60.0 years old
24.0,Male,Master's Degree,Back end Developer,0.0,55538.0,Back end Developer Master's Degree 0.0 years experience Male 24.0 years old
55.0,Male,Bachelor's Degree,Senior Project Engineer,28.0,193964.0,Senior Project Engineer Bachelor's Degree 28.0 years experience Male 55.0 years old
29.0,Female,Master's Degree,Full Stack Engineer,4.0,104702.0,Full Stack Engineer Master's Degree 4.0 years experience Female 29.0 years old
44.0,Male,PhD,Software Engineer Manager,19.0,172955.0,Software Engineer Manager PhD 19.0 years experience Male 44.0 years old
40.0,Female,Master's Degree,Senior Software Engineer,16.0,138032.0,Senior Software Engineer Master's Degree 16.0 years experience Female 40.0 years old
27.0,Male,Bachelor's Degree,Back end Developer,4.0,82683.0,Back end Developer Bachelor's Degree 4.0 years experience Male 27.0 years old
43.0,Male,Master's Degree,Full Stack Engineer,17.0,155414.0,Full Stack Engineer Master's Degree 17.0 years experience Male 43.0 years old
49.0,Female,High School,Senior Project Engineer,25.0,154207.0,Senior Project Engineer High School 25.0 years experience Female 49.0 years old
30.0,Male,Master's Degree,Front end Developer,8.0,107895.0,Front end Developer Master's Degree 8.0 years experience Male 30.0 years old
42.0,Female,Bachelor's Degree,Senior Software Engineer,18.0,148446.0,Senior Software Engineer Bachelor's Degree 18.0 years experience Female 42.0 years old
26.0,Male,Master's Degree,Full Stack Engineer,4.0,102859.0,Full Stack Engineer Master's Degree 4.0 years experience Male 26.0 years old
41.0,Female,PhD,Software Engineer Manager,13.0,138662.0,Software Engineer Manager PhD 13.0 years experience Female 41.0 years old
46.0,Male,Bachelor's Degree,Senior Project Engineer,23.0,181699.0,Senior Project Engineer Bachelor's Degree 23.0 years experience Male 46.0 years old
57.0,Female,Master's Degree,Full Stack Engineer,33.0,188232.0,Full Stack Engineer Master's Degree 33.0 years experience Female 57.0 years old
22.0,Female,High School,Back end Developer,0.0,51832.0,Back end Developer High School 0.0 years experience Female 22.0 years old
54.0,Male,PhD,Software Engineer Manager,28.0,188484.0,Software Engineer Manager PhD 28.0 years experience Male 54.0 years old
42.0,Female,Master's Degree,Senior Software Engineer,16.0,138286.0,Senior Software Engineer Master's Degree 16.0 years experience Female 42.0 years old
49.0,Male,Bachelor's Degree,Full Stack Engineer,22.0,181132.0,Full Stack Engineer Bachelor's Degree 22.0 years experience Male 49.0 years old
27.0,Female,Master's Degree,Back end Developer,4.0,73938.0,Back end Developer Master's Degree 4.0 years experience Female 27.0 years old
36.0,Male,Bachelor's Degree,Senior Project Engineer,14.0,119224.0,Senior Project Engineer Bachelor's Degree 14.0 years experience Male 36.0 years old
31.0,Female,Master's Degree,Full Stack Engineer,6.0,101186.0,Full Stack Engineer Master's Degree 6.0 years experience Female 31.0 years old
39.0,Male,Master's Degree,Software Engineer Manager,14.0,142360.0,Software Engineer Manager Master's Degree 14.0 years experience Male 39.0 years old
41.0,Female,Bachelor's Degree,Senior Project Engineer,20.0,151315.0,Senior Project Engineer Bachelor's Degree 20.0 years experience Female 41.0 years old
48.0,Male,PhD,Full Stack Engineer,23.0,181021.0,Full Stack Engineer PhD 23.0 years experience Male 48.0 years old
39.0,Female,Master's Degree,Senior Software Engineer,15.0,134641.0,Senior Software Engineer Master's Degree 15.0 years experience Female 39.0 years old
48.0,Male,Bachelor's Degree,Front end Developer,23.0,173851.0,Front end Developer Bachelor's Degree 23.0 years experience Male 48.0 years old
31.0,Other,High School,Back end Developer,8.0,104127.0,Back end Developer High School 8.0 years experience Other 31.0 years old
47.0,Male,Master's Degree,Senior Project Engineer,25.0,178859.0,Senior Project Engineer Master's Degree 25.0 years experience Male 47.0 years old
29.0,Female,PhD,Full Stack Engineer,5.0,98568.0,Full Stack Engineer PhD 5.0 years experience Female 29.0 years old
32.0,Male,Bachelor's Degree,Software Engineer Manager,9.0,104661.0,Software Engineer Manager Bachelor's Degree 9.0 years experience Male 32.0 years old
38.0,Female,Master's Degree,Senior Software Engineer,13.0,134858.0,Senior Software Engineer Master's Degree 13.0 years experience Female 38.0 years old
34.0,Male,Bachelor's Degree,Back end Developer,10.0,94502.0,Back end Developer Bachelor's Degree 10.0 years experience Male 34.0 years old
23.0,Other,High School,Front end Developer,2.0,62852.0,Front end Developer High School 2.0 years experience Other 23.0 years old
36.0,Male,Bachelor's Degree,Front end Developer,14.0,139095.0,Front end Developer Bachelor's Degree 14.0 years experience Male 36.0 years old
30.0,Female,Master's Degree,Senior Project Engineer,5.0,106278.0,Senior Project Engineer Master's Degree 5.0 years experience Female 30.0 years old
28.0,Male,Master's Degree,Full Stack Engineer,4.0,90452.0,Full Stack Engineer Master's Degree 4.0 years experience Male 28.0 years old
46.0,Female,PhD,Software Engineer Manager,23.0,168304.0,Software Engineer Manager PhD 23.0 years experience Female 46.0 years old
34.0,Male,Bachelor's Degree,Back end Developer,10.0,126593.0,Back end Developer Bachelor's Degree 10.0 years experience Male 34.0 years old
44.0,Male,Master's Degree,Senior Software Engineer,19.0,152203.0,Senior Software Engineer Master's Degree 19.0 years experience Male 44.0 years old
55.0,Female,PhD,Software Engineer Manager,30.0,183138.0,Software Engineer Manager PhD 30.0 years experience Female 55.0 years old
35.0,Male,Master's Degree,Full Stack Engineer,9.0,130275.0,Full Stack Engineer Master's Degree 9.0 years experience Male 35.0 years old
54.0,Male,Bachelor's Degree,Senior Project Engineer,29.0,191915.0,Senior Project Engineer Bachelor's Degree 29.0 years experience Male 54.0 years old
23.0,Female,High School,Back end Developer,2.0,62807.0,Back end Developer High School 2.0 years experience Female 23.0 years old
46.0,Male,Master's Degree,Senior Software Engineer,21.0,174305.0,Senior Software Engineer Master's Degree 21.0 years experience Male 46.0 years old
33.0,Female,Bachelor's Degree,Full Stack Engineer,9.0,133326.0,Full Stack Engineer Bachelor's Degree 9.0 years experience Female 33.0 years old
26.0,Male,Master's Degree,Front end Developer,4.0,75656.0,Front end Developer Master's Degree 4.0 years experience Male 26.0 years old
43.0,Female,PhD,Software Engineer Manager,19.0,155944.0,Software Engineer Manager PhD 19.0 years experience Female 43.0 years old
36.0,Male,Master's Degree,Full Stack Engineer,11.0,137775.0,Full Stack Engineer Master's Degree 11.0 years experience Male 36.0 years old
23.0,Female,Bachelor's Degree,Senior Project Engineer,0.0,51831.0,Senior Project Engineer Bachelor's Degree 0.0 years experience Female 23.0 years old
49.0,Male,Master's Degree,Software Engineer Manager,22.0,182237.0,Software Engineer Manager Master's Degree 22.0 years experience Male 49.0 years old
35.0,Female,Master's Degree,Full Stack Engineer,10.0,151901.0,Full Stack Engineer Master's Degree 10.0 years experience Female 35.0 years old
31.0,Male,Bachelor's Degree,Back end Developer,8.0,100052.0,Back end Developer Bachelor's Degree 8.0 years experience Male 31.0 years old
54.0,Other,High School,Senior Software Engineer,29.0,158254.0,Senior Software Engineer High School 29.0 years experience Other 54.0 years old
43.0,Male,Master's Degree,Full Stack Engineer,20.0,167207.0,Full Stack Engineer Master's Degree 20.0 years experience Male 43.0 years old
33.0,Female,Master's Degree,Senior Project Engineer,10.0,112439.0,Senior Project Engineer Master's Degree 10.0 years experience Female 33.0 years old
52.0,Female,PhD,Software Engineer Manager,29.0,194214.0,Software Engineer Manager PhD 29.0 years experience Female 52.0 years old
28.0,Male,Bachelor's Degree,Full Stack Engineer,5.0,84407.0,Full Stack Engineer Bachelor's Degree 5.0 years experience Male 28.0 years old
36.0,Female,Master's Degree,Senior Software Engineer,13.0,139413.0,Senior Software Engineer Master's Degree 13.0 years experience Female 36.0 years old
43.0,Male,Bachelor's Degree,Senior Project Engineer,20.0,143084.0,Senior Project Engineer Bachelor's Degree 20.0 years experience Male 43.0 years old
50.0,Female,Master's Degree,Full Stack Engineer,25.0,192344.0,Full Stack Engineer Master's Degree 25.0 years experience Female 50.0 years old
24.0,Male,PhD,Software Engineer Manager,1.0,106132.0,Software Engineer Manager PhD 1.0 years experience Male 24.0 years old
52.0,Male,Master's Degree,Senior Software Engineer,26.0,184816.0,Senior Software Engineer Master's Degree 26.0 years experience Male 52.0 years old
46.0,Female,Bachelor's Degree,Back end Developer,19.0,150248.0,Back end Developer Bachelor's Degree 19.0 years experience Female 46.0 years old
38.0,Male,Master's Degree,Full Stack Engineer,15.0,170995.0,Full Stack Engineer Master's Degree 15.0 years experience Male 38.0 years old
29.0,Male,Bachelor's Degree,Senior Project Engineer,6.0,88035.0,Senior Project Engineer Bachelor's Degree 6.0 years experience Male 29.0 years old
33.0,Female,Master's Degree,Front end Developer,10.0,119419.0,Front end Developer Master's Degree 10.0 years experience Female 33.0 years old
47.0,Male,PhD,Software Engineer Manager,21.0,173582.0,Software Engineer Manager PhD 21.0 years experience Male 47.0 years old
45.0,Female,Master's Degree,Senior Software Engineer,23.0,174436.0,Senior Software Engineer Master's Degree 23.0 years experience Female 45.0 years old
28.0,Male,Bachelor's Degree,Back end Developer,4.0,71699.0,Back end Developer Bachelor's Degree 4.0 years experience Male 28.0 years old
42.0,Female,Master's Degree,Full Stack Engineer,14.0,163558.0,Full Stack Engineer Master's Degree 14.0 years experience Female 42.0 years old
46.0,Male,Bachelor's Degree,Senior Project Engineer,24.0,166828.0,Senior Project Engineer Bachelor's Degree 24.0 years experience Male 46.0 years old
38.0,Female,PhD,Software Engineer Manager,15.0,144496.0,Software Engineer Manager PhD 15.0 years experience Female 38.0 years old
54.0,Male,Master's Degree,Senior Software Engineer,31.0,193746.0,Senior Software Engineer Master's Degree 31.0 years experience Male 54.0 years old
33.0,Female,Master's Degree,Full Stack Engineer,8.0,122581.0,Full Stack Engineer Master's Degree 8.0 years experience Female 33.0 years old
27.0,Male,High School,Back end Developer,4.0,79767.0,Back end Developer High School 4.0 years experience Male 27.0 years old
50.0,Female,Bachelor's Degree,Senior Project Engineer,25.0,177177.0,Senior Project Engineer Bachelor's Degree 25.0 years experience Female 50.0 years old
26.0,Male,Master's Degree,Full Stack Engineer,4.0,89843.0,Full Stack Engineer Master's Degree 4.0 years experience Male 26.0 years old
31.0,Female,Master's Degree,Senior Software Engineer,6.0,113563.0,Senior Software Engineer Master's Degree 6.0 years experience Female 31.0 years old
35.0,Male,Bachelor's Degree,Front end Developer,10.0,128712.0,Front end Developer Bachelor's Degree 10.0 years experience Male 35.0 years old
44.0,Female,PhD,Software Engineer Manager,18.0,161621.0,Software Engineer Manager PhD 18.0 years experience Female 44.0 years old
32.0,Male,Master's Degree,Senior Project Engineer,8.0,121454.0,Senior Project Engineer Master's Degree 8.0 years experience Male 32.0 years old
54.0,Male,Bachelor's Degree,Full Stack Engineer,25.0,179987.0,Full Stack Engineer Bachelor's Degree 25.0 years experience Male 54.0 years old
26.0,Female,Master's Degree,Front end Developer,3.0,72649.0,Front end Developer Master's Degree 3.0 years experience Female 26.0 years old
23.0,Male,PhD,Software Engineer Manager,0.0,52612.0,Software Engineer Manager PhD 0.0 years experience Male 23.0 years old
48.0,Female,Master's Degree,Senior Software Engineer,24.0,184006.0,Senior Software Engineer Master's Degree 24.0 years experience Female 48.0 years old
38.0,Male,Bachelor's Degree,Back end Developer,12.0,131960.0,Back end Developer Bachelor's Degree 12.0 years experience Male 38.0 years old
30.0,Female,Master's Degree,Full Stack Engineer,5.0,102465.0,Full Stack Engineer Master's Degree 5.0 years experience Female 30.0 years old
40.0,Male,Master's Degree,Software Engineer Manager,16.0,149748.0,Software Engineer Manager Master's Degree 16.0 years experience Male 40.0 years old
45.0,Female,Bachelor's Degree,Senior Project Engineer,22.0,171036.0,Senior Project Engineer Bachelor's Degree 22.0 years experience Female 45.0 years old
36.0,Male,Master's Degree,Full Stack Engineer,13.0,146351.0,Full Stack Engineer Master's Degree 13.0 years experience Male 36.0 years old
52.0,Male,PhD,Software Engineer Manager,26.0,185462.0,Software Engineer Manager PhD 26.0 years experience Male 52.0 years old
31.0,Female,Bachelor's Degree,Senior Software Engineer,7.0,107718.0,Senior Software Engineer Bachelor's Degree 7.0 years experience Female 31.0 years old
26.0,Male,Master's Degree,Full Stack Engineer,4.0,90944.0,Full Stack Engineer Master's Degree 4.0 years experience Male 26.0 years old
30.0,Female,Master's Degree,Senior Project Engineer,5.0,100425.0,Senior Project Engineer Master's Degree 5.0 years experience Female 30.0 years old
24.0,Male,Bachelor's Degree,Back end Developer,2.0,63901.0,Back end Developer Bachelor's Degree 2.0 years experience Male 24.0 years old
45.0,Male,Master's Degree,Senior Software Engineer,22.0,181902.0,Senior Software Engineer Master's Degree 22.0 years experience Male 45.0 years old
33.0,Female,Master's Degree,Full Stack Engineer,9.0,136533.0,Full Stack Engineer Master's Degree 9.0 years experience Female 33.0 years old
38.0,Male,Bachelor's Degree,Front end Developer,11.0,136285.0,Front end Developer Bachelor's Degree 11.0 years experience Male 38.0 years old
54.0,Female,PhD,Software Engineer Manager,31.0,191818.0,Software Engineer Manager PhD 31.0 years experience Female 54.0 years old
42.0,Male,Master's Degree,Full Stack Engineer,19.0,176643.0,Full Stack Engineer Master's Degree 19.0 years experience Male 42.0 years old
28.0,Female,Bachelor's Degree,Senior Project Engineer,4.0,70022.0,Senior Project Engineer Bachelor's Degree 4.0 years experience Female 28.0 years old
30.0,Male,Master's Degree,Front end Developer,6.0,99363.0,Front end Developer Master's Degree 6.0 years experience Male 30.0 years old
43.0,Female,Master's Degree,Senior Software Engineer,19.0,152944.0,Senior Software Engineer Master's Degree 19.0 years experience Female 43.0 years old
35.0,Male,Bachelor's Degree,Back end Developer,10.0,123386.0,Back end Developer Bachelor's Degree 10.0 years experience Male 35.0 years old
44.0,Male,Master's Degree,Full Stack Engineer,21.0,168906.0,Full Stack Engineer Master's Degree 21.0 years experience Male 44.0 years old
55.0,Female,Bachelor's Degree,Senior Project Engineer,30.0,183020.0,Senior Project Engineer Bachelor's Degree 30.0 years experience Female 55.0 years old
23.0,Male,High School,Front end Developer,1.0,47898.0,Front end Developer High School 1.0 years experience Male 23.0 years old
39.0,Female,Master's Degree,Senior Software Engineer,14.0,135853.0,Senior Software Engineer Master's Degree 14.0 years experience Female 39.0 years old
43.0,Male,Bachelor's Degree,Full Stack Engineer,17.0,149198.0,Full Stack Engineer Bachelor's Degree 17.0 years experience Male 43.0 years old
29.0,Male,PhD,Software Engineer Manager,6.0,106662.0,Software Engineer Manager PhD 6.0 years experience Male 29.0 years old
51.0,Male,Master's Degree,Senior Software Engineer,28.0,186610.0,Senior Software Engineer Master's Degree 28.0 years experience Male 51.0 years old
30.0,Female,Bachelor's Degree,Senior Project Engineer,6.0,89995.0,Senior Project Engineer Bachelor's Degree 6.0 years experience Female 30.0 years old
26.0,Male,Master's Degree,Full Stack Engineer,4.0,85825.0,Full Stack Engineer Master's Degree 4.0 years experience Male 26.0 years old
39.0,Female,PhD,Software Engineer Manager,13.0,143814.0,Software Engineer Manager PhD 13.0 years experience Female 39.0 years old
49.0,Male,Master's Degree,Front end Developer,24.0,174726.0,Front end Developer Master's Degree 24.0 years experience Male 49.0 years old
42.0,Female,Bachelor's Degree,Senior Software Engineer,20.0,150534.0,Senior Software Engineer Bachelor's Degree 20.0 years experience Female 42.0 years old
27.0,Male,Bachelor's Degree,Back end Developer,4.0,68732.0,Back end Developer Bachelor's Degree 4.0 years experience Male 27.0 years old
43.0,Male,Master's Degree,Full Stack Engineer,21.0,187951.0,Full Stack Engineer Master's Degree 21.0 years experience Male 43.0 years old
37.0,Female,Bachelor's Degree,Senior Project Engineer,13.0,137336.0,Senior Project Engineer Bachelor's Degree 13.0 years experience Female 37.0 years old
51.0,Male,PhD,Software Engineer Manager,26.0,191159.0,Software Engineer Manager PhD 26.0 years experience Male 51.0 years old
29.0,Female,Master's Degree,Full Stack Engineer,5.0,102868.0,Full Stack Engineer Master's Degree 5.0 years experience Female 29.0 years old
43.0,Male,Bachelor's Degree,Senior Software Engineer,20.0,154281.0,Senior Software Engineer Bachelor's Degree 20.0 years experience Male 43.0 years old
31.0,Male,Master's Degree,Back end Developer,8.0,111535.0,Back end Developer Master's Degree 8.0 years experience Male 31.0 years old
30.0,Female,Master's Degree,Senior Project Engineer,6.0,107906.0,Senior Project Engineer Master's Degree 6.0 years experience Female 30.0 years old
36.0,Male,Bachelor's Degree,Full Stack Engineer,13.0,143885.0,Full Stack Engineer Bachelor's Degree 13.0 years experience Male 36.0 years old
52.0,Female,PhD,Software Engineer Manager,27.0,180958.0,Software Engineer Manager PhD 27.0 years experience Female 52.0 years old
28.0,Male,Master's Degree,Senior Software Engineer,6.0,108607.0,Senior Software Engineer Master's Degree 6.0 years experience Male 28.0 years old
49.0,Male,Bachelor's Degree,Back end Developer,24.0,178284.0,Back end Developer Bachelor's Degree 24.0 years experience Male 49.0 years old
27.0,Female,Master's Degree,Front end Developer,4.0,75969.0,Front end Developer Master's Degree 4.0 years experience Female 27.0 years old
41.0,Male,Master's Degree,Senior Project Engineer,15.0,143705.0,Senior Project Engineer Master's Degree 15.0 years experience Male 41.0 years old
56.0,Female,PhD,Software Engineer Manager,31.0,197354.0,Software Engineer Manager PhD 31.0 years experience Female 56.0 years old
46.0,Male,Bachelor's Degree,Senior Software Engineer,22.0,174324.0,Senior Software Engineer Bachelor's Degree 22.0 years experience Male 46.0 years old
32.0,Female,Master's Degree,Full Stack Engineer,8.0,123781.0,Full Stack Engineer Master's Degree 8.0 years experience Female 32.0 years old
38.0,Male,PhD,Software Engineer Manager,12.0,141735.0,Software Engineer Manager PhD 12.0 years experience Male 38.0 years old
52.0,Male,Master's Degree,Senior Project Engineer,28.0,187120.0,Senior Project Engineer Master's Degree 28.0 years experience Male 52.0 years old
24.0,Female,Bachelor's Degree,Back end Developer,1.0,61095.0,Back end Developer Bachelor's Degree 1.0 years experience Female 24.0 years old
49.0,Male,Master's Degree,Full Stack Engineer,22.0,179045.0,Full Stack Engineer Master's Degree 22.0 years experience Male 49.0 years old
35.0,Female,Master's Degree,Senior Software Engineer,10.0,130355.0,Senior Software Engineer Master's Degree 10.0 years experience Female 35.0 years old
31.0,Male,Bachelor's Degree,Front end Developer,7.0,103282.0,Front end Developer Bachelor's Degree 7.0 years experience Male 31.0 years old
44.0,Female,PhD,Software Engineer Manager,18.0,157872.0,Software Engineer Manager PhD 18.0 years experience Female 44.0 years old
33.0,Male,Master's Degree,Senior Project Engineer,10.0,117314.0,Senior Project Engineer Master's Degree 10.0 years experience Male 33.0 years old
54.0,Male,Bachelor's Degree,Senior Software Engineer,30.0,186321.0,Senior Software Engineer Bachelor's Degree 30.0 years experience Male 54.0 years old
33.0,Female,Master's Degree,Full Stack Engineer,11.0,129686.0,Full Stack Engineer Master's Degree 11.0 years experience Female 33.0 years old
27.0,Male,High School,Back end Developer,3.0,68611.0,Back end Developer High School 3.0 years experience Male 27.0 years old
51.0,Female,Master's Degree,Senior Project Engineer,25.0,177913.0,Senior Project Engineer Master's Degree 25.0 years experience Female 51.0 years old
26.0,Male,Master's Degree,Full Stack Engineer,3.0,68472.0,Full Stack Engineer Master's Degree 3.0 years experience Male 26.0 years old
31.0,Female,Master's Degree,Senior Software Engineer,6.0,113065.0,Senior Software Engineer Master's Degree 6.0 years experience Female 31.0 years old
35.0,Male,Bachelor's Degree,Front end Developer,9.0,125091.0,Front end Developer Bachelor's Degree 9.0 years experience Male 35.0 years old
45.0,Female,PhD,Software Engineer Manager,23.0,172925.0,Software Engineer Manager PhD 23.0 years experience Female 45.0 years old
32.0,Male,Master's Degree,Senior Project Engineer,9.0,126916.0,Senior Project Engineer Master's Degree 9.0 years experience Male 32.0 years old
54.0,Male,Bachelor's Degree,Full Stack Engineer,27.0,183417.0,Full Stack Engineer Bachelor's Degree 27.0 years experience Male 54.0 years old
26.0,Female,Master's Degree,Front end Developer,4.0,76898.0,Front end Developer Master's Degree 4.0 years experience Female 26.0 years old
23.0,Male,PhD,Software Engineer Manager,1.0,579.0,Software Engineer Manager PhD 1.0 years experience Male 23.0 years old
26.0,Female,Bachelor's Degree,Software Engineer,2.0,65000.0,Software Engineer Bachelor's Degree 2.0 years experience Female 26.0 years old
33.0,Male,Master's Degree,Data Analyst,8.0,120000.0,Data Analyst Master's Degree 8.0 years experience Male 33.0 years old
29.0,Female,Bachelor's Degree,Product Manager,4.0,90000.0,Product Manager Bachelor's Degree 4.0 years experience Female 29.0 years old
41.0,Male,PhD,Data Scientist,15.0,190000.0,Data Scientist PhD 15.0 years experience Male 41.0 years old
35.0,Female,Master's Degree,Software Engineer,9.0,140000.0,Software Engineer Master's Degree 9.0 years experience Female 35.0 years old
28.0,Male,Bachelor's Degree,Software Developer,3.0,75000.0,Software Developer Bachelor's Degree 3.0 years experience Male 28.0 years old
37.0,Female,Master's Degree,Data Scientist,11.0,160000.0,Data Scientist Master's Degree 11.0 years experience Female 37.0 years old
33.0,Male,Bachelor's Degree,Product Manager,8.0,130000.0,Product Manager Bachelor's Degree 8.0 years experience Male 33.0 years old
24.0,Female,Master's Degree,Software Engineer,2.0,60000.0,Software Engineer Master's Degree 2.0 years experience Female 24.0 years old
46.0,Male,PhD,Director of Data Science,20.0,220000.0,Director of Data Science PhD 20.0 years experience Male 46.0 years old
29.0,Female,Bachelor's Degree,Software Developer,5.0,80000.0,Software Developer Bachelor's Degree 5.0 years experience Female 29.0 years old
31.0,Male,Master's Degree,Data Scientist,7.0,130000.0,Data Scientist Master's Degree 7.0 years experience Male 31.0 years old
27.0,Female,Bachelor's Degree,Software Engineer,3.0,65000.0,Software Engineer Bachelor's Degree 3.0 years experience Female 27.0 years old
38.0,Male,PhD,Senior Data Scientist,13.0,170000.0,Senior Data Scientist PhD 13.0 years experience Male 38.0 years old
30.0,Female,Master's Degree,Product Manager,6.0,110000.0,Product Manager Master's Degree 6.0 years experience Female 30.0 years old
25.0,Male,Bachelor's Degree,Front End Developer,2.0,50000.0,Front End Developer Bachelor's Degree 2.0 years experience Male 25.0 years old
44.0,Male,PhD,Director of Data Science,18.0,210000.0,Director of Data Science PhD 18.0 years experience Male 44.0 years old
33.0,Female,Master's Degree,Data Analyst,8.0,100000.0,Data Analyst Master's Degree 8.0 years experience Female 33.0 years old
22.0,Male,Bachelor's Degree,Software Engineer,1.0,50000.0,Software Engineer Bachelor's Degree 1.0 years experience Male 22.0 years old
36.0,Male,Master's Degree,Product Manager,10.0,160000.0,Product Manager Master's Degree 10.0 years experience Male 36.0 years old
28.0,Female,Bachelor's Degree,Software Engineer,4.0,70000.0,Software Engineer Bachelor's Degree 4.0 years experience Female 28.0 years old
41.0,Male,PhD,Senior Data Scientist,16.0,190000.0,Senior Data Scientist PhD 16.0 years experience Male 41.0 years old
34.0,Female,Master's Degree,Data Scientist,9.0,140000.0,Data Scientist Master's Degree 9.0 years experience Female 34.0 years old
23.0,Male,Bachelor's Degree,Software Developer,1.0,45000.0,Software Developer Bachelor's Degree 1.0 years experience Male 23.0 years old
32.0,Female,Master's Degree,Product Manager,7.0,120000.0,Product Manager Master's Degree 7.0 years experience Female 32.0 years old
25.0,Male,Master's Degree,Software Engineer,2.0,60000.0,Software Engineer Master's Degree 2.0 years experience Male 25.0 years old
37.0,Female,Bachelor's Degree,Data Analyst,11.0,150000.0,Data Analyst Bachelor's Degree 11.0 years experience Female 37.0 years old
28.0,Male,Bachelor's Degree,Software Engineer,4.0,70000.0,Software Engineer Bachelor's Degree 4.0 years experience Male 28.0 years old
41.0,Female,PhD,Director of Data Science,16.0,200000.0,Director of Data Science PhD 16.0 years experience Female 41.0 years old
34.0,Male,Master's Degree,Data Analyst,8.0,100000.0,Data Analyst Master's Degree 8.0 years experience Male 34.0 years old
24.0,Female,Bachelor's Degree,Software Developer,2.0,55000.0,Software Developer Bachelor's Degree 2.0 years experience Female 24.0 years old
36.0,Male,PhD,Senior Data Scientist,12.0,170000.0,Senior Data Scientist PhD 12.0 years experience Male 36.0 years old
30.0,Female,Bachelor's Degree,Software Engineer,5.0,90000.0,Software Engineer Bachelor's Degree 5.0 years experience Female 30.0 years old
29.0,Male,Bachelor's Degree,Front End Developer,4.0,80000.0,Front End Developer Bachelor's Degree 4.0 years experience Male 29.0 years old
42.0,Male,Master's Degree,Product Manager,14.0,180000.0,Product Manager Master's Degree 14.0 years experience Male 42.0 years old
26.0,Male,Bachelor's Degree,Software Developer,2.0,60000.0,Software Developer Bachelor's Degree 2.0 years experience Male 26.0 years old
35.0,Female,Master's Degree,Data Analyst,9.0,120000.0,Data Analyst Master's Degree 9.0 years experience Female 35.0 years old
27.0,Female,Bachelor's Degree,Software Engineer,3.0,70000.0,Software Engineer Bachelor's Degree 3.0 years experience Female 27.0 years old
48.0,Male,PhD,Director of Data Science,18.0,210000.0,Director of Data Science PhD 18.0 years experience Male 48.0 years old
34.0,Male,Master's Degree,Data Scientist,9.0,140000.0,Data Scientist Master's Degree 9.0 years experience Male 34.0 years old
23.0,Female,Bachelor's Degree,Software Engineer,1.0,50000.0,Software Engineer Bachelor's Degree 1.0 years experience Female 23.0 years old
32.0,Male,Master's Degree,Product Manager,7.0,110000.0,Product Manager Master's Degree 7.0 years experience Male 32.0 years old
25.0,Female,Master's Degree,Software Engineer,2.0,60000.0,Software Engineer Master's Degree 2.0 years experience Female 25.0 years old
37.0,Male,Bachelor's Degree,Data Analyst,11.0,160000.0,Data Analyst Bachelor's Degree 11.0 years experience Male 37.0 years old
28.0,Male,Bachelor's Degree,Software Engineer,4.0,75000.0,Software Engineer Bachelor's Degree 4.0 years experience Male 28.0 years old
41.0,Female,PhD,Director of Data Science,16.0,200000.0,Director of Data Science PhD 16.0 years experience Female 41.0 years old
34.0,Male,Master's Degree,Data Analyst,8.0,100000.0,Data Analyst Master's Degree 8.0 years experience Male 34.0 years old
24.0,Female,Bachelor's Degree,Software Developer,2.0,55000.0,Software Developer Bachelor's Degree 2.0 years experience Female 24.0 years old
36.0,Male,PhD,Senior Data Scientist,12.0,170000.0,Senior Data Scientist PhD 12.0 years experience Male 36.0 years old
30.0,Female,Bachelor's Degree,Software Engineer,5.0,90000.0,Software Engineer Bachelor's Degree 5.0 years experience Female 30.0 years old
29.0,Male,Bachelor's Degree,Front End Developer,4.0,80000.0,Front End Developer Bachelor's Degree 4.0 years experience Male 29.0 years old
42.0,Male,Master's Degree,Product Manager,14.0,180000.0,Product Manager Master's Degree 14.0 years experience Male 42.0 years old
26.0,Male,Bachelor's Degree,Software Developer,2.0,60000.0,Software Developer Bachelor's Degree 2.0 years experience Male 26.0 years old
35.0,Female,Master's Degree,Data Analyst,9.0,120000.0,Data Analyst Master's Degree 9.0 years experience Female 35.0 years old
27.0,Female,Bachelor's Degree,Software Engineer,3.0,70000.0,Software Engineer Bachelor's Degree 3.0 years experience Female 27.0 years old
48.0,Male,PhD,Director of Data Science,18.0,210000.0,Director of Data Science PhD 18.0 years experience Male 48.0 years old
34.0,Male,Master's Degree,Data Scientist,9.0,140000.0,Data Scientist Master's Degree 9.0 years experience Male 34.0 years old
23.0,Female,Bachelor's Degree,Software Engineer,1.0,50000.0,Software Engineer Bachelor's Degree 1.0 years experience Female 23.0 years old
32.0,Male,Master's Degree,Product Manager,7.0,110000.0,Product Manager Master's Degree 7.0 years experience Male 32.0 years old
25.0,Female,Master's Degree,Software Engineer,2.0,60000.0,Software Engineer Master's Degree 2.0 years experience Female 25.0 years old
37.0,Male,Bachelor's Degree,Data Analyst,11.0,160000.0,Data Analyst Bachelor's Degree 11.0 years experience Male 37.0 years old
28.0,Male,Bachelor's Degree,Software Engineer,4.0,75000.0,Software Engineer Bachelor's Degree 4.0 years experience Male 28.0 years old
41.0,Female,PhD,Director of Data Science,16.0,200000.0,Director of Data Science PhD 16.0 years experience Female 41.0 years old
34.0,Male,Master's Degree,Data Analyst,8.0,100000.0,Data Analyst Master's Degree 8.0 years experience Male 34.0 years old
24.0,Female,Bachelor's Degree,Software Developer,2.0,55000.0,Software Developer Bachelor's Degree 2.0 years experience Female 24.0 years old
36.0,Male,PhD,Senior Data Scientist,12.0,170000.0,Senior Data Scientist PhD 12.0 years experience Male 36.0 years old
30.0,Female,Bachelor's Degree,Software Engineer,5.0,90000.0,Software Engineer Bachelor's Degree 5.0 years experience Female 30.0 years old
29.0,Male,Bachelor's Degree,Front End Developer,4.0,80000.0,Front End Developer Bachelor's Degree 4.0 years experience Male 29.0 years old
42.0,Male,Master's Degree,Product Manager,14.0,180000.0,Product Manager Master's Degree 14.0 years experience Male 42.0 years old
26.0,Male,Bachelor's Degree,Software Developer,2.0,60000.0,Software Developer Bachelor's Degree 2.0 years experience Male 26.0 years old
35.0,Female,Master's Degree,Data Analyst,9.0,120000.0,Data Analyst Master's Degree 9.0 years experience Female 35.0 years old
27.0,Female,Bachelor's Degree,Software Engineer,3.0,70000.0,Software Engineer Bachelor's Degree 3.0 years experience Female 27.0 years old
48.0,Male,PhD,Director of Data Science,18.0,210000.0,Director of Data Science PhD 18.0 years experience Male 48.0 years old
34.0,Male,Master's Degree,Data Scientist,9.0,140000.0,Data Scientist Master's Degree 9.0 years experience Male 34.0 years old
23.0,Female,Bachelor's Degree,Software Engineer,1.0,50000.0,Software Engineer Bachelor's Degree 1.0 years experience Female 23.0 years old
32.0,Male,Master's Degree,Product Manager,7.0,110000.0,Product Manager Master's Degree 7.0 years experience Male 32.0 years old
25.0,Female,Master's Degree,Software Engineer,2.0,60000.0,Software Engineer Master's Degree 2.0 years experience Female 25.0 years old
37.0,Male,Bachelor's Degree,Data Analyst,11.0,160000.0,Data Analyst Bachelor's Degree 11.0 years experience Male 37.0 years old
28.0,Male,Bachelor's Degree,Software Engineer,4.0,75000.0,Software Engineer Bachelor's Degree 4.0 years experience Male 28.0 years old
41.0,Female,PhD,Director of Data Science,16.0,200000.0,Director of Data Science PhD 16.0 years experience Female 41.0 years old
34.0,Male,Master's Degree,Data Analyst,8.0,100000.0,Data Analyst Master's Degree 8.0 years experience Male 34.0 years old
24.0,Female,Bachelor's Degree,Software Developer,2.0,55000.0,Software Developer Bachelor's Degree 2.0 years experience Female 24.0 years old
36.0,Male,PhD,Senior Data Scientist,12.0,170000.0,Senior Data Scientist PhD 12.0 years experience Male 36.0 years old
30.0,Female,Bachelor's Degree,Software Engineer,5.0,90000.0,Software Engineer Bachelor's Degree 5.0 years experience Female 30.0 years old
29.0,Male,Bachelor's Degree,Front End Developer,4.0,80000.0,Front End Developer Bachelor's Degree 4.0 years experience Male 29.0 years old
42.0,Male,Master's Degree,Product Manager,14.0,180000.0,Product Manager Master's Degree 14.0 years experience Male 42.0 years old
26.0,Male,Bachelor's Degree,Software Developer,2.0,60000.0,Software Developer Bachelor's Degree 2.0 years experience Male 26.0 years old
35.0,Female,Master's Degree,Data Analyst,9.0,120000.0,Data Analyst Master's Degree 9.0 years experience Female 35.0 years old
27.0,Female,Bachelor's Degree,Software Engineer,3.0,70000.0,Software Engineer Bachelor's Degree 3.0 years experience Female 27.0 years old
48.0,Male,PhD,Director of Data Science,18.0,210000.0,Director of Data Science PhD 18.0 years experience Male 48.0 years old
34.0,Male,Master's Degree,Data Scientist,9.0,140000.0,Data Scientist Master's Degree 9.0 years experience Male 34.0 years old
23.0,Female,Bachelor's Degree,Software Engineer,1.0,50000.0,Software Engineer Bachelor's Degree 1.0 years experience Female 23.0 years old
32.0,Male,Master's Degree,Product Manager,7.0,110000.0,Product Manager Master's Degree 7.0 years experience Male 32.0 years old
25.0,Female,Master's Degree,Software Engineer,2.0,60000.0,Software Engineer Master's Degree 2.0 years experience Female 25.0 years old
37.0,Male,Bachelor's Degree,Data Analyst,11.0,160000.0,Data Analyst Bachelor's Degree 11.0 years experience Male 37.0 years old
28.0,Male,Bachelor's Degree,Software Engineer,4.0,75000.0,Software Engineer Bachelor's Degree 4.0 years experience Male 28.0 years old
41.0,Female,PhD,Director of Data Science,16.0,200000.0,Director of Data Science PhD 16.0 years experience Female 41.0 years old
34.0,Male,Master's Degree,Data Analyst,8.0,100000.0,Data Analyst Master's Degree 8.0 years experience Male 34.0 years old
24.0,Female,Bachelor's Degree,Software Developer,2.0,55000.0,Software Developer Bachelor's Degree 2.0 years experience Female 24.0 years old
36.0,Male,PhD,Senior Data Scientist,12.0,170000.0,Senior Data Scientist PhD 12.0 years experience Male 36.0 years old
30.0,Female,Bachelor's Degree,Software Engineer,5.0,90000.0,Software Engineer Bachelor's Degree 5.0 years experience Female 30.0 years old
29.0,Male,Bachelor's Degree,Front End Developer,4.0,80000.0,Front End Developer Bachelor's Degree 4.0 years experience Male 29.0 years old
42.0,Male,Master's Degree,Product Manager,14.0,180000.0,Product Manager Master's Degree 14.0 years experience Male 42.0 years old
26.0,Male,Bachelor's Degree,Software Developer,2.0,60000.0,Software Developer Bachelor's Degree 2.0 years experience Male 26.0 years old
35.0,Female,Master's Degree,Data Analyst,9.0,120000.0,Data Analyst Master's Degree 9.0 years experience Female 35.0 years old
27.0,Female,Bachelor's Degree,Software Engineer,3.0,70000.0,Software Engineer Bachelor's Degree 3.0 years experience Female 27.0 years old
48.0,Male,PhD,Director of Data Science,18.0,210000.0,Director of Data Science PhD 18.0 years experience Male 48.0 years old
34.0,Male,Master's Degree,Data Scientist,9.0,140000.0,Data Scientist Master's Degree 9.0 years experience Male 34.0 years old
23.0,Female,Bachelor's Degree,Software Engineer,1.0,50000.0,Software Engineer Bachelor's Degree 1.0 years experience Female 23.0 years old
32.0,Male,Master's Degree,Product Manager,7.0,110000.0,Product Manager Master's Degree 7.0 years experience Male 32.0 years old
25.0,Female,Master's Degree,Software Engineer,2.0,60000.0,Software Engineer Master's Degree 2.0 years experience Female 25.0 years old
37.0,Male,Bachelor's Degree,Data Analyst,11.0,160000.0,Data Analyst Bachelor's Degree 11.0 years experience Male 37.0 years old
28.0,Male,Bachelor's Degree,Software Engineer,4.0,75000.0,Software Engineer Bachelor's Degree 4.0 years experience Male 28.0 years old
41.0,Female,PhD,Director of Data Science,16.0,200000.0,Director of Data Science PhD 16.0 years experience Female 41.0 years old
34.0,Male,Master's Degree,Data Analyst,8.0,100000.0,Data Analyst Master's Degree 8.0 years experience Male 34.0 years old
24.0,Female,Bachelor's Degree,Software Developer,2.0,55000.0,Software Developer Bachelor's Degree 2.0 years experience Female 24.0 years old
36.0,Male,PhD,Senior Data Scientist,12.0,170000.0,Senior Data Scientist PhD 12.0 years experience Male 36.0 years old
30.0,Female,Bachelor's Degree,Software Engineer,5.0,90000.0,Software Engineer Bachelor's Degree 5.0 years experience Female 30.0 years old
29.0,Male,Bachelor's Degree,Front End Developer,4.0,80000.0,Front End Developer Bachelor's Degree 4.0 years experience Male 29.0 years old
42.0,Male,Master's Degree,Product Manager,14.0,180000.0,Product Manager Master's Degree 14.0 years experience Male 42.0 years old
26.0,Male,Bachelor's Degree,Software Developer,2.0,60000.0,Software Developer Bachelor's Degree 2.0 years experience Male 26.0 years old
35.0,Female,Master's Degree,Data Analyst,9.0,120000.0,Data Analyst Master's Degree 9.0 years experience Female 35.0 years old
27.0,Female,Bachelor's Degree,Software Engineer,3.0,70000.0,Software Engineer Bachelor's Degree 3.0 years experience Female 27.0 years old
48.0,Male,PhD,Director of Data Science,18.0,210000.0,Director of Data Science PhD 18.0 years experience Male 48.0 years old
29.0,Female,Bachelor's Degree,Full Stack Engineer,6.0,103579.0,Full Stack Engineer Bachelor's Degree 6.0 years experience Female 29.0 years old
45.0,Male,Master's Degree,Software Engineer Manager,19.0,163780.0,Software Engineer Manager Master's Degree 19.0 years experience Male 45.0 years old
36.0,Male,Bachelor's Degree,Front end Developer,12.0,137878.0,Front end Developer Bachelor's Degree 12.0 years experience Male 36.0 years old
30.0,Female,Master's Degree,Senior Project Engineer,4.0,92438.0,Senior Project Engineer Master's Degree 4.0 years experience Female 30.0 years old
28.0,Male,Master's Degree,Full Stack Engineer,5.0,84181.0,Full Stack Engineer Master's Degree 5.0 years experience Male 28.0 years old
46.0,Female,PhD,Software Engineer Manager,21.0,174821.0,Software Engineer Manager PhD 21.0 years experience Female 46.0 years old
34.0,Male,Bachelor's Degree,Back end Developer,10.0,126520.0,Back end Developer Bachelor's Degree 10.0 years experience Male 34.0 years old
44.0,Male,Master's Degree,Senior Software Engineer,18.0,152168.0,Senior Software Engineer Master's Degree 18.0 years experience Male 44.0 years old
55.0,Female,PhD,Software Engineer Manager,29.0,190543.0,Software Engineer Manager PhD 29.0 years experience Female 55.0 years old
35.0,Male,Master's Degree,Full Stack Engineer,9.0,131547.0,Full Stack Engineer Master's Degree 9.0 years experience Male 35.0 years old
54.0,Male,Bachelor's Degree,Senior Project Engineer,28.0,192292.0,Senior Project Engineer Bachelor's Degree 28.0 years experience Male 54.0 years old
23.0,Female,High School,Back end Developer,1.0,52807.0,Back end Developer High School 1.0 years experience Female 23.0 years old
46.0,Male,Master's Degree,Senior Software Engineer,20.0,174938.0,Senior Software Engineer Master's Degree 20.0 years experience Male 46.0 years old
33.0,Female,Bachelor's Degree,Full Stack Engineer,8.0,124071.0,Full Stack Engineer Bachelor's Degree 8.0 years experience Female 33.0 years old
26.0,Male,Master's Degree,Front end Developer,3.0,73640.0,Front end Developer Master's Degree 3.0 years experience Male 26.0 years old
43.0,Female,PhD,Software Engineer Manager,19.0,156486.0,Software Engineer Manager PhD 19.0 years experience Female 43.0 years old
36.0,Male,Master's Degree,Full Stack Engineer,11.0,138859.0,Full Stack Engineer Master's Degree 11.0 years experience Male 36.0 years old
23.0,Female,Bachelor's Degree,Senior Project Engineer,0.0,52831.0,Senior Project Engineer Bachelor's Degree 0.0 years experience Female 23.0 years old
49.0,Male,Master's Degree,Software Engineer Manager,23.0,182392.0,Software Engineer Manager Master's Degree 23.0 years experience Male 49.0 years old
35.0,Female,Master's Degree,Full Stack Engineer,11.0,151078.0,Full Stack Engineer Master's Degree 11.0 years experience Female 35.0 years old
31.0,Male,Bachelor's Degree,Back end Developer,8.0,100679.0,Back end Developer Bachelor's Degree 8.0 years experience Male 31.0 years old
54.0,Other,High School,Senior Software Engineer,29.0,158966.0,Senior Software Engineer High School 29.0 years experience Other 54.0 years old
43.0,Male,Master's Degree,Full Stack Engineer,20.0,167924.0,Full Stack Engineer Master's Degree 20.0 years experience Male 43.0 years old
33.0,Female,Master's Degree,Senior Project Engineer,10.0,113334.0,Senior Project Engineer Master's Degree 10.0 years experience Female 33.0 years old
52.0,Female,PhD,Software Engineer Manager,29.0,194778.0,Software Engineer Manager PhD 29.0 years experience Female 52.0 years old
28.0,Male,Bachelor's Degree,Full Stack Engineer,4.0,77606.0,Full Stack Engineer Bachelor's Degree 4.0 years experience Male 28.0 years old
36.0,Female,Master's Degree,Senior Software Engineer,13.0,140010.0,Senior Software Engineer Master's Degree 13.0 years experience Female 36.0 years old
43.0,Male,Bachelor's Degree,Senior Project Engineer,20.0,142421.0,Senior Project Engineer Bachelor's Degree 20.0 years experience Male 43.0 years old
50.0,Female,Master's Degree,Full Stack Engineer,24.0,192756.0,Full Stack Engineer Master's Degree 24.0 years experience Female 50.0 years old
24.0,Male,PhD,Software Engineer Manager,1.0,106686.0,Software Engineer Manager PhD 1.0 years experience Male 24.0 years old
52.0,Male,Master's Degree,Senior Software Engineer,27.0,186794.0,Senior Software Engineer Master's Degree 27.0 years experience Male 52.0 years old
46.0,Female,Bachelor's Degree,Back end Developer,19.0,150729.0,Back end Developer Bachelor's Degree 19.0 years experience Female 46.0 years old
38.0,Male,Master's Degree,Full Stack Engineer,15.0,171652.0,Full Stack Engineer Master's Degree 15.0 years experience Male 38.0 years old
29.0,Male,Bachelor's Degree,Senior Project Engineer,6.0,88552.0,Senior Project Engineer Bachelor's Degree 6.0 years experience Male 29.0 years old
33.0,Female,Master's Degree,Front end Developer,9.0,119918.0,Front end Developer Master's Degree 9.0 years experience Female 33.0 years old
47.0,Male,PhD,Software Engineer Manager,21.0,174985.0,Software Engineer Manager PhD 21.0 years experience Male 47.0 years old
45.0,Female,Master's Degree,Senior Software Engineer,23.0,174336.0,Senior Software Engineer Master's Degree 23.0 years experience Female 45.0 years old
28.0,Male,Bachelor's Degree,Back end Developer,4.0,72389.0,Back end Developer Bachelor's Degree 4.0 years experience Male 28.0 years old
42.0,Female,Master's Degree,Full Stack Engineer,14.0,163978.0,Full Stack Engineer Master's Degree 14.0 years experience Female 42.0 years old
46.0,Male,Bachelor's Degree,Senior Project Engineer,25.0,166958.0,Senior Project Engineer Bachelor's Degree 25.0 years experience Male 46.0 years old
38.0,Female,PhD,Software Engineer Manager,15.0,145052.0,Software Engineer Manager PhD 15.0 years experience Female 38.0 years old
54.0,Male,Master's Degree,Senior Software Engineer,32.0,195270.0,Senior Software Engineer Master's Degree 32.0 years experience Male 54.0 years old
33.0,Female,Master's Degree,Full Stack Engineer,8.0,122970.0,Full Stack Engineer Master's Degree 8.0 years experience Female 33.0 years old
27.0,Male,High School,Back end Developer,4.0,80247.0,Back end Developer High School 4.0 years experience Male 27.0 years old
50.0,Female,Bachelor's Degree,Senior Project Engineer,25.0,177862.0,Senior Project Engineer Bachelor's Degree 25.0 years experience Female 50.0 years old
26.0,Male,Master's Degree,Full Stack Engineer,4.0,91062.0,Full Stack Engineer Master's Degree 4.0 years experience Male 26.0 years old
31.0,Female,Master's Degree,Senior Software Engineer,6.0,114290.0,Senior Software Engineer Master's Degree 6.0 years experience Female 31.0 years old
35.0,Male,Bachelor's Degree,Front end Developer,10.0,128999.0,Front end Developer Bachelor's Degree 10.0 years experience Male 35.0 years old
44.0,Female,PhD,Software Engineer Manager,18.0,162454.0,Software Engineer Manager PhD 18.0 years experience Female 44.0 years old
32.0,Male,Master's Degree,Senior Project Engineer,8.0,122354.0,Senior Project Engineer Master's Degree 8.0 years experience Male 32.0 years old
54.0,Male,Bachelor's Degree,Full Stack Engineer,25.0,179756.0,Full Stack Engineer Bachelor's Degree 25.0 years experience Male 54.0 years old
26.0,Female,Master's Degree,Front end Developer,3.0,73218.0,Front end Developer Master's Degree 3.0 years experience Female 26.0 years old
23.0,Male,PhD,Software Engineer Manager,0.0,52612.0,Software Engineer Manager PhD 0.0 years experience Male 23.0 years old
48.0,Female,Master's Degree,Senior Software Engineer,24.0,184480.0,Senior Software Engineer Master's Degree 24.0 years experience Female 48.0 years old
38.0,Male,Bachelor's Degree,Back end Developer,12.0,132442.0,Back end Developer Bachelor's Degree 12.0 years experience Male 38.0 years old
30.0,Female,Master's Degree,Full Stack Engineer,5.0,102828.0,Full Stack Engineer Master's Degree 5.0 years experience Female 30.0 years old
40.0,Male,Master's Degree,Software Engineer Manager,16.0,150301.0,Software Engineer Manager Master's Degree 16.0 years experience Male 40.0 years old
45.0,Female,Bachelor's Degree,Senior Project Engineer,22.0,171468.0,Senior Project Engineer Bachelor's Degree 22.0 years experience Female 45.0 years old
36.0,Male,Master's Degree,Full Stack Engineer,13.0,147326.0,Full Stack Engineer Master's Degree 13.0 years experience Male 36.0 years old
52.0,Male,PhD,Software Engineer Manager,26.0,185982.0,Software Engineer Manager PhD 26.0 years experience Male 52.0 years old
31.0,Female,Bachelor's Degree,Senior Software Engineer,7.0,108267.0,Senior Software Engineer Bachelor's Degree 7.0 years experience Female 31.0 years old
26.0,Male,Master's Degree,Full Stack Engineer,4.0,91397.0,Full Stack Engineer Master's Degree 4.0 years experience Male 26.0 years old
30.0,Female,Master's Degree,Senior Project Engineer,5.0,100867.0,Senior Project Engineer Master's Degree 5.0 years experience Female 30.0 years old
24.0,Male,Bachelor's Degree,Back end Developer,2.0,64182.0,Back end Developer Bachelor's Degree 2.0 years experience Male 24.0 years old
45.0,Male,Master's Degree,Senior Software Engineer,22.0,182506.0,Senior Software Engineer Master's Degree 22.0 years experience Male 45.0 years old
33.0,Female,Master's Degree,Full Stack Engineer,9.0,136986.0,Full Stack Engineer Master's Degree 9.0 years experience Female 33.0 years old
38.0,Male,Bachelor's Degree,Front end Developer,11.0,136662.0,Front end Developer Bachelor's Degree 11.0 years experience Male 38.0 years old
54.0,Female,PhD,Software Engineer Manager,32.0,191510.0,Software Engineer Manager PhD 32.0 years experience Female 54.0 years old
42.0,Male,Master's Degree,Full Stack Engineer,19.0,177347.0,Full Stack Engineer Master's Degree 19.0 years experience Male 42.0 years old
28.0,Female,Bachelor's Degree,Senior Project Engineer,3.0,70397.0,Senior Project Engineer Bachelor's Degree 3.0 years experience Female 28.0 years old
34.0,Male,Master's Degree,Software Engineer Manager,9.0,146075.0,Software Engineer Manager Master's Degree 9.0 years experience Male 34.0 years old
46.0,Female,Bachelor's Degree,Back end Developer,18.0,155795.0,Back end Developer Bachelor's Degree 18.0 years experience Female 46.0 years old
35.0,Male,Master's Degree,Full Stack Engineer,9.0,132638.0,Full Stack Engineer Master's Degree 9.0 years experience Male 35.0 years old
49.0,Female,PhD,Software Engineer Manager,22.0,178684.0,Software Engineer Manager PhD 22.0 years experience Female 49.0 years old
32.0,Male,Bachelor's Degree,Senior Software Engineer,7.0,106218.0,Senior Software Engineer Bachelor's Degree 7.0 years experience Male 32.0 years old
54.0,Male,Master's Degree,Full Stack Engineer,28.0,191239.0,Full Stack Engineer Master's Degree 28.0 years experience Male 54.0 years old
26.0,Female,Master's Degree,Front end Developer,2.0,65840.0,Front end Developer Master's Degree 2.0 years experience Female 26.0 years old
23.0,Male,PhD,Software Engineer Manager,0.0,52779.0,Software Engineer Manager PhD 0.0 years experience Male 23.0 years old
48.0,Female,Master's Degree,Senior Software Engineer,23.0,185038.0,Senior Software Engineer Master's Degree 23.0 years experience Female 48.0 years old
38.0,Male,Bachelor's Degree,Back end Developer,14.0,136449.0,Back end Developer Bachelor's Degree 14.0 years experience Male 38.0 years old
30.0,Female,Master's Degree,Full Stack Engineer,6.0,110707.0,Full Stack Engineer Master's Degree 6.0 years experience Female 30.0 years old
40.0,Male,Master's Degree,Software Engineer Manager,17.0,151670.0,Software Engineer Manager Master's Degree 17.0 years experience Male 40.0 years old
45.0,Female,Bachelor's Degree,Senior Project Engineer,21.0,167015.0,Senior Project Engineer Bachelor's Degree 21.0 years experience Female 45.0 years old
36.0,Male,Master's Degree,Full Stack Engineer,13.0,146508.0,Full Stack Engineer Master's Degree 13.0 years experience Male 36.0 years old
52.0,Male,PhD,Software Engineer Manager,27.0,190596.0,Software Engineer Manager PhD 27.0 years experience Male 52.0 years old
31.0,Female,Bachelor's Degree,Senior Software Engineer,6.0,104378.0,Senior Software Engineer Bachelor's Degree 6.0 years experience Female 31.0 years old
26.0,Male,Master's Degree,Full Stack Engineer,3.0,70216.0,Full Stack Engineer Master's Degree 3.0 years experience Male 26.0 years old
30.0,Female,Master's Degree,Senior Project Engineer,5.0,101733.0,Senior Project Engineer Master's Degree 5.0 years experience Female 30.0 years old
24.0,Male,Bachelor's Degree,Back end Developer,1.0,55935.0,Back end Developer Bachelor's Degree 1.0 years experience Male 24.0 years old
45.0,Male,Master's Degree,Senior Software Engineer,21.0,180367.0,Senior Software Engineer Master's Degree 21.0 years experience Male 45.0 years old
33.0,Female,Master's Degree,Full Stack Engineer,9.0,135596.0,Full Stack Engineer Master's Degree 9.0 years experience Female 33.0 years old
38.0,Male,Bachelor's Degree,Front end Developer,11.0,136062.0,Front end Developer Bachelor's Degree 11.0 years experience Male 38.0 years old
54.0,Female,PhD,Software Engineer Manager,32.0,191267.0,Software Engineer Manager PhD 32.0 years experience Female 54.0 years old
42.0,Male,Master's Degree,Full Stack Engineer,19.0,177347.0,Full Stack Engineer Master's Degree 19.0 years experience Male 42.0 years old
28.0,Female,Bachelor's Degree,Senior Project Engineer,3.0,70397.0,Senior Project Engineer Bachelor's Degree 3.0 years experience Female 28.0 years old
34.0,Male,Master's Degree,Software Engineer Manager,9.0,146075.0,Software Engineer Manager Master's Degree 9.0 years experience Male 34.0 years old
46.0,Female,Bachelor's Degree,Back end Developer,18.0,155795.0,Back end Developer Bachelor's Degree 18.0 years experience Female 46.0 years old
35.0,Male,Master's Degree,Full Stack Engineer,9.0,132638.0,Full Stack Engineer Master's Degree 9.0 years experience Male 35.0 years old
49.0,Female,PhD,Software Engineer Manager,22.0,178684.0,Software Engineer Manager PhD 22.0 years experience Female 49.0 years old
32.0,Male,Bachelor's Degree,Senior Software Engineer,7.0,106218.0,Senior Software Engineer Bachelor's Degree 7.0 years experience Male 32.0 years old
54.0,Male,Master's Degree,Full Stack Engineer,28.0,191239.0,Full Stack Engineer Master's Degree 28.0 years experience Male 54.0 years old
26.0,Female,Master's Degree,Front end Developer,2.0,65840.0,Front end Developer Master's Degree 2.0 years experience Female 26.0 years old
23.0,Male,PhD,Software Engineer Manager,0.0,52779.0,Software Engineer Manager PhD 0.0 years experience Male 23.0 years old
48.0,Female,Master's Degree,Senior Software Engineer,23.0,185038.0,Senior Software Engineer Master's Degree 23.0 years experience Female 48.0 years old
38.0,Male,Bachelor's Degree,Back end Developer,14.0,136449.0,Back end Developer Bachelor's Degree 14.0 years experience Male 38.0 years old
30.0,Female,Master's Degree,Full Stack Engineer,6.0,110707.0,Full Stack Engineer Master's Degree 6.0 years experience Female 30.0 years old
40.0,Male,Master's Degree,Software Engineer Manager,17.0,151670.0,Software Engineer Manager Master's Degree 17.0 years experience Male 40.0 years old
45.0,Female,Bachelor's Degree,Senior Project Engineer,21.0,167015.0,Senior Project Engineer Bachelor's Degree 21.0 years experience Female 45.0 years old
36.0,Male,Master's Degree,Full Stack Engineer,13.0,146508.0,Full Stack Engineer Master's Degree 13.0 years experience Male 36.0 years old
52.0,Male,PhD,Software Engineer Manager,27.0,190596.0,Software Engineer Manager PhD 27.0 years experience Male 52.0 years old
31.0,Female,Bachelor's Degree,Senior Software Engineer,6.0,104378.0,Senior Software Engineer Bachelor's Degree 6.0 years experience Female 31.0 years old
26.0,Male,Master's Degree,Full Stack Engineer,3.0,70216.0,Full Stack Engineer Master's Degree 3.0 years experience Male 26.0 years old
30.0,Female,Master's Degree,Senior Project Engineer,5.0,101733.0,Senior Project Engineer Master's Degree 5.0 years experience Female 30.0 years old
24.0,Male,Bachelor's Degree,Back end Developer,1.0,55935.0,Back end Developer Bachelor's Degree 1.0 years experience Male 24.0 years old
45.0,Male,Master's Degree,Senior Software Engineer,21.0,180367.0,Senior Software Engineer Master's Degree 21.0 years experience Male 45.0 years old
33.0,Female,Master's Degree,Full Stack Engineer,9.0,135596.0,Full Stack Engineer Master's Degree 9.0 years experience Female 33.0 years old
38.0,Male,Bachelor's Degree,Front end Developer,11.0,136062.0,Front end Developer Bachelor's Degree 11.0 years experience Male 38.0 years old
54.0,Female,PhD,Software Engineer Manager,32.0,191267.0,Software Engineer Manager PhD 32.0 years experience Female 54.0 years old
42.0,Male,Master's Degree,Full Stack Engineer,19.0,177347.0,Full Stack Engineer Master's Degree 19.0 years experience Male 42.0 years old
29.0,Female,Bachelor's Degree,Full Stack Engineer,6.0,103579.0,Full Stack Engineer Bachelor's Degree 6.0 years experience Female 29.0 years old
45.0,Male,Master's Degree,Software Engineer Manager,19.0,163780.0,Software Engineer Manager Master's Degree 19.0 years experience Male 45.0 years old
36.0,Male,Bachelor's Degree,Front end Developer,12.0,137878.0,Front end Developer Bachelor's Degree 12.0 years experience Male 36.0 years old
30.0,Female,Master's Degree,Senior Project Engineer,4.0,92438.0,Senior Project Engineer Master's Degree 4.0 years experience Female 30.0 years old
28.0,Male,Master's Degree,Full Stack Engineer,5.0,84181.0,Full Stack Engineer Master's Degree 5.0 years experience Male 28.0 years old
46.0,Female,PhD,Software Engineer Manager,21.0,174821.0,Software Engineer Manager PhD 21.0 years experience Female 46.0 years old
34.0,Male,Bachelor's Degree,Back end Developer,10.0,126520.0,Back end Developer Bachelor's Degree 10.0 years experience Male 34.0 years old
44.0,Male,Master's Degree,Senior Software Engineer,18.0,152168.0,Senior Software Engineer Master's Degree 18.0 years experience Male 44.0 years old
55.0,Female,PhD,Software Engineer Manager,29.0,190543.0,Software Engineer Manager PhD 29.0 years experience Female 55.0 years old
35.0,Male,Master's Degree,Full Stack Engineer,9.0,131547.0,Full Stack Engineer Master's Degree 9.0 years experience Male 35.0 years old
54.0,Male,Bachelor's Degree,Senior Project Engineer,28.0,192292.0,Senior Project Engineer Bachelor's Degree 28.0 years experience Male 54.0 years old
23.0,Female,High School,Back end Developer,1.0,52807.0,Back end Developer High School 1.0 years experience Female 23.0 years old
46.0,Male,Master's Degree,Senior Software Engineer,20.0,174938.0,Senior Software Engineer Master's Degree 20.0 years experience Male 46.0 years old
33.0,Female,Bachelor's Degree,Full Stack Engineer,8.0,124071.0,Full Stack Engineer Bachelor's Degree 8.0 years experience Female 33.0 years old
26.0,Male,Master's Degree,Front end Developer,3.0,73640.0,Front end Developer Master's Degree 3.0 years experience Male 26.0 years old
43.0,Female,PhD,Software Engineer Manager,19.0,156486.0,Software Engineer Manager PhD 19.0 years experience Female 43.0 years old
36.0,Male,Master's Degree,Full Stack Engineer,11.0,138859.0,Full Stack Engineer Master's Degree 11.0 years experience Male 36.0 years old
23.0,Female,Bachelor's Degree,Senior Project Engineer,0.0,52831.0,Senior Project Engineer Bachelor's Degree 0.0 years experience Female 23.0 years old
49.0,Male,Master's Degree,Software Engineer Manager,23.0,182392.0,Software Engineer Manager Master's Degree 23.0 years experience Male 49.0 years old
35.0,Female,Master's Degree,Full Stack Engineer,11.0,151078.0,Full Stack Engineer Master's Degree 11.0 years experience Female 35.0 years old
31.0,Male,Bachelor's Degree,Back end Developer,8.0,100679.0,Back end Developer Bachelor's Degree 8.0 years experience Male 31.0 years old
54.0,Other,High School,Senior Software Engineer,29.0,158966.0,Senior Software Engineer High School 29.0 years experience Other 54.0 years old
43.0,Male,Master's Degree,Full Stack Engineer,20.0,167924.0,Full Stack Engineer Master's Degree 20.0 years experience Male 43.0 years old
33.0,Female,Master's Degree,Senior Project Engineer,10.0,113334.0,Senior Project Engineer Master's Degree 10.0 years experience Female 33.0 years old
52.0,Female,PhD,Software Engineer Manager,29.0,194778.0,Software Engineer Manager PhD 29.0 years experience Female 52.0 years old
28.0,Male,Bachelor's Degree,Full Stack Engineer,4.0,77606.0,Full Stack Engineer Bachelor's Degree 4.0 years experience Male 28.0 years old
36.0,Female,Master's Degree,Senior Software Engineer,13.0,140010.0,Senior Software Engineer Master's Degree 13.0 years experience Female 36.0 years old
43.0,Male,Bachelor's Degree,Senior Project Engineer,20.0,142421.0,Senior Project Engineer Bachelor's Degree 20.0 years experience Male 43.0 years old
50.0,Female,Master's Degree,Full Stack Engineer,24.0,192756.0,Full Stack Engineer Master's Degree 24.0 years experience Female 50.0 years old
24.0,Male,PhD,Software Engineer Manager,1.0,106686.0,Software Engineer Manager PhD 1.0 years experience Male 24.0 years old
52.0,Male,Master's Degree,Senior Software Engineer,27.0,186794.0,Senior Software Engineer Master's Degree 27.0 years experience Male 52.0 years old
46.0,Female,Bachelor's Degree,Back end Developer,19.0,150729.0,Back end Developer Bachelor's Degree 19.0 years experience Female 46.0 years old
38.0,Male,Master's Degree,Full Stack Engineer,15.0,171652.0,Full Stack Engineer Master's Degree 15.0 years experience Male 38.0 years old
29.0,Male,Bachelor's Degree,Senior Project Engineer,6.0,88552.0,Senior Project Engineer Bachelor's Degree 6.0 years experience Male 29.0 years old
33.0,Female,Master's Degree,Front end Developer,9.0,119918.0,Front end Developer Master's Degree 9.0 years experience Female 33.0 years old
47.0,Male,PhD,Software Engineer Manager,21.0,174985.0,Software Engineer Manager PhD 21.0 years experience Male 47.0 years old
45.0,Female,Master's Degree,Senior Software Engineer,23.0,174336.0,Senior Software Engineer Master's Degree 23.0 years experience Female 45.0 years old
28.0,Male,Bachelor's Degree,Back end Developer,4.0,72389.0,Back end Developer Bachelor's Degree 4.0 years experience Male 28.0 years old
42.0,Female,Master's Degree,Full Stack Engineer,14.0,163978.0,Full Stack Engineer Master's Degree 14.0 years experience Female 42.0 years old
46.0,Male,Bachelor's Degree,Senior Project Engineer,25.0,166958.0,Senior Project Engineer Bachelor's Degree 25.0 years experience Male 46.0 years old
38.0,Female,PhD,Software Engineer Manager,15.0,145052.0,Software Engineer Manager PhD 15.0 years experience Female 38.0 years old
54.0,Male,Master's Degree,Senior Software Engineer,32.0,195270.0,Senior Software Engineer Master's Degree 32.0 years experience Male 54.0 years old
33.0,Female,Master's Degree,Full Stack Engineer,8.0,122970.0,Full Stack Engineer Master's Degree 8.0 years experience Female 33.0 years old
27.0,Male,High School,Back end Developer,4.0,80247.0,Back end Developer High School 4.0 years experience Male 27.0 years old
50.0,Female,Bachelor's Degree,Senior Project Engineer,25.0,177862.0,Senior Project Engineer Bachelor's Degree 25.0 years experience Female 50.0 years old
26.0,Male,Master's Degree,Full Stack Engineer,4.0,91062.0,Full Stack Engineer Master's Degree 4.0 years experience Male 26.0 years old
31.0,Female,Master's Degree,Senior Software Engineer,6.0,114290.0,Senior Software Engineer Master's Degree 6.0 years experience Female 31.0 years old
35.0,Male,Bachelor's Degree,Front end Developer,10.0,128999.0,Front end Developer Bachelor's Degree 10.0 years experience Male 35.0 years old
44.0,Female,PhD,Software Engineer Manager,18.0,162454.0,Software Engineer Manager PhD 18.0 years experience Female 44.0 years old
32.0,Male,Master's Degree,Senior Project Engineer,8.0,122354.0,Senior Project Engineer Master's Degree 8.0 years experience Male 32.0 years old
54.0,Male,Bachelor's Degree,Full Stack Engineer,25.0,179756.0,Full Stack Engineer Bachelor's Degree 25.0 years experience Male 54.0 years old
26.0,Female,Master's Degree,Front end Developer,3.0,73218.0,Front end Developer Master's Degree 3.0 years experience Female 26.0 years old
23.0,Male,PhD,Software Engineer Manager,0.0,52612.0,Software Engineer Manager PhD 0.0 years experience Male 23.0 years old
48.0,Female,Master's Degree,Senior Software Engineer,24.0,184480.0,Senior Software Engineer Master's Degree 24.0 years experience Female 48.0 years old
38.0,Male,Bachelor's Degree,Back end Developer,12.0,132442.0,Back end Developer Bachelor's Degree 12.0 years experience Male 38.0 years old
30.0,Female,Master's Degree,Full Stack Engineer,5.0,102828.0,Full Stack Engineer Master's Degree 5.0 years experience Female 30.0 years old
40.0,Male,Master's Degree,Software Engineer Manager,16.0,150301.0,Software Engineer Manager Master's Degree 16.0 years experience Male 40.0 years old
45.0,Female,Bachelor's Degree,Senior Project Engineer,22.0,171468.0,Senior Project Engineer Bachelor's Degree 22.0 years experience Female 45.0 years old
36.0,Male,Master's Degree,Full Stack Engineer,13.0,147326.0,Full Stack Engineer Master's Degree 13.0 years experience Male 36.0 years old
52.0,Male,PhD,Software Engineer Manager,26.0,185982.0,Software Engineer Manager PhD 26.0 years experience Male 52.0 years old
31.0,Female,Bachelor's Degree,Senior Software Engineer,7.0,108267.0,Senior Software Engineer Bachelor's Degree 7.0 years experience Female 31.0 years old
26.0,Male,Master's Degree,Full Stack Engineer,4.0,91397.0,Full Stack Engineer Master's Degree 4.0 years experience Male 26.0 years old
30.0,Female,Master's Degree,Senior Project Engineer,5.0,100867.0,Senior Project Engineer Master's Degree 5.0 years experience Female 30.0 years old
24.0,Male,Bachelor's Degree,Back end Developer,2.0,64182.0,Back end Developer Bachelor's Degree 2.0 years experience Male 24.0 years old
45.0,Male,Master's Degree,Senior Software Engineer,22.0,182506.0,Senior Software Engineer Master's Degree 22.0 years experience Male 45.0 years old
33.0,Female,Master's Degree,Full Stack Engineer,9.0,136986.0,Full Stack Engineer Master's Degree 9.0 years experience Female 33.0 years old
38.0,Male,Bachelor's Degree,Front end Developer,11.0,136662.0,Front end Developer Bachelor's Degree 11.0 years experience Male 38.0 years old
54.0,Female,PhD,Software Engineer Manager,32.0,191510.0,Software Engineer Manager PhD 32.0 years experience Female 54.0 years old
42.0,Male,Master's Degree,Full Stack Engineer,19.0,177347.0,Full Stack Engineer Master's Degree 19.0 years experience Male 42.0 years old
28.0,Female,Bachelor's Degree,Senior Project Engineer,3.0,70397.0,Senior Project Engineer Bachelor's Degree 3.0 years experience Female 28.0 years old
34.0,Male,Master's Degree,Software Engineer Manager,9.0,146075.0,Software Engineer Manager Master's Degree 9.0 years experience Male 34.0 years old
46.0,Female,Bachelor's Degree,Back end Developer,18.0,155795.0,Back end Developer Bachelor's Degree 18.0 years experience Female 46.0 years old
35.0,Male,Master's Degree,Full Stack Engineer,9.0,132638.0,Full Stack Engineer Master's Degree 9.0 years experience Male 35.0 years old
49.0,Female,PhD,Software Engineer Manager,22.0,178684.0,Software Engineer Manager PhD 22.0 years experience Female 49.0 years old
32.0,Male,Bachelor's Degree,Senior Software Engineer,7.0,106218.0,Senior Software Engineer Bachelor's Degree 7.0 years experience Male 32.0 years old
54.0,Male,Master's Degree,Full Stack Engineer,28.0,191239.0,Full Stack Engineer Master's Degree 28.0 years experience Male 54.0 years old
26.0,Female,Master's Degree,Front end Developer,2.0,65840.0,Front end Developer Master's Degree 2.0 years experience Female 26.0 years old
23.0,Male,PhD,Software Engineer Manager,0.0,52779.0,Software Engineer Manager PhD 0.0 years experience Male 23.0 years old
48.0,Female,Master's Degree,Senior Software Engineer,23.0,185038.0,Senior Software Engineer Master's Degree 23.0 years experience Female 48.0 years old
38.0,Male,Bachelor's Degree,Back end Developer,14.0,136449.0,Back end Developer Bachelor's Degree 14.0 years experience Male 38.0 years old
30.0,Female,Master's Degree,Full Stack Engineer,6.0,110707.0,Full Stack Engineer Master's Degree 6.0 years experience Female 30.0 years old
40.0,Male,Master's Degree,Software Engineer Manager,17.0,151670.0,Software Engineer Manager Master's Degree 17.0 years experience Male 40.0 years old
45.0,Female,Bachelor's Degree,Senior Project Engineer,21.0,167015.0,Senior Project Engineer Bachelor's Degree 21.0 years experience Female 45.0 years old
36.0,Male,Master's Degree,Full Stack Engineer,13.0,146508.0,Full Stack Engineer Master's Degree 13.0 years experience Male 36.0 years old
52.0,Male,PhD,Software Engineer Manager,27.0,190596.0,Software Engineer Manager PhD 27.0 years experience Male 52.0 years old
31.0,Female,Bachelor's Degree,Senior Software Engineer,6.0,104378.0,Senior Software Engineer Bachelor's Degree 6.0 years experience Female 31.0 years old
26.0,Male,Master's Degree,Full Stack Engineer,3.0,70216.0,Full Stack Engineer Master's Degree 3.0 years experience Male 26.0 years old
30.0,Female,Master's Degree,Senior Project Engineer,5.0,101733.0,Senior Project Engineer Master's Degree 5.0 years experience Female 30.0 years old
24.0,Male,Bachelor's Degree,Back end Developer,1.0,55935.0,Back end Developer Bachelor's Degree 1.0 years experience Male 24.0 years old
45.0,Male,Master's Degree,Senior Software Engineer,21.0,180367.0,Senior Software Engineer Master's Degree 21.0 years experience Male 45.0 years old
33.0,Female,Master's Degree,Full Stack Engineer,9.0,135596.0,Full Stack Engineer Master's Degree 9.0 years experience Female 33.0 years old
38.0,Male,Bachelor's Degree,Front end Developer,11.0,136062.0,Front end Developer Bachelor's Degree 11.0 years experience Male 38.0 years old
54.0,Female,PhD,Software Engineer Manager,32.0,191267.0,Software Engineer Manager PhD 32.0 years experience Female 54.0 years old
42.0,Male,Master's Degree,Full Stack Engineer,19.0,177347.0,Full Stack Engineer Master's Degree 19.0 years experience Male 42.0 years old
28.0,Female,Bachelor's Degree,Senior Project Engineer,3.0,70397.0,Senior Project Engineer Bachelor's Degree 3.0 years experience Female 28.0 years old
34.0,Male,Master's Degree,Software Engineer Manager,9.0,146075.0,Software Engineer Manager Master's Degree 9.0 years experience Male 34.0 years old
46.0,Female,Bachelor's Degree,Back end Developer,18.0,155795.0,Back end Developer Bachelor's Degree 18.0 years experience Female 46.0 years old
35.0,Male,Master's Degree,Full Stack Engineer,9.0,132638.0,Full Stack Engineer Master's Degree 9.0 years experience Male 35.0 years old
49.0,Female,PhD,Software Engineer Manager,22.0,178684.0,Software Engineer Manager PhD 22.0 years experience Female 49.0 years old
32.0,Male,Bachelor's Degree,Senior Software Engineer,7.0,106218.0,Senior Software Engineer Bachelor's Degree 7.0 years experience Male 32.0 years old
54.0,Male,Master's Degree,Full Stack Engineer,28.0,191239.0,Full Stack Engineer Master's Degree 28.0 years experience Male 54.0 years old
26.0,Female,Master's Degree,Front end Developer,2.0,65840.0,Front end Developer Master's Degree 2.0 years experience Female 26.0 years old
23.0,Male,PhD,Software Engineer Manager,0.0,52779.0,Software Engineer Manager PhD 0.0 years experience Male 23.0 years old
48.0,Female,Master's Degree,Senior Software Engineer,23.0,185038.0,Senior Software Engineer Master's Degree 23.0 years experience Female 48.0 years old
38.0,Male,Bachelor's Degree,Back end Developer,14.0,136449.0,Back end Developer Bachelor's Degree 14.0 years experience Male 38.0 years old
30.0,Female,Master's Degree,Full Stack Engineer,6.0,110707.0,Full Stack Engineer Master's Degree 6.0 years experience Female 30.0 years old
40.0,Male,Master's Degree,Software Engineer Manager,17.0,151670.0,Software Engineer Manager Master's Degree 17.0 years experience Male 40.0 years old
45.0,Female,Bachelor's Degree,Senior Project Engineer,21.0,167015.0,Senior Project Engineer Bachelor's Degree 21.0 years experience Female 45.0 years old
36.0,Male,Master's Degree,Full Stack Engineer,13.0,146508.0,Full Stack Engineer Master's Degree 13.0 years experience Male 36.0 years old
52.0,Male,PhD,Software Engineer Manager,27.0,190596.0,Software Engineer Manager PhD 27.0 years experience Male 52.0 years old
31.0,Female,Bachelor's Degree,Senior Software Engineer,6.0,104378.0,Senior Software Engineer Bachelor's Degree 6.0 years experience Female 31.0 years old
26.0,Male,Master's Degree,Full Stack Engineer,3.0,70216.0,Full Stack Engineer Master's Degree 3.0 years experience Male 26.0 years old
30.0,Female,Master's Degree,Senior Project Engineer,5.0,101733.0,Senior Project Engineer Master's Degree 5.0 years experience Female 30.0 years old
24.0,Male,Bachelor's Degree,Back end Developer,1.0,55935.0,Back end Developer Bachelor's Degree 1.0 years experience Male 24.0 years old
45.0,Male,Master's Degree,Senior Software Engineer,21.0,180367.0,Senior Software Engineer Master's Degree 21.0 years experience Male 45.0 years old
33.0,Female,Master's Degree,Full Stack Engineer,9.0,135596.0,Full Stack Engineer Master's Degree 9.0 years experience Female 33.0 years old
38.0,Male,Bachelor's Degree,Front end Developer,11.0,136062.0,Front end Developer Bachelor's Degree 11.0 years experience Male 38.0 years old
54.0,Female,PhD,Software Engineer Manager,32.0,191267.0,Software Engineer Manager PhD 32.0 years experience Female 54.0 years old
42.0,Male,Master's Degree,Full Stack Engineer,19.0,177347.0,Full Stack Engineer Master's Degree 19.0 years experience Male 42.0 years old
29.0,Female,Bachelor's Degree,Full Stack Engineer,6.0,103579.0,Full Stack Engineer Bachelor's Degree 6.0 years experience Female 29.0 years old
45.0,Male,Master's Degree,Software Engineer Manager,19.0,163780.0,Software Engineer Manager Master's Degree 19.0 years experience Male 45.0 years old
36.0,Male,Bachelor's Degree,Front end Developer,12.0,137878.0,Front end Developer Bachelor's Degree 12.0 years experience Male 36.0 years old
30.0,Female,Master's Degree,Senior Project Engineer,4.0,92438.0,Senior Project Engineer Master's Degree 4.0 years experience Female 30.0 years old
28.0,Male,Master's Degree,Full Stack Engineer,5.0,84181.0,Full Stack Engineer Master's Degree 5.0 years experience Male 28.0 years old
46.0,Female,PhD,Software Engineer Manager,21.0,174821.0,Software Engineer Manager PhD 21.0 years experience Female 46.0 years old
34.0,Male,Bachelor's Degree,Back end Developer,10.0,126520.0,Back end Developer Bachelor's Degree 10.0 years experience Male 34.0 years old
44.0,Male,Master's Degree,Senior Software Engineer,18.0,152168.0,Senior Software Engineer Master's Degree 18.0 years experience Male 44.0 years old
55.0,Female,PhD,Software Engineer Manager,29.0,190543.0,Software Engineer Manager PhD 29.0 years experience Female 55.0 years old
35.0,Male,Master's Degree,Full Stack Engineer,9.0,131547.0,Full Stack Engineer Master's Degree 9.0 years experience Male 35.0 years old
54.0,Male,Bachelor's Degree,Senior Project Engineer,28.0,192292.0,Senior Project Engineer Bachelor's Degree 28.0 years experience Male 54.0 years old
23.0,Female,High School,Back end Developer,1.0,52807.0,Back end Developer High School 1.0 years experience Female 23.0 years old
46.0,Male,Master's Degree,Senior Software Engineer,20.0,174938.0,Senior Software Engineer Master's Degree 20.0 years experience Male 46.0 years old
33.0,Female,Bachelor's Degree,Full Stack Engineer,8.0,124071.0,Full Stack Engineer Bachelor's Degree 8.0 years experience Female 33.0 years old
26.0,Male,Master's Degree,Front end Developer,3.0,73640.0,Front end Developer Master's Degree 3.0 years experience Male 26.0 years old
43.0,Female,PhD,Software Engineer Manager,19.0,156486.0,Software Engineer Manager PhD 19.0 years experience Female 43.0 years old
36.0,Male,Master's Degree,Full Stack Engineer,11.0,138859.0,Full Stack Engineer Master's Degree 11.0 years experience Male 36.0 years old
23.0,Female,Bachelor's Degree,Senior Project Engineer,0.0,52831.0,Senior Project Engineer Bachelor's Degree 0.0 years experience Female 23.0 years old
49.0,Male,Master's Degree,Software Engineer Manager,23.0,182392.0,Software Engineer Manager Master's Degree 23.0 years experience Male 49.0 years old
35.0,Female,Master's Degree,Full Stack Engineer,11.0,151078.0,Full Stack Engineer Master's Degree 11.0 years experience Female 35.0 years old
31.0,Male,Bachelor's Degree,Back end Developer,8.0,100679.0,Back end Developer Bachelor's Degree 8.0 years experience Male 31.0 years old
54.0,Other,High School,Senior Software Engineer,29.0,158966.0,Senior Software Engineer High School 29.0 years experience Other 54.0 years old
43.0,Male,Master's Degree,Full Stack Engineer,20.0,167924.0,Full Stack Engineer Master's Degree 20.0 years experience Male 43.0 years old
33.0,Female,Master's Degree,Senior Project Engineer,10.0,113334.0,Senior Project Engineer Master's Degree 10.0 years experience Female 33.0 years old
52.0,Female,PhD,Software Engineer Manager,29.0,194778.0,Software Engineer Manager PhD 29.0 years experience Female 52.0 years old
28.0,Male,Bachelor's Degree,Full Stack Engineer,4.0,77606.0,Full Stack Engineer Bachelor's Degree 4.0 years experience Male 28.0 years old
36.0,Female,Master's Degree,Senior Software Engineer,13.0,140010.0,Senior Software Engineer Master's Degree 13.0 years experience Female 36.0 years old
43.0,Male,Bachelor's Degree,Senior Project Engineer,20.0,142421.0,Senior Project Engineer Bachelor's Degree 20.0 years experience Male 43.0 years old
50.0,Female,Master's Degree,Full Stack Engineer,24.0,192756.0,Full Stack Engineer Master's Degree 24.0 years experience Female 50.0 years old
24.0,Male,PhD,Software Engineer Manager,1.0,106686.0,Software Engineer Manager PhD 1.0 years experience Male 24.0 years old
52.0,Male,Master's Degree,Senior Software Engineer,27.0,186794.0,Senior Software Engineer Master's Degree 27.0 years experience Male 52.0 years old
46.0,Female,Bachelor's Degree,Back end Developer,19.0,150729.0,Back end Developer Bachelor's Degree 19.0 years experience Female 46.0 years old
38.0,Male,Master's Degree,Full Stack Engineer,15.0,171652.0,Full Stack Engineer Master's Degree 15.0 years experience Male 38.0 years old
29.0,Male,Bachelor's Degree,Senior Project Engineer,6.0,88552.0,Senior Project Engineer Bachelor's Degree 6.0 years experience Male 29.0 years old
33.0,Female,Master's Degree,Front end Developer,9.0,119918.0,Front end Developer Master's Degree 9.0 years experience Female 33.0 years old
47.0,Male,PhD,Software Engineer Manager,21.0,174985.0,Software Engineer Manager PhD 21.0 years experience Male 47.0 years old
45.0,Female,Master's Degree,Senior Software Engineer,23.0,174336.0,Senior Software Engineer Master's Degree 23.0 years experience Female 45.0 years old
28.0,Male,Bachelor's Degree,Back end Developer,4.0,72389.0,Back end Developer Bachelor's Degree 4.0 years experience Male 28.0 years old
42.0,Female,Master's Degree,Full Stack Engineer,14.0,163978.0,Full Stack Engineer Master's Degree 14.0 years experience Female 42.0 years old
46.0,Male,Bachelor's Degree,Senior Project Engineer,25.0,166958.0,Senior Project Engineer Bachelor's Degree 25.0 years experience Male 46.0 years old
38.0,Female,PhD,Software Engineer Manager,15.0,145052.0,Software Engineer Manager PhD 15.0 years experience Female 38.0 years old
54.0,Male,Master's Degree,Senior Software Engineer,32.0,195270.0,Senior Software Engineer Master's Degree 32.0 years experience Male 54.0 years old
33.0,Female,Master's Degree,Full Stack Engineer,8.0,122970.0,Full Stack Engineer Master's Degree 8.0 years experience Female 33.0 years old
27.0,Male,High School,Back end Developer,4.0,80247.0,Back end Developer High School 4.0 years experience Male 27.0 years old
50.0,Female,Bachelor's Degree,Senior Project Engineer,25.0,177862.0,Senior Project Engineer Bachelor's Degree 25.0 years experience Female 50.0 years old
26.0,Male,Master's Degree,Full Stack Engineer,4.0,91062.0,Full Stack Engineer Master's Degree 4.0 years experience Male 26.0 years old
31.0,Female,Master's Degree,Senior Software Engineer,6.0,114290.0,Senior Software Engineer Master's Degree 6.0 years experience Female 31.0 years old
35.0,Male,Bachelor's Degree,Front end Developer,10.0,128999.0,Front end Developer Bachelor's Degree 10.0 years experience Male 35.0 years old
44.0,Female,PhD,Software Engineer Manager,18.0,162454.0,Software Engineer Manager PhD 18.0 years experience Female 44.0 years old
32.0,Male,Master's Degree,Senior Project Engineer,8.0,122354.0,Senior Project Engineer Master's Degree 8.0 years experience Male 32.0 years old
54.0,Male,Bachelor's Degree,Full Stack Engineer,25.0,179756.0,Full Stack Engineer Bachelor's Degree 25.0 years experience Male 54.0 years old
26.0,Female,Master's Degree,Front end Developer,3.0,73218.0,Front end Developer Master's Degree 3.0 years experience Female 26.0 years old
23.0,Male,PhD,Software Engineer Manager,0.0,52612.0,Software Engineer Manager PhD 0.0 years experience Male 23.0 years old
48.0,Female,Master's Degree,Senior Software Engineer,23.0,185038.0,Senior Software Engineer Master's Degree 23.0 years experience Female 48.0 years old
38.0,Male,Bachelor's Degree,Back end Developer,12.0,132442.0,Back end Developer Bachelor's Degree 12.0 years experience Male 38.0 years old
30.0,Female,Master's Degree,Full Stack Engineer,5.0,102828.0,Full Stack Engineer Master's Degree 5.0 years experience Female 30.0 years old
40.0,Male,Master's Degree,Software Engineer Manager,16.0,150301.0,Software Engineer Manager Master's Degree 16.0 years experience Male 40.0 years old
45.0,Female,Bachelor's Degree,Senior Project Engineer,22.0,171468.0,Senior Project Engineer Bachelor's Degree 22.0 years experience Female 45.0 years old
36.0,Male,Master's Degree,Full Stack Engineer,13.0,147326.0,Full Stack Engineer Master's Degree 13.0 years experience Male 36.0 years old
52.0,Male,PhD,Software Engineer Manager,26.0,185982.0,Software Engineer Manager PhD 26.0 years experience Male 52.0 years old
31.0,Female,Bachelor's Degree,Senior Software Engineer,7.0,108267.0,Senior Software Engineer Bachelor's Degree 7.0 years experience Female 31.0 years old
26.0,Male,Master's Degree,Full Stack Engineer,3.0,91397.0,Full Stack Engineer Master's Degree 3.0 years experience Male 26.0 years old
30.0,Female,Master's Degree,Senior Project Engineer,5.0,100867.0,Senior Project Engineer Master's Degree 5.0 years experience Female 30.0 years old
24.0,Male,Bachelor's Degree,Back end Developer,2.0,64182.0,Back end Developer Bachelor's Degree 2.0 years experience Male 24.0 years old
45.0,Male,Master's Degree,Senior Software Engineer,22.0,182506.0,Senior Software Engineer Master's Degree 22.0 years experience Male 45.0 years old
33.0,Female,Master's Degree,Full Stack Engineer,9.0,136986.0,Full Stack Engineer Master's Degree 9.0 years experience Female 33.0 years old
38.0,Male,Bachelor's Degree,Front end Developer,11.0,136662.0,Front end Developer Bachelor's Degree 11.0 years experience Male 38.0 years old
54.0,Female,PhD,Software Engineer Manager,32.0,191510.0,Software Engineer Manager PhD 32.0 years experience Female 54.0 years old
42.0,Male,Master's Degree,Full Stack Engineer,19.0,177347.0,Full Stack Engineer Master's Degree 19.0 years experience Male 42.0 years old
28.0,Female,Bachelor's Degree,Senior Project Engineer,4.0,82944.0,Senior Project Engineer Bachelor's Degree 4.0 years experience Female 28.0 years old
48.0,Male,PhD,Software Engineer Manager,23.0,188288.0,Software Engineer Manager PhD 23.0 years experience Male 48.0 years old
36.0,Female,Master's Degree,Senior Software Engineer,14.0,141090.0,Senior Software Engineer Master's Degree 14.0 years experience Female 36.0 years old
43.0,Male,Bachelor's Degree,Full Stack Engineer,19.0,152726.0,Full Stack Engineer Bachelor's Degree 19.0 years experience Male 43.0 years old
33.0,Female,Master's Degree,Back end Developer,9.0,124141.0,Back end Developer Master's Degree 9.0 years experience Female 33.0 years old
26.0,Male,Bachelor's Degree,Front end Developer,3.0,67556.0,Front end Developer Bachelor's Degree 3.0 years experience Male 26.0 years old
50.0,Female,Master's Degree,Senior Project Engineer,22.0,182768.0,Senior Project Engineer Master's Degree 22.0 years experience Female 50.0 years old
41.0,Male,PhD,Software Engineer Manager,15.0,148727.0,Software Engineer Manager PhD 15.0 years experience Male 41.0 years old
29.0,Female,Bachelor's Degree,Full Stack Engineer,6.0,91903.0,Full Stack Engineer Bachelor's Degree 6.0 years experience Female 29.0 years old
38.0,Male,Master's Degree,Senior Software Engineer,14.0,147708.0,Senior Software Engineer Master's Degree 14.0 years experience Male 38.0 years old
48.0,Female,Bachelor's Degree,Senior Project Engineer,21.0,163209.0,Senior Project Engineer Bachelor's Degree 21.0 years experience Female 48.0 years old
31.0,Male,Master's Degree,Full Stack Engineer,8.0,120288.0,Full Stack Engineer Master's Degree 8.0 years experience Male 31.0 years old
45.0,Male,PhD,Software Engineer Manager,21.0,170226.0,Software Engineer Manager PhD 21.0 years experience Male 45.0 years old
35.0,Female,Master's Degree,Senior Software Engineer,11.0,134979.0,Senior Software Engineer Master's Degree 11.0 years experience Female 35.0 years old
42.0,Male,Bachelor's Degree,Back end Developer,16.0,137489.0,Back end Developer Bachelor's Degree 16.0 years experience Male 42.0 years old
27.0,Female,Master's Degree,Full Stack Engineer,4.0,83577.0,Full Stack Engineer Master's Degree 4.0 years experience Female 27.0 years old
33.0,Male,Bachelor's Degree,Front end Developer,9.0,117904.0,Front end Developer Bachelor's Degree 9.0 years experience Male 33.0 years old
36.0,Female,Master's Degree,Senior Project Engineer,11.0,134482.0,Senior Project Engineer Master's Degree 11.0 years experience Female 36.0 years old
54.0,Male,PhD,Software Engineer Manager,30.0,184660.0,Software Engineer Manager PhD 30.0 years experience Male 54.0 years old
30.0,Female,Bachelor's Degree,Senior Software Engineer,5.0,100151.0,Senior Software Engineer Bachelor's Degree 5.0 years experience Female 30.0 years old
26.0,Male,Master's Degree,Full Stack Engineer,3.0,88678.0,Full Stack Engineer Master's Degree 3.0 years experience Male 26.0 years old
45.0,Female,PhD,Senior Project Engineer,21.0,181285.0,Senior Project Engineer PhD 21.0 years experience Female 45.0 years old
38.0,Male,Master's Degree,Software Engineer Manager,16.0,154990.0,Software Engineer Manager Master's Degree 16.0 years experience Male 38.0 years old
31.0,Female,Bachelor's Degree,Full Stack Engineer,7.0,108204.0,Full Stack Engineer Bachelor's Degree 7.0 years experience Female 31.0 years old
42.0,Male,Master's Degree,Senior Software Engineer,19.0,175684.0,Senior Software Engineer Master's Degree 19.0 years experience Male 42.0 years old
28.0,Female,Bachelor's Degree,Back end Developer,5.0,77766.0,Back end Developer Bachelor's Degree 5.0 years experience Female 28.0 years old
48.0,Male,PhD,Software Engineer Manager,24.0,192211.0,Software Engineer Manager PhD 24.0 years experience Male 48.0 years old
36.0,Female,Master's Degree,Full Stack Engineer,13.0,144647.0,Full Stack Engineer Master's Degree 13.0 years experience Female 36.0 years old
43.0,Male,Bachelor's Degree,Senior Project Engineer,20.0,162231.0,Senior Project Engineer Bachelor's Degree 20.0 years experience Male 43.0 years old
33.0,Female,Master's Degree,Front end Developer,9.0,121120.0,Front end Developer Master's Degree 9.0 years experience Female 33.0 years old
26.0,Male,Bachelor's Degree,Full Stack Engineer,4.0,79652.0,Full Stack Engineer Bachelor's Degree 4.0 years experience Male 26.0 years old
50.0,Female,Master's Degree,Senior Software Engineer,21.0,177002.0,Senior Software Engineer Master's Degree 21.0 years experience Female 50.0 years old
27.0,Male,Master's Degree,Back end Developer,5.0,87584.0,Back end Developer Master's Degree 5.0 years experience Male 27.0 years old
38.0,Female,Bachelor's Degree,Senior Project Engineer,13.0,131860.0,Senior Project Engineer Bachelor's Degree 13.0 years experience Female 38.0 years old
54.0,Male,PhD,Software Engineer Manager,28.0,182013.0,Software Engineer Manager PhD 28.0 years experience Male 54.0 years old
31.0,Female,Master's Degree,Full Stack Engineer,7.0,108799.0,Full Stack Engineer Master's Degree 7.0 years experience Female 31.0 years old
36.0,Male,Bachelor's Degree,Senior Software Engineer,13.0,135378.0,Senior Software Engineer Bachelor's Degree 13.0 years experience Male 36.0 years old
45.0,Female,Master's Degree,Software Engineer Manager,22.0,183530.0,Software Engineer Manager Master's Degree 22.0 years experience Female 45.0 years old
42.0,Male,Bachelor's Degree,Back end Developer,18.0,150901.0,Back end Developer Bachelor's Degree 18.0 years experience Male 42.0 years old
28.0,Female,Master's Degree,Full Stack Engineer,4.0,82697.0,Full Stack Engineer Master's Degree 4.0 years experience Female 28.0 years old
48.0,Male,PhD,Senior Software Engineer,26.0,194638.0,Senior Software Engineer PhD 26.0 years experience Male 48.0 years old
36.0,Female,Master's Degree,Senior Project Engineer,12.0,130356.0,Senior Project Engineer Master's Degree 12.0 years experience Female 36.0 years old
43.0,Male,Bachelor's Degree,Full Stack Engineer,18.0,152560.0,Full Stack Engineer Bachelor's Degree 18.0 years experience Male 43.0 years old
33.0,Female,Master's Degree,Front end Developer,9.0,121432.0,Front end Developer Master's Degree 9.0 years experience Female 33.0 years old
26.0,Male,Bachelor's Degree,Back end Developer,2.0,63789.0,Back end Developer Bachelor's Degree 2.0 years experience Male 26.0 years old
50.0,Female,Master's Degree,Senior Software Engineer,23.0,183690.0,Senior Software Engineer Master's Degree 23.0 years experience Female 50.0 years old
41.0,Male,PhD,Software Engineer Manager,16.0,151310.0,Software Engineer Manager PhD 16.0 years experience Male 41.0 years old
29.0,Female,Bachelor's Degree,Full Stack Engineer,6.0,100358.0,Full Stack Engineer Bachelor's Degree 6.0 years experience Female 29.0 years old
38.0,Male,Master's Degree,Senior Software Engineer,15.0,148437.0,Senior Software Engineer Master's Degree 15.0 years experience Male 38.0 years old
48.0,Female,Bachelor's Degree,Senior Project Engineer,22.0,168691.0,Senior Project Engineer Bachelor's Degree 22.0 years experience Female 48.0 years old
31.0,Male,Master's Degree,Full Stack Engineer,8.0,,Full Stack Engineer Master's Degree 8.0 years experience Male 31.0 years old
28.0,Male,Bachelor's Degree,Software Developer,1.0,50000.0,Software Developer Bachelor's Degree 1.0 years experience Male 28.0 years old
32.0,Female,Master's Degree,Product Manager,5.0,100000.0,Product Manager Master's Degree 5.0 years experience Female 32.0 years old
26.0,Male,Bachelor's Degree,Software Engineer,2.0,60000.0,Software Engineer Bachelor's Degree 2.0 years experience Male 26.0 years old
33.0,Female,Master's Degree,Data Analyst,6.0,90000.0,Data Analyst Master's Degree 6.0 years experience Female 33.0 years old
29.0,Male,Bachelor's Degree,Front End Developer,3.0,70000.0,Front End Developer Bachelor's Degree 3.0 years experience Male 29.0 years old
42.0,Male,PhD,Director of Data Science,12.0,170000.0,Director of Data Science PhD 12.0 years experience Male 42.0 years old
36.0,Female,Master's Degree,Data Scientist,8.0,130000.0,Data Scientist Master's Degree 8.0 years experience Female 36.0 years old
27.0,Male,Bachelor's Degree,Software Developer,1.0,50000.0,Software Developer Bachelor's Degree 1.0 years experience Male 27.0 years old
34.0,Female,Master's Degree,Product Manager,7.0,120000.0,Product Manager Master's Degree 7.0 years experience Female 34.0 years old
29.0,Male,Bachelor's Degree,Software Engineer,4.0,80000.0,Software Engineer Bachelor's Degree 4.0 years experience Male 29.0 years old
41.0,Female,PhD,Senior Data Scientist,16.0,200000.0,Senior Data Scientist PhD 16.0 years experience Female 41.0 years old
34.0,Male,Master's Degree,Data Analyst,8.0,100000.0,Data Analyst Master's Degree 8.0 years experience Male 34.0 years old
24.0,Female,Bachelor's Degree,Software Developer,2.0,55000.0,Software Developer Bachelor's Degree 2.0 years experience Female 24.0 years old
36.0,Male,PhD,Director of Data Science,12.0,170000.0,Director of Data Science PhD 12.0 years experience Male 36.0 years old
30.0,Female,Bachelor's Degree,Software Engineer,5.0,90000.0,Software Engineer Bachelor's Degree 5.0 years experience Female 30.0 years old
29.0,Male,Bachelor's Degree,Front End Developer,4.0,80000.0,Front End Developer Bachelor's Degree 4.0 years experience Male 29.0 years old
42.0,Male,Master's Degree,Product Manager,14.0,180000.0,Product Manager Master's Degree 14.0 years experience Male 42.0 years old
26.0,Male,Bachelor's Degree,Software Developer,2.0,60000.0,Software Developer Bachelor's Degree 2.0 years experience Male 26.0 years old
35.0,Female,Master's Degree,Data Analyst,9.0,120000.0,Data Analyst Master's Degree 9.0 years experience Female 35.0 years old
27.0,Female,Bachelor's Degree,Software Engineer,3.0,70000.0,Software Engineer Bachelor's Degree 3.0 years experience Female 27.0 years old
48.0,Male,PhD,Director of Data Science,18.0,210000.0,Director of Data Science PhD 18.0 years experience Male 48.0 years old
34.0,Male,Master's Degree,Data Scientist,9.0,140000.0,Data Scientist Master's Degree 9.0 years experience Male 34.0 years old
23.0,Female,Bachelor's Degree,Software Engineer,1.0,50000.0,Software Engineer Bachelor's Degree 1.0 years experience Female 23.0 years old
32.0,Male,Master's Degree,Product Manager,7.0,110000.0,Product Manager Master's Degree 7.0 years experience Male 32.0 years old
25.0,Female,Master's Degree,Software Engineer,2.0,60000.0,Software Engineer Master's Degree 2.0 years experience Female 25.0 years old
37.0,Male,Bachelor's Degree,Data Analyst,11.0,160000.0,Data Analyst Bachelor's Degree 11.0 years experience Male 37.0 years old
28.0,Male,Bachelor's Degree,Software Engineer,4.0,75000.0,Software Engineer Bachelor's Degree 4.0 years experience Male 28.0 years old
41.0,Female,PhD,Director of Data Science,16.0,200000.0,Director of Data Science PhD 16.0 years experience Female 41.0 years old
34.0,Male,Master's Degree,Data Analyst,8.0,100000.0,Data Analyst Master's Degree 8.0 years experience Male 34.0 years old
24.0,Female,Bachelor's Degree,Software Developer,2.0,55000.0,Software Developer Bachelor's Degree 2.0 years experience Female 24.0 years old
36.0,Male,PhD,Senior Data Scientist,12.0,170000.0,Senior Data Scientist PhD 12.0 years experience Male 36.0 years old
30.0,Female,Bachelor's Degree,Software Engineer,5.0,90000.0,Software Engineer Bachelor's Degree 5.0 years experience Female 30.0 years old
29.0,Male,Bachelor's Degree,Front End Developer,4.0,80000.0,Front End Developer Bachelor's Degree 4.0 years experience Male 29.0 years old
42.0,Male,Master's Degree,Product Manager,14.0,180000.0,Product Manager Master's Degree 14.0 years experience Male 42.0 years old
26.0,Male,Bachelor's Degree,Software Developer,2.0,60000.0,Software Developer Bachelor's Degree 2.0 years experience Male 26.0 years old
35.0,Female,Master's Degree,Data Analyst,9.0,120000.0,Data Analyst Master's Degree 9.0 years experience Female 35.0 years old
27.0,Female,Bachelor's Degree,Software Engineer,3.0,70000.0,Software Engineer Bachelor's Degree 3.0 years experience Female 27.0 years old
48.0,Male,PhD,Director of Data Science,18.0,210000.0,Director of Data Science PhD 18.0 years experience Male 48.0 years old
34.0,Male,Master's Degree,Data Scientist,9.0,140000.0,Data Scientist Master's Degree 9.0 years experience Male 34.0 years old
23.0,Female,Bachelor's Degree,Software Engineer,1.0,50000.0,Software Engineer Bachelor's Degree 1.0 years experience Female 23.0 years old
32.0,Male,Master's Degree,Product Manager,7.0,110000.0,Product Manager Master's Degree 7.0 years experience Male 32.0 years old
25.0,Female,Master's Degree,Software Engineer,2.0,60000.0,Software Engineer Master's Degree 2.0 years experience Female 25.0 years old
37.0,Male,Bachelor's Degree,Data Analyst,11.0,160000.0,Data Analyst Bachelor's Degree 11.0 years experience Male 37.0 years old
28.0,Male,Bachelor's Degree,Software Engineer,4.0,75000.0,Software Engineer Bachelor's Degree 4.0 years experience Male 28.0 years old
41.0,Female,PhD,Director of Data Science,16.0,200000.0,Director of Data Science PhD 16.0 years experience Female 41.0 years old
34.0,Male,Master's Degree,Data Analyst,8.0,100000.0,Data Analyst Master's Degree 8.0 years experience Male 34.0 years old
24.0,Female,Bachelor's Degree,Software Developer,2.0,55000.0,Software Developer Bachelor's Degree 2.0 years experience Female 24.0 years old
36.0,Male,PhD,Senior Data Scientist,12.0,170000.0,Senior Data Scientist PhD 12.0 years experience Male 36.0 years old
30.0,Female,Bachelor's Degree,Software Engineer,5.0,90000.0,Software Engineer Bachelor's Degree 5.0 years experience Female 30.0 years old
29.0,Male,Bachelor's Degree,Front End Developer,4.0,80000.0,Front End Developer Bachelor's Degree 4.0 years experience Male 29.0 years old
42.0,Male,Master's Degree,Product Manager,14.0,180000.0,Product Manager Master's Degree 14.0 years experience Male 42.0 years old
26.0,Male,Bachelor's Degree,Software Developer,2.0,60000.0,Software Developer Bachelor's Degree 2.0 years experience Male 26.0 years old
35.0,Female,Master's Degree,Data Analyst,9.0,120000.0,Data Analyst Master's Degree 9.0 years experience Female 35.0 years old
27.0,Female,Bachelor's Degree,Software Engineer,3.0,70000.0,Software Engineer Bachelor's Degree 3.0 years experience Female 27.0 years old
48.0,Male,PhD,Director of Data Science,18.0,210000.0,Director of Data Science PhD 18.0 years experience Male 48.0 years old
34.0,Male,Master's Degree,Data Scientist,9.0,140000.0,Data Scientist Master's Degree 9.0 years experience Male 34.0 years old
23.0,Female,Bachelor's Degree,Software Engineer,1.0,50000.0,Software Engineer Bachelor's Degree 1.0 years experience Female 23.0 years old
32.0,Male,Master's Degree,Product Manager,7.0,110000.0,Product Manager Master's Degree 7.0 years experience Male 32.0 years old
25.0,Female,Master's Degree,Software Engineer,2.0,60000.0,Software Engineer Master's Degree 2.0 years experience Female 25.0 years old
37.0,Male,Bachelor's Degree,Data Analyst,11.0,160000.0,Data Analyst Bachelor's Degree 11.0 years experience Male 37.0 years old
28.0,Male,Bachelor's Degree,Software Engineer,4.0,75000.0,Software Engineer Bachelor's Degree 4.0 years experience Male 28.0 years old
41.0,Female,PhD,Director of Data Science,16.0,200000.0,Director of Data Science PhD 16.0 years experience Female 41.0 years old
34.0,Male,Master's Degree,Data Analyst,8.0,100000.0,Data Analyst Master's Degree 8.0 years experience Male 34.0 years old
24.0,Female,Bachelor's Degree,Software Developer,2.0,55000.0,Software Developer Bachelor's Degree 2.0 years experience Female 24.0 years old
36.0,Male,PhD,Senior Data Scientist,12.0,170000.0,Senior Data Scientist PhD 12.0 years experience Male 36.0 years old
30.0,Female,Bachelor's Degree,Software Engineer,5.0,90000.0,Software Engineer Bachelor's Degree 5.0 years experience Female 30.0 years old
29.0,Male,Bachelor's Degree,Front End Developer,4.0,80000.0,Front End Developer Bachelor's Degree 4.0 years experience Male 29.0 years old
42.0,Male,Master's Degree,Product Manager,14.0,180000.0,Product Manager Master's Degree 14.0 years experience Male 42.0 years old
26.0,Male,Bachelor's Degree,Software Developer,2.0,60000.0,Software Developer Bachelor's Degree 2.0 years experience Male 26.0 years old
35.0,Female,Master's Degree,Data Analyst,9.0,120000.0,Data Analyst Master's Degree 9.0 years experience Female 35.0 years old
27.0,Female,Bachelor's Degree,Software Engineer,3.0,70000.0,Software Engineer Bachelor's Degree 3.0 years experience Female 27.0 years old
48.0,Male,PhD,Director of Data Science,18.0,210000.0,Director of Data Science PhD 18.0 years experience Male 48.0 years old
34.0,Male,Master's Degree,Data Scientist,9.0,140000.0,Data Scientist Master's Degree 9.0 years experience Male 34.0 years old
23.0,Female,Bachelor's Degree,Software Engineer,1.0,50000.0,Software Engineer Bachelor's Degree 1.0 years experience Female 23.0 years old
32.0,Male,Master's Degree,Product Manager,7.0,110000.0,Product Manager Master's Degree 7.0 years experience Male 32.0 years old
25.0,Female,Master's Degree,Software Engineer,2.0,60000.0,Software Engineer Master's Degree 2.0 years experience Female 25.0 years old
37.0,Male,Bachelor's Degree,Data Analyst,11.0,160000.0,Data Analyst Bachelor's Degree 11.0 years experience Male 37.0 years old
28.0,Male,Bachelor's Degree,Software Engineer,4.0,75000.0,Software Engineer Bachelor's Degree 4.0 years experience Male 28.0 years old
41.0,Female,PhD,Director of Data Science,16.0,200000.0,Director of Data Science PhD 16.0 years experience Female 41.0 years old
34.0,Male,Master's Degree,Data Analyst,8.0,100000.0,Data Analyst Master's Degree 8.0 years experience Male 34.0 years old
24.0,Female,Bachelor's Degree,Software Developer,2.0,55000.0,Software Developer Bachelor's Degree 2.0 years experience Female 24.0 years old
36.0,Male,PhD,Senior Data Scientist,12.0,170000.0,Senior Data Scientist PhD 12.0 years experience Male 36.0 years old
30.0,Female,Bachelor's Degree,Software Engineer,5.0,90000.0,Software Engineer Bachelor's Degree 5.0 years experience Female 30.0 years old
29.0,Male,Bachelor's Degree,Front End Developer,4.0,80000.0,Front End Developer Bachelor's Degree 4.0 years experience Male 29.0 years old
42.0,Male,Master's Degree,Product Manager,14.0,180000.0,Product Manager Master's Degree 14.0 years experience Male 42.0 years old
26.0,Male,Bachelor's Degree,Software Developer,2.0,60000.0,Software Developer Bachelor's Degree 2.0 years experience Male 26.0 years old
35.0,Female,Master's Degree,Data Analyst,9.0,120000.0,Data Analyst Master's Degree 9.0 years experience Female 35.0 years old
27.0,Female,Bachelor's Degree,Software Engineer,3.0,70000.0,Software Engineer Bachelor's Degree 3.0 years experience Female 27.0 years old
48.0,Male,PhD,Director of Data Science,18.0,210000.0,Director of Data Science PhD 18.0 years experience Male 48.0 years old
34.0,Male,Master's Degree,Data Scientist,9.0,140000.0,Data Scientist Master's Degree 9.0 years experience Male 34.0 years old
23.0,Female,Bachelor's Degree,Software Engineer,1.0,50000.0,Software Engineer Bachelor's Degree 1.0 years experience Female 23.0 years old
32.0,Male,Master's Degree,Product Manager,7.0,110000.0,Product Manager Master's Degree 7.0 years experience Male 32.0 years old
25.0,Female,Master's Degree,Software Engineer,2.0,60000.0,Software Engineer Master's Degree 2.0 years experience Female 25.0 years old
37.0,Male,Bachelor's Degree,Data Analyst,11.0,160000.0,Data Analyst Bachelor's Degree 11.0 years experience Male 37.0 years old
28.0,Male,Bachelor's Degree,Software Engineer,4.0,75000.0,Software Engineer Bachelor's Degree 4.0 years experience Male 28.0 years old
41.0,Female,PhD,Director of Data Science,16.0,200000.0,Director of Data Science PhD 16.0 years experience Female 41.0 years old
34.0,Male,Master's Degree,Data Analyst,8.0,100000.0,Data Analyst Master's Degree 8.0 years experience Male 34.0 years old
24.0,Female,Bachelor's Degree,Software Developer,2.0,55000.0,Software Developer Bachelor's Degree 2.0 years experience Female 24.0 years old
36.0,Male,PhD,Senior Data Scientist,12.0,170000.0,Senior Data Scientist PhD 12.0 years experience Male 36.0 years old
30.0,Female,Bachelor's Degree,Software Engineer,5.0,90000.0,Software Engineer Bachelor's Degree 5.0 years experience Female 30.0 years old
29.0,Male,Bachelor's Degree,Front End Developer,4.0,80000.0,Front End Developer Bachelor's Degree 4.0 years experience Male 29.0 years old
42.0,Male,Master's Degree,Product Manager,14.0,180000.0,Product Manager Master's Degree 14.0 years experience Male 42.0 years old
26.0,Male,Bachelor's Degree,Software Developer,2.0,60000.0,Software Developer Bachelor's Degree 2.0 years experience Male 26.0 years old
35.0,Female,Master's Degree,Data Analyst,9.0,120000.0,Data Analyst Master's Degree 9.0 years experience Female 35.0 years old
27.0,Female,Bachelor's Degree,Software Engineer,3.0,70000.0,Software Engineer Bachelor's Degree 3.0 years experience Female 27.0 years old
48.0,Male,PhD,Director of Data Science,18.0,210000.0,Director of Data Science PhD 18.0 years experience Male 48.0 years old
34.0,Male,Master's Degree,Data Scientist,9.0,140000.0,Data Scientist Master's Degree 9.0 years experience Male 34.0 years old
23.0,Female,Bachelor's Degree,Software Engineer,1.0,50000.0,Software Engineer Bachelor's Degree 1.0 years experience Female 23.0 years old
32.0,Male,Master's Degree,Product Manager,7.0,110000.0,Product Manager Master's Degree 7.0 years experience Male 32.0 years old
25.0,Female,Master's Degree,Software Engineer,2.0,60000.0,Software Engineer Master's Degree 2.0 years experience Female 25.0 years old
37.0,Male,Bachelor's Degree,Data Analyst,11.0,160000.0,Data Analyst Bachelor's Degree 11.0 years experience Male 37.0 years old
28.0,Male,Bachelor's Degree,Software Engineer,4.0,75000.0,Software Engineer Bachelor's Degree 4.0 years experience Male 28.0 years old
41.0,Female,PhD,Director of Data Science,16.0,200000.0,Director of Data Science PhD 16.0 years experience Female 41.0 years old
34.0,Male,Master's Degree,Data Analyst,8.0,100000.0,Data Analyst Master's Degree 8.0 years experience Male 34.0 years old
24.0,Female,Bachelor's Degree,Software Developer,2.0,55000.0,Software Developer Bachelor's Degree 2.0 years experience Female 24.0 years old
36.0,Male,PhD,Senior Data Scientist,12.0,170000.0,Senior Data Scientist PhD 12.0 years experience Male 36.0 years old
30.0,Female,Bachelor's Degree,Software Engineer,5.0,90000.0,Software Engineer Bachelor's Degree 5.0 years experience Female 30.0 years old
29.0,Male,Bachelor's Degree,Front End Developer,4.0,80000.0,Front End Developer Bachelor's Degree 4.0 years experience Male 29.0 years old
42.0,Male,Master's Degree,Product Manager,14.0,180000.0,Product Manager Master's Degree 14.0 years experience Male 42.0 years old
26.0,Male,Bachelor's Degree,Software Developer,2.0,60000.0,Software Developer Bachelor's Degree 2.0 years experience Male 26.0 years old
35.0,Female,Master's Degree,Data Analyst,9.0,120000.0,Data Analyst Master's Degree 9.0 years experience Female 35.0 years old
27.0,Female,Bachelor's Degree,Software Engineer,3.0,70000.0,Software Engineer Bachelor's Degree 3.0 years experience Female 27.0 years old
48.0,Male,PhD,Director of Data Science,18.0,210000.0,Director of Data Science PhD 18.0 years experience Male 48.0 years old
34.0,Male,Master's Degree,Data Scientist,9.0,140000.0,Data Scientist Master's Degree 9.0 years experience Male 34.0 years old
30.0,Female,Bachelor's Degree,Software Engineer,4.0,80000.0,Software Engineer Bachelor's Degree 4.0 years experience Female 30.0 years old
29.0,Male,Bachelor's Degree,Front End Developer,3.0,70000.0,Front End Developer Bachelor's Degree 3.0 years experience Male 29.0 years old
42.0,Male,Master's Degree,Product Manager,14.0,180000.0,Product Manager Master's Degree 14.0 years experience Male 42.0 years old
26.0,Male,Bachelor's Degree,Software Developer,2.0,60000.0,Software Developer Bachelor's Degree 2.0 years experience Male 26.0 years old
35.0,Female,Master's Degree,Data Analyst,9.0,120000.0,Data Analyst Master's Degree 9.0 years experience Female 35.0 years old
27.0,Female,Bachelor's Degree,Software Engineer,3.0,70000.0,Software Engineer Bachelor's Degree 3.0 years experience Female 27.0 years old
48.0,Male,PhD,Director of Data Science,18.0,210000.0,Director of Data Science PhD 18.0 years experience Male 48.0 years old
34.0,Male,Master's Degree,Data Scientist,9.0,140000.0,Data Scientist Master's Degree 9.0 years experience Male 34.0 years old
23.0,Female,Bachelor's Degree,Software Engineer,1.0,50000.0,Software Engineer Bachelor's Degree 1.0 years experience Female 23.0 years old
32.0,Male,Master's Degree,Product Manager,7.0,110000.0,Product Manager Master's Degree 7.0 years experience Male 32.0 years old
25.0,Female,Master's Degree,Software Engineer,2.0,60000.0,Software Engineer Master's Degree 2.0 years experience Female 25.0 years old
37.0,Male,Bachelor's Degree,Data Analyst,11.0,160000.0,Data Analyst Bachelor's Degree 11.0 years experience Male 37.0 years old
28.0,Male,Bachelor's Degree,Software Engineer,4.0,75000.0,Software Engineer Bachelor's Degree 4.0 years experience Male 28.0 years old
41.0,Female,PhD,Director of Data Science,16.0,200000.0,Director of Data Science PhD 16.0 years experience Female 41.0 years old
34.0,Male,Master's Degree,Data Analyst,8.0,100000.0,Data Analyst Master's Degree 8.0 years experience Male 34.0 years old
24.0,Female,Bachelor's Degree,Software Developer,2.0,55000.0,Software Developer Bachelor's Degree 2.0 years experience Female 24.0 years old
36.0,Male,PhD,Senior Data Scientist,12.0,170000.0,Senior Data Scientist PhD 12.0 years experience Male 36.0 years old
30.0,Female,Bachelor's Degree,Software Engineer,5.0,90000.0,Software Engineer Bachelor's Degree 5.0 years experience Female 30.0 years old
29.0,Male,Bachelor's Degree,Front End Developer,4.0,80000.0,Front End Developer Bachelor's Degree 4.0 years experience Male 29.0 years old
42.0,Male,Master's Degree,Product Manager,14.0,180000.0,Product Manager Master's Degree 14.0 years experience Male 42.0 years old
26.0,Male,Bachelor's Degree,Software Developer,2.0,60000.0,Software Developer Bachelor's Degree 2.0 years experience Male 26.0 years old
35.0,Female,Master's Degree,Data Analyst,9.0,120000.0,Data Analyst Master's Degree 9.0 years experience Female 35.0 years old
27.0,Female,Bachelor's Degree,Software Engineer,3.0,70000.0,Software Engineer Bachelor's Degree 3.0 years experience Female 27.0 years old
48.0,Male,PhD,Director of Data Science,18.0,210000.0,Director of Data Science PhD 18.0 years experience Male 48.0 years old
34.0,Male,Master's Degree,Data Scientist,9.0,140000.0,Data Scientist Master's Degree 9.0 years experience Male 34.0 years old
23.0,Female,Bachelor's Degree,Software Engineer,1.0,50000.0,Software Engineer Bachelor's Degree 1.0 years experience Female 23.0 years old
32.0,Male,Master's Degree,Product Manager,7.0,110000.0,Product Manager Master's Degree 7.0 years experience Male 32.0 years old
25.0,Female,Master's Degree,Software Engineer,2.0,60000.0,Software Engineer Master's Degree 2.0 years experience Female 25.0 years old
37.0,Male,Bachelor's Degree,Data Analyst,11.0,160000.0,Data Analyst Bachelor's Degree 11.0 years experience Male 37.0 years old
28.0,Male,Bachelor's Degree,Software Engineer,4.0,75000.0,Software Engineer Bachelor's Degree 4.0 years experience Male 28.0 years old
41.0,Female,PhD,Director of Data Science,16.0,200000.0,Director of Data Science PhD 16.0 years experience Female 41.0 years old
34.0,Male,Master's Degree,Data Analyst,8.0,100000.0,Data Analyst Master's Degree 8.0 years experience Male 34.0 years old
24.0,Female,Bachelor's Degree,Software Developer,2.0,55000.0,Software Developer Bachelor's Degree 2.0 years experience Female 24.0 years old
36.0,Male,PhD,Senior Data Scientist,12.0,170000.0,Senior Data Scientist PhD 12.0 years experience Male 36.0 years old
30.0,Female,Bachelor's Degree,Software Engineer,5.0,90000.0,Software Engineer Bachelor's Degree 5.0 years experience Female 30.0 years old
29.0,Male,Bachelor's Degree,Front End Developer,4.0,80000.0,Front End Developer Bachelor's Degree 4.0 years experience Male 29.0 years old
42.0,Male,Master's Degree,Product Manager,14.0,180000.0,Product Manager Master's Degree 14.0 years experience Male 42.0 years old
26.0,Male,Bachelor's Degree,Software Developer,2.0,60000.0,Software Developer Bachelor's Degree 2.0 years experience Male 26.0 years old
35.0,Female,Master's Degree,Data Analyst,9.0,120000.0,Data Analyst Master's Degree 9.0 years experience Female 35.0 years old
27.0,Female,Bachelor's Degree,Software Engineer,3.0,70000.0,Software Engineer Bachelor's Degree 3.0 years experience Female 27.0 years old
48.0,Male,PhD,Director of Data Science,18.0,210000.0,Director of Data Science PhD 18.0 years experience Male 48.0 years old
34.0,Male,Master's Degree,Data Scientist,9.0,140000.0,Data Scientist Master's Degree 9.0 years experience Male 34.0 years old
23.0,Female,Bachelor's Degree,Software Engineer,1.0,50000.0,Software Engineer Bachelor's Degree 1.0 years experience Female 23.0 years old
32.0,Male,Master's Degree,Product Manager,7.0,110000.0,Product Manager Master's Degree 7.0 years experience Male 32.0 years old
25.0,Female,Master's Degree,Software Engineer,2.0,60000.0,Software Engineer Master's Degree 2.0 years experience Female 25.0 years old
37.0,Male,Bachelor's Degree,Data Analyst,11.0,160000.0,Data Analyst Bachelor's Degree 11.0 years experience Male 37.0 years old
28.0,Male,Bachelor's Degree,Software Engineer,4.0,75000.0,Software Engineer Bachelor's Degree 4.0 years experience Male 28.0 years old
41.0,Female,PhD,Director of Data Science,16.0,200000.0,Director of Data Science PhD 16.0 years experience Female 41.0 years old
34.0,Male,Master's Degree,Data Analyst,8.0,100000.0,Data Analyst Master's Degree 8.0 years experience Male 34.0 years old
24.0,Female,Bachelor's Degree,Software Developer,2.0,55000.0,Software Developer Bachelor's Degree 2.0 years experience Female 24.0 years old
36.0,Male,PhD,Senior Data Scientist,12.0,170000.0,Senior Data Scientist PhD 12.0 years experience Male 36.0 years old
30.0,Female,Bachelor's Degree,Software Engineer,5.0,90000.0,Software Engineer Bachelor's Degree 5.0 years experience Female 30.0 years old
29.0,Male,Bachelor's Degree,Front End Developer,4.0,80000.0,Front End Developer Bachelor's Degree 4.0 years experience Male 29.0 years old
42.0,Male,Master's Degree,Product Manager,14.0,180000.0,Product Manager Master's Degree 14.0 years experience Male 42.0 years old
26.0,Male,Bachelor's Degree,Software Developer,2.0,60000.0,Software Developer Bachelor's Degree 2.0 years experience Male 26.0 years old
35.0,Female,Master's Degree,Data Analyst,9.0,120000.0,Data Analyst Master's Degree 9.0 years experience Female 35.0 years old
27.0,Female,Bachelor's Degree,Software Engineer,3.0,70000.0,Software Engineer Bachelor's Degree 3.0 years experience Female 27.0 years old
48.0,Male,PhD,Director of Data Science,18.0,210000.0,Director of Data Science PhD 18.0 years experience Male 48.0 years old
34.0,Male,Master's Degree,Data Scientist,9.0,140000.0,Data Scientist Master's Degree 9.0 years experience Male 34.0 years old
23.0,Female,Bachelor's Degree,Software Engineer,1.0,50000.0,Software Engineer Bachelor's Degree 1.0 years experience Female 23.0 years old
32.0,Male,Master's Degree,Product Manager,7.0,110000.0,Product Manager Master's Degree 7.0 years experience Male 32.0 years old
25.0,Female,Master's Degree,Software Engineer,2.0,60000.0,Software Engineer Master's Degree 2.0 years experience Female 25.0 years old
37.0,Male,Bachelor's Degree,Data Analyst,11.0,160000.0,Data Analyst Bachelor's Degree 11.0 years experience Male 37.0 years old
28.0,Male,Bachelor's Degree,Software Engineer,4.0,75000.0,Software Engineer Bachelor's Degree 4.0 years experience Male 28.0 years old
41.0,Female,PhD,Director of Data Science,16.0,200000.0,Director of Data Science PhD 16.0 years experience Female 41.0 years old
34.0,Male,Master's Degree,Data Analyst,8.0,100000.0,Data Analyst Master's Degree 8.0 years experience Male 34.0 years old
24.0,Female,Bachelor's Degree,Software Developer,2.0,55000.0,Software Developer Bachelor's Degree 2.0 years experience Female 24.0 years old
36.0,Male,PhD,Senior Data Scientist,12.0,170000.0,Senior Data Scientist PhD 12.0 years experience Male 36.0 years old
30.0,Female,Bachelor's Degree,Software Engineer,5.0,90000.0,Software Engineer Bachelor's Degree 5.0 years experience Female 30.0 years old
29.0,Male,Bachelor's Degree,Front End Developer,4.0,80000.0,Front End Developer Bachelor's Degree 4.0 years experience Male 29.0 years old
42.0,Male,Master's Degree,Product Manager,14.0,180000.0,Product Manager Master's Degree 14.0 years experience Male 42.0 years old
26.0,Male,Bachelor's Degree,Software Developer,2.0,60000.0,Software Developer Bachelor's Degree 2.0 years experience Male 26.0 years old
35.0,Female,Master's Degree,Data Analyst,9.0,120000.0,Data Analyst Master's Degree 9.0 years experience Female 35.0 years old
27.0,Female,Bachelor's Degree,Software Engineer,3.0,70000.0,Software Engineer Bachelor's Degree 3.0 years experience Female 27.0 years old
48.0,Male,PhD,Director of Data Science,18.0,210000.0,Director of Data Science PhD 18.0 years experience Male 48.0 years old
34.0,Male,Master's Degree,Data Scientist,9.0,140000.0,Data Scientist Master's Degree 9.0 years experience Male 34.0 years old
23.0,Female,Bachelor's Degree,Software Engineer,1.0,50000.0,Software Engineer Bachelor's Degree 1.0 years experience Female 23.0 years old
32.0,Male,Master's Degree,Product Manager,7.0,110000.0,Product Manager Master's Degree 7.0 years experience Male 32.0 years old
25.0,Female,Master's Degree,Software Engineer,2.0,60000.0,Software Engineer Master's Degree 2.0 years experience Female 25.0 years old
37.0,Male,Bachelor's Degree,Data Analyst,11.0,160000.0,Data Analyst Bachelor's Degree 11.0 years experience Male 37.0 years old
28.0,Male,Bachelor's Degree,Software Engineer,4.0,75000.0,Software Engineer Bachelor's Degree 4.0 years experience Male 28.0 years old
41.0,Female,PhD,Director of Data Science,16.0,200000.0,Director of Data Science PhD 16.0 years experience Female 41.0 years old
34.0,Male,Master's Degree,Data Analyst,8.0,100000.0,Data Analyst Master's Degree 8.0 years experience Male 34.0 years old
24.0,Female,Bachelor's Degree,Software Developer,2.0,55000.0,Software Developer Bachelor's Degree 2.0 years experience Female 24.0 years old
36.0,Male,PhD,Senior Data Scientist,12.0,170000.0,Senior Data Scientist PhD 12.0 years experience Male 36.0 years old
30.0,Female,Bachelor's Degree,Software Engineer,5.0,90000.0,Software Engineer Bachelor's Degree 5.0 years experience Female 30.0 years old
29.0,Male,Bachelor's Degree,Front End Developer,4.0,80000.0,Front End Developer Bachelor's Degree 4.0 years experience Male 29.0 years old
42.0,Male,Master's Degree,Product Manager,14.0,180000.0,Product Manager Master's Degree 14.0 years experience Male 42.0 years old
26.0,Male,Bachelor's Degree,Software Developer,2.0,60000.0,Software Developer Bachelor's Degree 2.0 years experience Male 26.0 years old
35.0,Female,Master's Degree,Data Analyst,9.0,120000.0,Data Analyst Master's Degree 9.0 years experience Female 35.0 years old
27.0,Female,Bachelor's Degree,Software Engineer,3.0,70000.0,Software Engineer Bachelor's Degree 3.0 years experience Female 27.0 years old
48.0,Male,PhD,Director of Data Science,18.0,210000.0,Director of Data Science PhD 18.0 years experience Male 48.0 years old
34.0,Male,Master's Degree,Data Scientist,9.0,140000.0,Data Scientist Master's Degree 9.0 years experience Male 34.0 years old
23.0,Female,Bachelor's Degree,Software Engineer,1.0,50000.0,Software Engineer Bachelor's Degree 1.0 years experience Female 23.0 years old
32.0,Male,Master's Degree,Product Manager,7.0,110000.0,Product Manager Master's Degree 7.0 years experience Male 32.0 years old
25.0,Female,Master's Degree,Software Engineer,2.0,60000.0,Software Engineer Master's Degree 2.0 years experience Female 25.0 years old
37.0,Male,Bachelor's Degree,Data Analyst,11.0,160000.0,Data Analyst Bachelor's Degree 11.0 years experience Male 37.0 years old
28.0,Male,Bachelor's Degree,Software Engineer,4.0,75000.0,Software Engineer Bachelor's Degree 4.0 years experience Male 28.0 years old
41.0,Female,PhD,Director of Data Science,16.0,200000.0,Director of Data Science PhD 16.0 years experience Female 41.0 years old
34.0,Male,Master's Degree,Data Analyst,8.0,100000.0,Data Analyst Master's Degree 8.0 years experience Male 34.0 years old
24.0,Female,Bachelor's Degree,Software Developer,2.0,55000.0,Software Developer Bachelor's Degree 2.0 years experience Female 24.0 years old
36.0,Male,PhD,Senior Data Scientist,12.0,170000.0,Senior Data Scientist PhD 12.0 years experience Male 36.0 years old
30.0,Female,Bachelor's Degree,Software Engineer,5.0,90000.0,Software Engineer Bachelor's Degree 5.0 years experience Female 30.0 years old
29.0,Male,Bachelor's Degree,Front End Developer,4.0,80000.0,Front End Developer Bachelor's Degree 4.0 years experience Male 29.0 years old
42.0,Male,Master's Degree,Product Manager,14.0,180000.0,Product Manager Master's Degree 14.0 years experience Male 42.0 years old
26.0,Male,Bachelor's Degree,Software Developer,2.0,60000.0,Software Developer Bachelor's Degree 2.0 years experience Male 26.0 years old
35.0,Female,Master's Degree,Data Analyst,9.0,120000.0,Data Analyst Master's Degree 9.0 years experience Female 35.0 years old
27.0,Female,Bachelor's Degree,Software Engineer,3.0,70000.0,Software Engineer Bachelor's Degree 3.0 years experience Female 27.0 years old
48.0,Male,PhD,Director of Data Science,18.0,210000.0,Director of Data Science PhD 18.0 years experience Male 48.0 years old
34.0,Male,Master's Degree,Data Scientist,9.0,140000.0,Data Scientist Master's Degree 9.0 years experience Male 34.0 years old
23.0,Female,Bachelor's Degree,Software Engineer,1.0,50000.0,Software Engineer Bachelor's Degree 1.0 years experience Female 23.0 years old
32.0,Male,Master's Degree,Product Manager,7.0,110000.0,Product Manager Master's Degree 7.0 years experience Male 32.0 years old
25.0,Female,Master's Degree,Software Engineer,2.0,60000.0,Software Engineer Master's Degree 2.0 years experience Female 25.0 years old
37.0,Male,Bachelor's Degree,Data Analyst,11.0,160000.0,Data Analyst Bachelor's Degree 11.0 years experience Male 37.0 years old
28.0,Male,Bachelor's Degree,Software Engineer,4.0,75000.0,Software Engineer Bachelor's Degree 4.0 years experience Male 28.0 years old
41.0,Female,PhD,Director of Data Science,16.0,200000.0,Director of Data Science PhD 16.0 years experience Female 41.0 years old
34.0,Male,Master's Degree,Data Analyst,8.0,100000.0,Data Analyst Master's Degree 8.0 years experience Male 34.0 years old
24.0,Female,Bachelor's Degree,Software Developer,2.0,55000.0,Software Developer Bachelor's Degree 2.0 years experience Female 24.0 years old
36.0,Male,PhD,Senior Data Scientist,12.0,170000.0,Senior Data Scientist PhD 12.0 years experience Male 36.0 years old
30.0,Female,Bachelor's Degree,Software Engineer,5.0,90000.0,Software Engineer Bachelor's Degree 5.0 years experience Female 30.0 years old
29.0,Male,Bachelor's Degree,Front End Developer,4.0,80000.0,Front End Developer Bachelor's Degree 4.0 years experience Male 29.0 years old
42.0,Male,Master's Degree,Product Manager,14.0,180000.0,Product Manager Master's Degree 14.0 years experience Male 42.0 years old
26.0,Male,Bachelor's Degree,Software Developer,2.0,60000.0,Software Developer Bachelor's Degree 2.0 years experience Male 26.0 years old
35.0,Female,Master's Degree,Data Analyst,9.0,120000.0,Data Analyst Master's Degree 9.0 years experience Female 35.0 years old
28.0,Male,Master's Degree,Web Developer,5.0,80000.0,Web Developer Master's Degree 5.0 years experience Male 28.0 years old
30.0,Female,Bachelor's Degree,Junior HR Coordinator,4.0,60000.0,Junior HR Coordinator Bachelor's Degree 4.0 years experience Female 30.0 years old
25.0,Male,Bachelor's Degree,Junior Web Developer,2.0,50000.0,Junior Web Developer Bachelor's Degree 2.0 years experience Male 25.0 years old
45.0,Female,Master's Degree,Senior Human Resources Manager,18.0,160000.0,Senior Human Resources Manager Master's Degree 18.0 years experience Female 45.0 years old
33.0,Male,PhD,Director of HR,9.0,120000.0,Director of HR PhD 9.0 years experience Male 33.0 years old
22.0,Female,High School,Junior HR Generalist,0.0,40000.0,Junior HR Generalist High School 0.0 years experience Female 22.0 years old
36.0,Male,Bachelor's Degree,Web Developer,10.0,100000.0,Web Developer Bachelor's Degree 10.0 years experience Male 36.0 years old
29.0,Female,Master's Degree,Senior HR Generalist,4.0,75000.0,Senior HR Generalist Master's Degree 4.0 years experience Female 29.0 years old
42.0,Male,PhD,Director of HR,16.0,140000.0,Director of HR PhD 16.0 years experience Male 42.0 years old
27.0,Female,Bachelor's Degree,Junior HR Coordinator,2.0,50000.0,Junior HR Coordinator Bachelor's Degree 2.0 years experience Female 27.0 years old
38.0,Male,Master's Degree,Senior Human Resources Manager,11.0,110000.0,Senior Human Resources Manager Master's Degree 11.0 years experience Male 38.0 years old
24.0,Female,Bachelor's Degree,Web Developer,1.0,45000.0,Web Developer Bachelor's Degree 1.0 years experience Female 24.0 years old
31.0,Male,High School,Junior Web Developer,4.0,55000.0,Junior Web Developer High School 4.0 years experience Male 31.0 years old
39.0,Female,PhD,Director of HR,13.0,130000.0,Director of HR PhD 13.0 years experience Female 39.0 years old
26.0,Male,Bachelor's Degree,Junior HR Generalist,2.0,50000.0,Junior HR Generalist Bachelor's Degree 2.0 years experience Male 26.0 years old
32.0,Female,Master's Degree,Senior HR Generalist,7.0,80000.0,Senior HR Generalist Master's Degree 7.0 years experience Female 32.0 years old
32.0,Male,Bachelor's Degree,Junior Web Developer,2.0,45000.0,Junior Web Developer Bachelor's Degree 2.0 years experience Male 32.0 years old
24.0,Female,High School,Junior HR Generalist,1.0,32000.0,Junior HR Generalist High School 1.0 years experience Female 24.0 years old
45.0,Male,PhD,Senior Human Resources Manager,12.0,120000.0,Senior Human Resources Manager PhD 12.0 years experience Male 45.0 years old
29.0,Female,Master's Degree,Web Developer,4.0,65000.0,Web Developer Master's Degree 4.0 years experience Female 29.0 years old
38.0,Male,Bachelor's Degree,Senior HR Generalist,8.0,95000.0,Senior HR Generalist Bachelor's Degree 8.0 years experience Male 38.0 years old
27.0,Female,Master's Degree,Director of HR,5.0,80000.0,Director of HR Master's Degree 5.0 years experience Female 27.0 years old
31.0,Female,High School,Junior HR Coordinator,3.0,38000.0,Junior HR Coordinator High School 3.0 years experience Female 31.0 years old
42.0,Male,Master's Degree,Web Developer,10.0,110000.0,Web Developer Master's Degree 10.0 years experience Male 42.0 years old
26.0,Female,Bachelor's Degree,Junior Web Developer,2.0,45000.0,Junior Web Developer Bachelor's Degree 2.0 years experience Female 26.0 years old
36.0,Male,Master's Degree,Senior HR Generalist,7.0,89000.0,Senior HR Generalist Master's Degree 7.0 years experience Male 36.0 years old
28.0,Male,High School,Junior HR Generalist,1.0,32000.0,Junior HR Generalist High School 1.0 years experience Male 28.0 years old
33.0,Female,Bachelor's Degree,Web Developer,5.0,70000.0,Web Developer Bachelor's Degree 5.0 years experience Female 33.0 years old
46.0,Male,PhD,Director of HR,15.0,150000.0,Director of HR PhD 15.0 years experience Male 46.0 years old
25.0,Female,Bachelor's Degree,Junior Web Developer,1.0,40000.0,Junior Web Developer Bachelor's Degree 1.0 years experience Female 25.0 years old
37.0,Female,Master's Degree,Senior Human Resources Manager,9.0,105000.0,Senior Human Resources Manager Master's Degree 9.0 years experience Female 37.0 years old
30.0,Male,Master's Degree,Web Developer,4.0,65000.0,Web Developer Master's Degree 4.0 years experience Male 30.0 years old
43.0,Female,PhD,Director of HR,14.0,140000.0,Director of HR PhD 14.0 years experience Female 43.0 years old
34.0,Male,Bachelor's Degree,Junior Web Developer,3.0,50000.0,Junior Web Developer Bachelor's Degree 3.0 years experience Male 34.0 years old
26.0,Female,High School,Junior HR Generalist,2.0,35000.0,Junior HR Generalist High School 2.0 years experience Female 26.0 years old
41.0,Male,Master's Degree,Senior HR Generalist,11.0,115000.0,Senior HR Generalist Master's Degree 11.0 years experience Male 41.0 years old
29.0,Female,Master's Degree,Web Developer,5.0,70000.0,Web Developer Master's Degree 5.0 years experience Female 29.0 years old
35.0,Male,Bachelor's Degree,Web Developer,6.0,80000.0,Web Developer Bachelor's Degree 6.0 years experience Male 35.0 years old
27.0,Female,High School,Junior HR Coordinator,1.0,30000.0,Junior HR Coordinator High School 1.0 years experience Female 27.0 years old
40.0,Male,PhD,Director of HR,13.0,135000.0,Director of HR PhD 13.0 years experience Male 40.0 years old
23.0,Female,Bachelor's Degree,Junior Web Developer,1.0,40000.0,Junior Web Developer Bachelor's Degree 1.0 years experience Female 23.0 years old
39.0,Male,Master's Degree,Senior HR Generalist,10.0,105000.0,Senior HR Generalist Master's Degree 10.0 years experience Male 39.0 years old
31.0,Male,High School,Junior HR Generalist,2.0,35000.0,Junior HR Generalist High School 2.0 years experience Male 31.0 years old
44.0,Female,PhD,Senior Human Resources Manager,12.0,120000.0,Senior Human Resources Manager PhD 12.0 years experience Female 44.0 years old
28.0,Male,Master's Degree,Web Developer,3.0,55000.0,Web Developer Master's Degree 3.0 years experience Male 28.0 years old
32.0,Female,Bachelor's Degree,Junior Web Developer,2.0,45000.0,Junior Web Developer Bachelor's Degree 2.0 years experience Female 32.0 years old
45.0,Male,Master's Degree,Director of HR,14.0,140000.0,Director of HR Master's Degree 14.0 years experience Male 45.0 years old
26.0,Female,Bachelor's Degree,Web Developer,3.0,55000.0,Web Developer Bachelor's Degree 3.0 years experience Female 26.0 years old
38.0,Male,PhD,Senior Human Resources Manager,11.0,115000.0,Senior Human Resources Manager PhD 11.0 years experience Male 38.0 years old
27.0,Female,Master's Degree,Senior HR Generalist,4.0,70000.0,Senior HR Generalist Master's Degree 4.0 years experience Female 27.0 years old
33.0,Male,High School,Junior HR Coordinator,3.0,38000.0,Junior HR Coordinator High School 3.0 years experience Male 33.0 years old
42.0,Female,Master's Degree,Director of HR,13.0,135000.0,Director of HR Master's Degree 13.0 years experience Female 42.0 years old
29.0,Male,Bachelor's Degree,Junior Web Developer,2.0,45000.0,Junior Web Developer Bachelor's Degree 2.0 years experience Male 29.0 years old
36.0,Female,Master's Degree,Web Developer,7.0,85000.0,Web Developer Master's Degree 7.0 years experience Female 36.0 years old
30.0,Male,High School,Junior HR Generalist,1.0,32000.0,Junior HR Generalist High School 1.0 years experience Male 30.0 years old
43.0,Female,PhD,Senior Human Resources Manager,15.0,150000.0,Senior Human Resources Manager PhD 15.0 years experience Female 43.0 years old
34.0,Male,Bachelor's Degree,Web Developer,4.0,65000.0,Web Developer Bachelor's Degree 4.0 years experience Male 34.0 years old
25.0,Female,Master's Degree,Junior HR Generalist,1.0,32000.0,Junior HR Generalist Master's Degree 1.0 years experience Female 25.0 years old
37.0,Male,PhD,Director of HR,12.0,120000.0,Director of HR PhD 12.0 years experience Male 37.0 years old
24.0,Female,Bachelor's Degree,Junior Web Developer,1.0,40000.0,Junior Web Developer Bachelor's Degree 1.0 years experience Female 24.0 years old
39.0,Male,Master's Degree,Senior HR Generalist,9.0,95000.0,Senior HR Generalist Master's Degree 9.0 years experience Male 39.0 years old
31.0,Male,High School,Junior HR Generalist,2.0,35000.0,Junior HR Generalist High School 2.0 years experience Male 31.0 years old
44.0,Female,PhD,Director of HR,14.0,140000.0,Director of HR PhD 14.0 years experience Female 44.0 years old
28.0,Male,Bachelor's Degree,Web Developer,3.0,55000.0,Web Developer Bachelor's Degree 3.0 years experience Male 28.0 years old
32.0,Female,Master's Degree,Senior Human Resources Manager,6.0,80000.0,Senior Human Resources Manager Master's Degree 6.0 years experience Female 32.0 years old
45.0,Male,PhD,Director of HR,13.0,135000.0,Director of HR PhD 13.0 years experience Male 45.0 years old
26.0,Female,Bachelor's Degree,Junior Web Developer,2.0,45000.0,Junior Web Developer Bachelor's Degree 2.0 years experience Female 26.0 years old
38.0,Male,Master's Degree,Senior HR Generalist,8.0,95000.0,Senior HR Generalist Master's Degree 8.0 years experience Male 38.0 years old
27.0,Female,High School,Junior HR Generalist,1.0,32000.0,Junior HR Generalist High School 1.0 years experience Female 27.0 years old
33.0,Male,Bachelor's Degree,Web Developer,5.0,70000.0,Web Developer Bachelor's Degree 5.0 years experience Male 33.0 years old
42.0,Female,Master's Degree,Director of HR,12.0,120000.0,Director of HR Master's Degree 12.0 years experience Female 42.0 years old
29.0,Male,Master's Degree,Senior Human Resources Manager,4.0,70000.0,Senior Human Resources Manager Master's Degree 4.0 years experience Male 29.0 years old
36.0,Female,Master's Degree,Web Developer,7.0,85000.0,Web Developer Master's Degree 7.0 years experience Female 36.0 years old
30.0,Male,High School,Junior HR Coordinator,2.0,33000.0,Junior HR Coordinator High School 2.0 years experience Male 30.0 years old
43.0,Female,PhD,Senior Human Resources Manager,15.0,150000.0,Senior Human Resources Manager PhD 15.0 years experience Female 43.0 years old
34.0,Male,Bachelor's Degree,Junior Web Developer,3.0,50000.0,Junior Web Developer Bachelor's Degree 3.0 years experience Male 34.0 years old
25.0,Female,Master's Degree,Junior HR Generalist,1.0,32000.0,Junior HR Generalist Master's Degree 1.0 years experience Female 25.0 years old
37.0,Male,PhD,Director of HR,11.0,115000.0,Director of HR PhD 11.0 years experience Male 37.0 years old
24.0,Female,Bachelor's Degree,Web Developer,1.0,40000.0,Web Developer Bachelor's Degree 1.0 years experience Female 24.0 years old
39.0,Male,Master's Degree,Senior HR Generalist,10.0,105000.0,Senior HR Generalist Master's Degree 10.0 years experience Male 39.0 years old
31.0,Male,High School,Junior HR Generalist,2.0,35000.0,Junior HR Generalist High School 2.0 years experience Male 31.0 years old
44.0,Female,PhD,Director of HR,13.0,135000.0,Director of HR PhD 13.0 years experience Female 44.0 years old
28.0,Male,Bachelor's Degree,Web Developer,4.0,65000.0,Web Developer Bachelor's Degree 4.0 years experience Male 28.0 years old
32.0,Female,Master's Degree,Senior Human Resources Manager,6.0,80000.0,Senior Human Resources Manager Master's Degree 6.0 years experience Female 32.0 years old
45.0,Male,PhD,Director of HR,14.0,140000.0,Director of HR PhD 14.0 years experience Male 45.0 years old
26.0,Female,Bachelor's Degree,Junior Web Developer,2.0,45000.0,Junior Web Developer Bachelor's Degree 2.0 years experience Female 26.0 years old
38.0,Male,Master's Degree,Senior HR Generalist,8.0,95000.0,Senior HR Generalist Master's Degree 8.0 years experience Male 38.0 years old
27.0,Female,High School,Junior HR Generalist,1.0,32000.0,Junior HR Generalist High School 1.0 years experience Female 27.0 years old
33.0,Male,Bachelor's Degree,Web Developer,5.0,70000.0,Web Developer Bachelor's Degree 5.0 years experience Male 33.0 years old
42.0,Female,Master's Degree,Director of HR,12.0,120000.0,Director of HR Master's Degree 12.0 years experience Female 42.0 years old
29.0,Male,Master's Degree,Senior Human Resources Manager,4.0,70000.0,Senior Human Resources Manager Master's Degree 4.0 years experience Male 29.0 years old
36.0,Female,Master's Degree,Web Developer,7.0,85000.0,Web Developer Master's Degree 7.0 years experience Female 36.0 years old
30.0,Male,High School,Junior HR Coordinator,2.0,33000.0,Junior HR Coordinator High School 2.0 years experience Male 30.0 years old
43.0,Female,PhD,Senior Human Resources Manager,15.0,150000.0,Senior Human Resources Manager PhD 15.0 years experience Female 43.0 years old
34.0,Male,Bachelor's Degree,Junior Web Developer,3.0,50000.0,Junior Web Developer Bachelor's Degree 3.0 years experience Male 34.0 years old
25.0,Female,Master's Degree,Junior HR Generalist,1.0,32000.0,Junior HR Generalist Master's Degree 1.0 years experience Female 25.0 years old
37.0,Male,PhD,Director of HR,11.0,115000.0,Director of HR PhD 11.0 years experience Male 37.0 years old
24.0,Female,Bachelor's Degree,Web Developer,1.0,40000.0,Web Developer Bachelor's Degree 1.0 years experience Female 24.0 years old
39.0,Male,Master's Degree,Senior HR Generalist,10.0,105000.0,Senior HR Generalist Master's Degree 10.0 years experience Male 39.0 years old
31.0,Male,High School,Junior HR Generalist,2.0,35000.0,Junior HR Generalist High School 2.0 years experience Male 31.0 years old
44.0,Female,PhD,Director of HR,13.0,135000.0,Director of HR PhD 13.0 years experience Female 44.0 years old
28.0,Male,Bachelor's Degree,Web Developer,4.0,65000.0,Web Developer Bachelor's Degree 4.0 years experience Male 28.0 years old
32.0,Female,Master's Degree,Senior Human Resources Manager,6.0,80000.0,Senior Human Resources Manager Master's Degree 6.0 years experience Female 32.0 years old
45.0,Male,PhD,Director of HR,14.0,140000.0,Director of HR PhD 14.0 years experience Male 45.0 years old
26.0,Female,Bachelor's Degree,Junior Web Developer,2.0,45000.0,Junior Web Developer Bachelor's Degree 2.0 years experience Female 26.0 years old
38.0,Male,Master's Degree,Senior HR Generalist,8.0,95000.0,Senior HR Generalist Master's Degree 8.0 years experience Male 38.0 years old
27.0,Female,High School,Junior HR Generalist,1.0,32000.0,Junior HR Generalist High School 1.0 years experience Female 27.0 years old
33.0,Male,Bachelor's Degree,Web Developer,5.0,70000.0,Web Developer Bachelor's Degree 5.0 years experience Male 33.0 years old
42.0,Female,Master's Degree,Director of HR,12.0,120000.0,Director of HR Master's Degree 12.0 years experience Female 42.0 years old
29.0,Male,Master's Degree,Senior Human Resources Manager,4.0,70000.0,Senior Human Resources Manager Master's Degree 4.0 years experience Male 29.0 years old
36.0,Female,Master's Degree,Web Developer,7.0,85000.0,Web Developer Master's Degree 7.0 years experience Female 36.0 years old
30.0,Male,High School,Junior HR Coordinator,2.0,33000.0,Junior HR Coordinator High School 2.0 years experience Male 30.0 years old
43.0,Female,PhD,Senior Human Resources Manager,15.0,150000.0,Senior Human Resources Manager PhD 15.0 years experience Female 43.0 years old
34.0,Male,Bachelor's Degree,Junior Web Developer,3.0,50000.0,Junior Web Developer Bachelor's Degree 3.0 years experience Male 34.0 years old
25.0,Female,Master's Degree,Junior HR Generalist,1.0,32000.0,Junior HR Generalist Master's Degree 1.0 years experience Female 25.0 years old
37.0,Male,PhD,Director of HR,11.0,115000.0,Director of HR PhD 11.0 years experience Male 37.0 years old
24.0,Female,Bachelor's Degree,Web Developer,1.0,40000.0,Web Developer Bachelor's Degree 1.0 years experience Female 24.0 years old
39.0,Male,Master's Degree,Senior HR Generalist,10.0,105000.0,Senior HR Generalist Master's Degree 10.0 years experience Male 39.0 years old
31.0,Male,High School,Junior HR Generalist,2.0,35000.0,Junior HR Generalist High School 2.0 years experience Male 31.0 years old
44.0,Female,PhD,Director of HR,13.0,135000.0,Director of HR PhD 13.0 years experience Female 44.0 years old
28.0,Male,Bachelor's Degree,Web Developer,4.0,65000.0,Web Developer Bachelor's Degree 4.0 years experience Male 28.0 years old
32.0,Female,Master's Degree,Senior Human Resources Manager,6.0,80000.0,Senior Human Resources Manager Master's Degree 6.0 years experience Female 32.0 years old
45.0,Male,PhD,Director of HR,14.0,140000.0,Director of HR PhD 14.0 years experience Male 45.0 years old
26.0,Female,Bachelor's Degree,Junior Web Developer,2.0,45000.0,Junior Web Developer Bachelor's Degree 2.0 years experience Female 26.0 years old
38.0,Male,Master's Degree,Senior HR Generalist,8.0,95000.0,Senior HR Generalist Master's Degree 8.0 years experience Male 38.0 years old
27.0,Female,High School,Junior HR Generalist,1.0,32000.0,Junior HR Generalist High School 1.0 years experience Female 27.0 years old
33.0,Male,Bachelor's Degree,Web Developer,5.0,70000.0,Web Developer Bachelor's Degree 5.0 years experience Male 33.0 years old
42.0,Female,Master's Degree,Director of HR,12.0,120000.0,Director of HR Master's Degree 12.0 years experience Female 42.0 years old
29.0,Male,Master's Degree,Senior Human Resources Manager,4.0,70000.0,Senior Human Resources Manager Master's Degree 4.0 years experience Male 29.0 years old
36.0,Female,Master's Degree,Web Developer,7.0,85000.0,Web Developer Master's Degree 7.0 years experience Female 36.0 years old
30.0,Male,High School,Junior HR Coordinator,2.0,33000.0,Junior HR Coordinator High School 2.0 years experience Male 30.0 years old
43.0,Female,PhD,Senior Human Resources Manager,15.0,150000.0,Senior Human Resources Manager PhD 15.0 years experience Female 43.0 years old
34.0,Male,Bachelor's Degree,Junior Web Developer,3.0,50000.0,Junior Web Developer Bachelor's Degree 3.0 years experience Male 34.0 years old
25.0,Female,Master's Degree,Junior HR Generalist,1.0,32000.0,Junior HR Generalist Master's Degree 1.0 years experience Female 25.0 years old
37.0,Male,PhD,Director of HR,11.0,115000.0,Director of HR PhD 11.0 years experience Male 37.0 years old
32.0,Male,Bachelor's Degree,Junior Web Developer,2.0,45000.0,Junior Web Developer Bachelor's Degree 2.0 years experience Male 32.0 years old
24.0,Female,High School,Junior HR Generalist,1.0,32000.0,Junior HR Generalist High School 1.0 years experience Female 24.0 years old
45.0,Male,PhD,Senior Human Resources Manager,12.0,120000.0,Senior Human Resources Manager PhD 12.0 years experience Male 45.0 years old
29.0,Female,Master's Degree,Web Developer,4.0,65000.0,Web Developer Master's Degree 4.0 years experience Female 29.0 years old
38.0,Male,Bachelor's Degree,Senior HR Generalist,8.0,95000.0,Senior HR Generalist Bachelor's Degree 8.0 years experience Male 38.0 years old
27.0,Female,Master's Degree,Director of HR,5.0,80000.0,Director of HR Master's Degree 5.0 years experience Female 27.0 years old
31.0,Female,High School,Junior HR Coordinator,3.0,38000.0,Junior HR Coordinator High School 3.0 years experience Female 31.0 years old
42.0,Male,Master's Degree,Web Developer,10.0,110000.0,Web Developer Master's Degree 10.0 years experience Male 42.0 years old
26.0,Female,Bachelor's Degree,Junior Web Developer,2.0,45000.0,Junior Web Developer Bachelor's Degree 2.0 years experience Female 26.0 years old
36.0,Male,Master's Degree,Senior HR Generalist,7.0,89000.0,Senior HR Generalist Master's Degree 7.0 years experience Male 36.0 years old
28.0,Male,High School,Junior HR Generalist,1.0,32000.0,Junior HR Generalist High School 1.0 years experience Male 28.0 years old
33.0,Female,Bachelor's Degree,Web Developer,5.0,70000.0,Web Developer Bachelor's Degree 5.0 years experience Female 33.0 years old
46.0,Male,PhD,Director of HR,15.0,150000.0,Director of HR PhD 15.0 years experience Male 46.0 years old
25.0,Female,Bachelor's Degree,Junior Web Developer,1.0,40000.0,Junior Web Developer Bachelor's Degree 1.0 years experience Female 25.0 years old
37.0,Female,Master's Degree,Senior Human Resources Manager,9.0,105000.0,Senior Human Resources Manager Master's Degree 9.0 years experience Female 37.0 years old
30.0,Male,Master's Degree,Web Developer,4.0,65000.0,Web Developer Master's Degree 4.0 years experience Male 30.0 years old
43.0,Female,PhD,Director of HR,14.0,140000.0,Director of HR PhD 14.0 years experience Female 43.0 years old
34.0,Male,Bachelor's Degree,Junior Web Developer,3.0,50000.0,Junior Web Developer Bachelor's Degree 3.0 years experience Male 34.0 years old
26.0,Female,High School,Junior HR Generalist,2.0,35000.0,Junior HR Generalist High School 2.0 years experience Female 26.0 years old
41.0,Male,Master's Degree,Senior HR Generalist,11.0,115000.0,Senior HR Generalist Master's Degree 11.0 years experience Male 41.0 years old
29.0,Female,Master's Degree,Web Developer,5.0,70000.0,Web Developer Master's Degree 5.0 years experience Female 29.0 years old
35.0,Male,Bachelor's Degree,Web Developer,6.0,80000.0,Web Developer Bachelor's Degree 6.0 years experience Male 35.0 years old
27.0,Female,High School,Junior HR Coordinator,1.0,30000.0,Junior HR Coordinator High School 1.0 years experience Female 27.0 years old
40.0,Male,PhD,Director of HR,13.0,135000.0,Director of HR PhD 13.0 years experience Male 40.0 years old
23.0,Female,Bachelor's Degree,Junior Web Developer,1.0,40000.0,Junior Web Developer Bachelor's Degree 1.0 years experience Female 23.0 years old
39.0,Male,Master's Degree,Senior HR Generalist,10.0,105000.0,Senior HR Generalist Master's Degree 10.0 years experience Male 39.0 years old
31.0,Male,High School,Junior HR Generalist,2.0,35000.0,Junior HR Generalist High School 2.0 years experience Male 31.0 years old
44.0,Female,PhD,Senior Human Resources Manager,12.0,120000.0,Senior Human Resources Manager PhD 12.0 years experience Female 44.0 years old
28.0,Male,Master's Degree,Web Developer,3.0,55000.0,Web Developer Master's Degree 3.0 years experience Male 28.0 years old
32.0,Female,Bachelor's Degree,Junior Web Developer,2.0,45000.0,Junior Web Developer Bachelor's Degree 2.0 years experience Female 32.0 years old
45.0,Male,Master's Degree,Director of HR,14.0,140000.0,Director of HR Master's Degree 14.0 years experience Male 45.0 years old
26.0,Female,Bachelor's Degree,Web Developer,3.0,55000.0,Web Developer Bachelor's Degree 3.0 years experience Female 26.0 years old
38.0,Male,PhD,Senior Human Resources Manager,11.0,115000.0,Senior Human Resources Manager PhD 11.0 years experience Male 38.0 years old
27.0,Female,Master's Degree,Senior HR Generalist,4.0,70000.0,Senior HR Generalist Master's Degree 4.0 years experience Female 27.0 years old
33.0,Male,High School,Junior HR Coordinator,3.0,38000.0,Junior HR Coordinator High School 3.0 years experience Male 33.0 years old
42.0,Female,Master's Degree,Director of HR,13.0,135000.0,Director of HR Master's Degree 13.0 years experience Female 42.0 years old
29.0,Male,Bachelor's Degree,Junior Web Developer,2.0,45000.0,Junior Web Developer Bachelor's Degree 2.0 years experience Male 29.0 years old
36.0,Female,Master's Degree,Web Developer,7.0,85000.0,Web Developer Master's Degree 7.0 years experience Female 36.0 years old
30.0,Male,High School,Junior HR Generalist,1.0,32000.0,Junior HR Generalist High School 1.0 years experience Male 30.0 years old
43.0,Female,PhD,Senior Human Resources Manager,15.0,150000.0,Senior Human Resources Manager PhD 15.0 years experience Female 43.0 years old
34.0,Male,Bachelor's Degree,Web Developer,4.0,65000.0,Web Developer Bachelor's Degree 4.0 years experience Male 34.0 years old
25.0,Female,Master's Degree,Junior HR Generalist,1.0,32000.0,Junior HR Generalist Master's Degree 1.0 years experience Female 25.0 years old
37.0,Male,PhD,Director of HR,12.0,120000.0,Director of HR PhD 12.0 years experience Male 37.0 years old
24.0,Female,Bachelor's Degree,Junior Web Developer,1.0,40000.0,Junior Web Developer Bachelor's Degree 1.0 years experience Female 24.0 years old
39.0,Male,Master's Degree,Senior HR Generalist,9.0,95000.0,Senior HR Generalist Master's Degree 9.0 years experience Male 39.0 years old
31.0,Male,High School,Junior HR Generalist,2.0,35000.0,Junior HR Generalist High School 2.0 years experience Male 31.0 years old
44.0,Female,PhD,Director of HR,14.0,140000.0,Director of HR PhD 14.0 years experience Female 44.0 years old
28.0,Male,Bachelor's Degree,Web Developer,3.0,55000.0,Web Developer Bachelor's Degree 3.0 years experience Male 28.0 years old
32.0,Female,Master's Degree,Senior Human Resources Manager,6.0,80000.0,Senior Human Resources Manager Master's Degree 6.0 years experience Female 32.0 years old
45.0,Male,PhD,Director of HR,13.0,135000.0,Director of HR PhD 13.0 years experience Male 45.0 years old
26.0,Female,Bachelor's Degree,Junior Web Developer,2.0,45000.0,Junior Web Developer Bachelor's Degree 2.0 years experience Female 26.0 years old
38.0,Male,Master's Degree,Senior HR Generalist,8.0,95000.0,Senior HR Generalist Master's Degree 8.0 years experience Male 38.0 years old
27.0,Female,High School,Junior HR Generalist,1.0,32000.0,Junior HR Generalist High School 1.0 years experience Female 27.0 years old
33.0,Male,Bachelor's Degree,Web Developer,5.0,70000.0,Web Developer Bachelor's Degree 5.0 years experience Male 33.0 years old
42.0,Female,Master's Degree,Director of HR,12.0,120000.0,Director of HR Master's Degree 12.0 years experience Female 42.0 years old
29.0,Male,Master's Degree,Senior Human Resources Manager,4.0,70000.0,Senior Human Resources Manager Master's Degree 4.0 years experience Male 29.0 years old
36.0,Female,Master's Degree,Web Developer,7.0,85000.0,Web Developer Master's Degree 7.0 years experience Female 36.0 years old
30.0,Male,High School,Junior HR Coordinator,2.0,33000.0,Junior HR Coordinator High School 2.0 years experience Male 30.0 years old
43.0,Female,PhD,Senior Human Resources Manager,15.0,150000.0,Senior Human Resources Manager PhD 15.0 years experience Female 43.0 years old
34.0,Male,Bachelor's Degree,Junior Web Developer,3.0,50000.0,Junior Web Developer Bachelor's Degree 3.0 years experience Male 34.0 years old
25.0,Female,Master's Degree,Junior HR Generalist,1.0,32000.0,Junior HR Generalist Master's Degree 1.0 years experience Female 25.0 years old
37.0,Male,PhD,Director of HR,11.0,115000.0,Director of HR PhD 11.0 years experience Male 37.0 years old
24.0,Female,Bachelor's Degree,Web Developer,1.0,40000.0,Web Developer Bachelor's Degree 1.0 years experience Female 24.0 years old
39.0,Male,Master's Degree,Senior HR Generalist,10.0,105000.0,Senior HR Generalist Master's Degree 10.0 years experience Male 39.0 years old
31.0,Male,High School,Junior HR Generalist,2.0,35000.0,Junior HR Generalist High School 2.0 years experience Male 31.0 years old
44.0,Female,PhD,Director of HR,13.0,135000.0,Director of HR PhD 13.0 years experience Female 44.0 years old
28.0,Male,Bachelor's Degree,Web Developer,4.0,65000.0,Web Developer Bachelor's Degree 4.0 years experience Male 28.0 years old
32.0,Female,Master's Degree,Senior Human Resources Manager,6.0,80000.0,Senior Human Resources Manager Master's Degree 6.0 years experience Female 32.0 years old
45.0,Male,PhD,Director of HR,14.0,140000.0,Director of HR PhD 14.0 years experience Male 45.0 years old
26.0,Female,Bachelor's Degree,Junior Web Developer,2.0,45000.0,Junior Web Developer Bachelor's Degree 2.0 years experience Female 26.0 years old
38.0,Male,Master's Degree,Senior HR Generalist,8.0,95000.0,Senior HR Generalist Master's Degree 8.0 years experience Male 38.0 years old
27.0,Female,High School,Junior HR Generalist,1.0,32000.0,Junior HR Generalist High School 1.0 years experience Female 27.0 years old
33.0,Male,Bachelor's Degree,Web Developer,5.0,70000.0,Web Developer Bachelor's Degree 5.0 years experience Male 33.0 years old
42.0,Female,Master's Degree,Director of HR,12.0,120000.0,Director of HR Master's Degree 12.0 years experience Female 42.0 years old
29.0,Male,Master's Degree,Senior Human Resources Manager,4.0,70000.0,Senior Human Resources Manager Master's Degree 4.0 years experience Male 29.0 years old
36.0,Female,Master's Degree,Web Developer,7.0,85000.0,Web Developer Master's Degree 7.0 years experience Female 36.0 years old
30.0,Male,High School,Junior HR Coordinator,2.0,33000.0,Junior HR Coordinator High School 2.0 years experience Male 30.0 years old
43.0,Female,PhD,Senior Human Resources Manager,15.0,150000.0,Senior Human Resources Manager PhD 15.0 years experience Female 43.0 years old
34.0,Male,Bachelor's Degree,Junior Web Developer,3.0,50000.0,Junior Web Developer Bachelor's Degree 3.0 years experience Male 34.0 years old
25.0,Female,Master's Degree,Junior HR Generalist,1.0,32000.0,Junior HR Generalist Master's Degree 1.0 years experience Female 25.0 years old
37.0,Male,PhD,Director of HR,11.0,115000.0,Director of HR PhD 11.0 years experience Male 37.0 years old
24.0,Female,Bachelor's Degree,Web Developer,1.0,40000.0,Web Developer Bachelor's Degree 1.0 years experience Female 24.0 years old
39.0,Male,Master's Degree,Senior HR Generalist,10.0,105000.0,Senior HR Generalist Master's Degree 10.0 years experience Male 39.0 years old
31.0,Male,High School,Junior HR Generalist,2.0,35000.0,Junior HR Generalist High School 2.0 years experience Male 31.0 years old
44.0,Female,PhD,Director of HR,13.0,135000.0,Director of HR PhD 13.0 years experience Female 44.0 years old
28.0,Male,Bachelor's Degree,Web Developer,4.0,65000.0,Web Developer Bachelor's Degree 4.0 years experience Male 28.0 years old
32.0,Female,Master's Degree,Senior Human Resources Manager,6.0,80000.0,Senior Human Resources Manager Master's Degree 6.0 years experience Female 32.0 years old
45.0,Male,PhD,Director of HR,14.0,140000.0,Director of HR PhD 14.0 years experience Male 45.0 years old
26.0,Female,Bachelor's Degree,Junior Web Developer,2.0,45000.0,Junior Web Developer Bachelor's Degree 2.0 years experience Female 26.0 years old
38.0,Male,Master's Degree,Senior HR Generalist,8.0,95000.0,Senior HR Generalist Master's Degree 8.0 years experience Male 38.0 years old
27.0,Female,High School,Junior HR Generalist,1.0,32000.0,Junior HR Generalist High School 1.0 years experience Female 27.0 years old
33.0,Male,Bachelor's Degree,Web Developer,5.0,70000.0,Web Developer Bachelor's Degree 5.0 years experience Male 33.0 years old
42.0,Female,Master's Degree,Director of HR,12.0,120000.0,Director of HR Master's Degree 12.0 years experience Female 42.0 years old
29.0,Male,Master's Degree,Senior Human Resources Manager,4.0,70000.0,Senior Human Resources Manager Master's Degree 4.0 years experience Male 29.0 years old
36.0,Female,Master's Degree,Web Developer,7.0,85000.0,Web Developer Master's Degree 7.0 years experience Female 36.0 years old
30.0,Male,High School,Junior HR Coordinator,2.0,33000.0,Junior HR Coordinator High School 2.0 years experience Male 30.0 years old
43.0,Female,PhD,Senior Human Resources Manager,15.0,150000.0,Senior Human Resources Manager PhD 15.0 years experience Female 43.0 years old
34.0,Male,Bachelor's Degree,Junior Web Developer,3.0,50000.0,Junior Web Developer Bachelor's Degree 3.0 years experience Male 34.0 years old
25.0,Female,Master's Degree,Junior HR Generalist,1.0,32000.0,Junior HR Generalist Master's Degree 1.0 years experience Female 25.0 years old
37.0,Male,PhD,Director of HR,11.0,115000.0,Director of HR PhD 11.0 years experience Male 37.0 years old
24.0,Female,Bachelor's Degree,Web Developer,1.0,40000.0,Web Developer Bachelor's Degree 1.0 years experience Female 24.0 years old
39.0,Male,Master's Degree,Senior HR Generalist,10.0,105000.0,Senior HR Generalist Master's Degree 10.0 years experience Male 39.0 years old
31.0,Male,High School,Junior HR Generalist,2.0,35000.0,Junior HR Generalist High School 2.0 years experience Male 31.0 years old
44.0,Female,PhD,Director of HR,13.0,135000.0,Director of HR PhD 13.0 years experience Female 44.0 years old
28.0,Male,Bachelor's Degree,Web Developer,4.0,65000.0,Web Developer Bachelor's Degree 4.0 years experience Male 28.0 years old
32.0,Female,Master's Degree,Senior Human Resources Manager,6.0,80000.0,Senior Human Resources Manager Master's Degree 6.0 years experience Female 32.0 years old
45.0,Male,PhD,Director of HR,14.0,140000.0,Director of HR PhD 14.0 years experience Male 45.0 years old
26.0,Female,Bachelor's Degree,Junior Web Developer,2.0,45000.0,Junior Web Developer Bachelor's Degree 2.0 years experience Female 26.0 years old
38.0,Male,Master's Degree,Senior HR Generalist,8.0,95000.0,Senior HR Generalist Master's Degree 8.0 years experience Male 38.0 years old
27.0,Female,High School,Junior HR Generalist,1.0,32000.0,Junior HR Generalist High School 1.0 years experience Female 27.0 years old
33.0,Male,Bachelor's Degree,Web Developer,5.0,70000.0,Web Developer Bachelor's Degree 5.0 years experience Male 33.0 years old
42.0,Female,Master's Degree,Director of HR,12.0,120000.0,Director of HR Master's Degree 12.0 years experience Female 42.0 years old
29.0,Male,Master's Degree,Senior Human Resources Manager,4.0,70000.0,Senior Human Resources Manager Master's Degree 4.0 years experience Male 29.0 years old
36.0,Female,Master's Degree,Web Developer,7.0,85000.0,Web Developer Master's Degree 7.0 years experience Female 36.0 years old
30.0,Male,High School,Junior HR Coordinator,2.0,33000.0,Junior HR Coordinator High School 2.0 years experience Male 30.0 years old
43.0,Female,PhD,Senior Human Resources Manager,15.0,150000.0,Senior Human Resources Manager PhD 15.0 years experience Female 43.0 years old
34.0,Male,Bachelor's Degree,Junior Web Developer,3.0,50000.0,Junior Web Developer Bachelor's Degree 3.0 years experience Male 34.0 years old
25.0,Female,Master's Degree,Junior HR Generalist,1.0,32000.0,Junior HR Generalist Master's Degree 1.0 years experience Female 25.0 years old
37.0,Male,PhD,Director of HR,11.0,115000.0,Director of HR PhD 11.0 years experience Male 37.0 years old
28.0,Male,Bachelor's Degree,Software Engineer,3.0,60000.0,Software Engineer Bachelor's Degree 3.0 years experience Male 28.0 years old
37.0,Female,Master's Degree,Marketing Manager,9.0,100000.0,Marketing Manager Master's Degree 9.0 years experience Female 37.0 years old
43.0,Male,PhD,Data Scientist,15.0,150000.0,Data Scientist PhD 15.0 years experience Male 43.0 years old
31.0,Female,Bachelor's Degree,Human Resources Coordinator,4.0,55000.0,Human Resources Coordinator Bachelor's Degree 4.0 years experience Female 31.0 years old
24.0,Male,High School,Junior Sales Associate,1.0,30000.0,Junior Sales Associate High School 1.0 years experience Male 24.0 years old
29.0,Female,Master's Degree,Software Developer,5.0,70000.0,Software Developer Master's Degree 5.0 years experience Female 29.0 years old
35.0,Male,Bachelor's Degree,Operations Manager,8.0,90000.0,Operations Manager Bachelor's Degree 8.0 years experience Male 35.0 years old
26.0,Female,Master's Degree,Marketing Coordinator,2.0,40000.0,Marketing Coordinator Master's Degree 2.0 years experience Female 26.0 years old
42.0,Male,PhD,Data Scientist,12.0,130000.0,Data Scientist PhD 12.0 years experience Male 42.0 years old
34.0,Female,Bachelor's Degree,Human Resources Manager,6.0,75000.0,Human Resources Manager Bachelor's Degree 6.0 years experience Female 34.0 years old
27.0,Male,High School,Junior Sales Associate,2.0,35000.0,Junior Sales Associate High School 2.0 years experience Male 27.0 years old
38.0,Female,Master's Degree,Marketing Manager,10.0,110000.0,Marketing Manager Master's Degree 10.0 years experience Female 38.0 years old
30.0,Male,Bachelor's Degree,Software Engineer,4.0,65000.0,Software Engineer Bachelor's Degree 4.0 years experience Male 30.0 years old
45.0,Male,PhD,Data Scientist,18.0,180000.0,Data Scientist PhD 18.0 years experience Male 45.0 years old
25.0,Female,Bachelor's Degree,Junior Software Developer,1.0,35000.0,Junior Software Developer Bachelor's Degree 1.0 years experience Female 25.0 years old
40.0,Female,Master's Degree,Human Resources Manager,11.0,120000.0,Human Resources Manager Master's Degree 11.0 years experience Female 40.0 years old
33.0,Male,Bachelor's Degree,Operations Manager,6.0,75000.0,Operations Manager Bachelor's Degree 6.0 years experience Male 33.0 years old
29.0,Female,High School,Junior Sales Associate,1.0,30000.0,Junior Sales Associate High School 1.0 years experience Female 29.0 years old
44.0,Male,PhD,Data Scientist,16.0,160000.0,Data Scientist PhD 16.0 years experience Male 44.0 years old
26.0,Male,Bachelor's Degree,Software Developer,3.0,60000.0,Software Developer Bachelor's Degree 3.0 years experience Male 26.0 years old
36.0,Female,Master's Degree,Marketing Coordinator,8.0,85000.0,Marketing Coordinator Master's Degree 8.0 years experience Female 36.0 years old
31.0,Male,Bachelor's Degree,Operations Manager,5.0,70000.0,Operations Manager Bachelor's Degree 5.0 years experience Male 31.0 years old
27.0,Female,Master's Degree,Human Resources Coordinator,3.0,50000.0,Human Resources Coordinator Master's Degree 3.0 years experience Female 27.0 years old
42.0,Male,PhD,Data Scientist,13.0,140000.0,Data Scientist PhD 13.0 years experience Male 42.0 years old
34.0,Female,Bachelor's Degree,Human Resources Manager,6.0,75000.0,Human Resources Manager Bachelor's Degree 6.0 years experience Female 34.0 years old
28.0,Male,High School,Junior Sales Associate,2.0,35000.0,Junior Sales Associate High School 2.0 years experience Male 28.0 years old
39.0,Female,Master's Degree,Marketing Manager,10.0,110000.0,Marketing Manager Master's Degree 10.0 years experience Female 39.0 years old
31.0,Male,Bachelor's Degree,Software Engineer,4.0,65000.0,Software Engineer Bachelor's Degree 4.0 years experience Male 31.0 years old
45.0,Male,PhD,Data Scientist,18.0,180000.0,Data Scientist PhD 18.0 years experience Male 45.0 years old
25.0,Female,Bachelor's Degree,Junior Software Developer,1.0,35000.0,Junior Software Developer Bachelor's Degree 1.0 years experience Female 25.0 years old
40.0,Female,Master's Degree,Human Resources Manager,11.0,120000.0,Human Resources Manager Master's Degree 11.0 years experience Female 40.0 years old
33.0,Male,Bachelor's Degree,Operations Manager,6.0,75000.0,Operations Manager Bachelor's Degree 6.0 years experience Male 33.0 years old
29.0,Female,High School,Junior Sales Associate,1.0,30000.0,Junior Sales Associate High School 1.0 years experience Female 29.0 years old
44.0,Male,PhD,Data Scientist,16.0,160000.0,Data Scientist PhD 16.0 years experience Male 44.0 years old
26.0,Male,Bachelor's Degree,Software Developer,3.0,60000.0,Software Developer Bachelor's Degree 3.0 years experience Male 26.0 years old
36.0,Female,Master's Degree,Marketing Coordinator,8.0,85000.0,Marketing Coordinator Master's Degree 8.0 years experience Female 36.0 years old
31.0,Male,Bachelor's Degree,Operations Manager,5.0,70000.0,Operations Manager Bachelor's Degree 5.0 years experience Male 31.0 years old
27.0,Female,Master's Degree,Human Resources Coordinator,3.0,50000.0,Human Resources Coordinator Master's Degree 3.0 years experience Female 27.0 years old
42.0,Male,PhD,Data Scientist,13.0,140000.0,Data Scientist PhD 13.0 years experience Male 42.0 years old
34.0,Female,Bachelor's Degree,Human Resources Manager,6.0,75000.0,Human Resources Manager Bachelor's Degree 6.0 years experience Female 34.0 years old
28.0,Male,High School,Junior Sales Associate,2.0,35000.0,Junior Sales Associate High School 2.0 years experience Male 28.0 years old
39.0,Female,Master's Degree,Marketing Manager,10.0,110000.0,Marketing Manager Master's Degree 10.0 years experience Female 39.0 years old
31.0,Male,Bachelor's Degree,Software Engineer,4.0,65000.0,Software Engineer Bachelor's Degree 4.0 years experience Male 31.0 years old
45.0,Male,PhD,Data Scientist,18.0,180000.0,Data Scientist PhD 18.0 years experience Male 45.0 years old
25.0,Female,Bachelor's Degree,Junior Software Developer,1.0,35000.0,Junior Software Developer Bachelor's Degree 1.0 years experience Female 25.0 years old
40.0,Female,Master's Degree,Human Resources Manager,11.0,120000.0,Human Resources Manager Master's Degree 11.0 years experience Female 40.0 years old
33.0,Male,Bachelor's Degree,Operations Manager,6.0,75000.0,Operations Manager Bachelor's Degree 6.0 years experience Male 33.0 years old
29.0,Female,High School,Junior Sales Associate,1.0,30000.0,Junior Sales Associate High School 1.0 years experience Female 29.0 years old
44.0,Male,PhD,Data Scientist,16.0,160000.0,Data Scientist PhD 16.0 years experience Male 44.0 years old
26.0,Male,Bachelor's Degree,Software Developer,3.0,60000.0,Software Developer Bachelor's Degree 3.0 years experience Male 26.0 years old
36.0,Female,Master's Degree,Marketing Coordinator,8.0,85000.0,Marketing Coordinator Master's Degree 8.0 years experience Female 36.0 years old
31.0,Male,Bachelor's Degree,Operations Manager,5.0,70000.0,Operations Manager Bachelor's Degree 5.0 years experience Male 31.0 years old
27.0,Female,Master's Degree,Human Resources Coordinator,3.0,50000.0,Human Resources Coordinator Master's Degree 3.0 years experience Female 27.0 years old
42.0,Male,PhD,Data Scientist,13.0,140000.0,Data Scientist PhD 13.0 years experience Male 42.0 years old
34.0,Female,Bachelor's Degree,Human Resources Manager,6.0,75000.0,Human Resources Manager Bachelor's Degree 6.0 years experience Female 34.0 years old
28.0,Male,High School,Junior Sales Associate,2.0,35000.0,Junior Sales Associate High School 2.0 years experience Male 28.0 years old
39.0,Female,Master's Degree,Marketing Manager,10.0,110000.0,Marketing Manager Master's Degree 10.0 years experience Female 39.0 years old
31.0,Male,Bachelor's Degree,Software Engineer,4.0,65000.0,Software Engineer Bachelor's Degree 4.0 years experience Male 31.0 years old
45.0,Male,PhD,Data Scientist,18.0,180000.0,Data Scientist PhD 18.0 years experience Male 45.0 years old
25.0,Female,Bachelor's Degree,Junior Software Developer,1.0,35000.0,Junior Software Developer Bachelor's Degree 1.0 years experience Female 25.0 years old
40.0,Female,Master's Degree,Human Resources Manager,11.0,120000.0,Human Resources Manager Master's Degree 11.0 years experience Female 40.0 years old
33.0,Male,Bachelor's Degree,Operations Manager,6.0,75000.0,Operations Manager Bachelor's Degree 6.0 years experience Male 33.0 years old
29.0,Female,High School,Junior Sales Associate,1.0,30000.0,Junior Sales Associate High School 1.0 years experience Female 29.0 years old
44.0,Male,PhD,Data Scientist,16.0,160000.0,Data Scientist PhD 16.0 years experience Male 44.0 years old
26.0,Male,Bachelor's Degree,Software Developer,3.0,60000.0,Software Developer Bachelor's Degree 3.0 years experience Male 26.0 years old
36.0,Female,Master's Degree,Marketing Coordinator,8.0,85000.0,Marketing Coordinator Master's Degree 8.0 years experience Female 36.0 years old
31.0,Male,Bachelor's Degree,Operations Manager,5.0,70000.0,Operations Manager Bachelor's Degree 5.0 years experience Male 31.0 years old
27.0,Female,Master's Degree,Human Resources Coordinator,3.0,50000.0,Human Resources Coordinator Master's Degree 3.0 years experience Female 27.0 years old
42.0,Male,PhD,Data Scientist,13.0,140000.0,Data Scientist PhD 13.0 years experience Male 42.0 years old
34.0,Female,Bachelor's Degree,Human Resources Manager,6.0,75000.0,Human Resources Manager Bachelor's Degree 6.0 years experience Female 34.0 years old
28.0,Male,High School,Junior Sales Associate,2.0,35000.0,Junior Sales Associate High School 2.0 years experience Male 28.0 years old
39.0,Female,Master's Degree,Marketing Manager,10.0,110000.0,Marketing Manager Master's Degree 10.0 years experience Female 39.0 years old
31.0,Male,Bachelor's Degree,Software Engineer,4.0,65000.0,Software Engineer Bachelor's Degree 4.0 years experience Male 31.0 years old
45.0,Male,PhD,Data Scientist,18.0,180000.0,Data Scientist PhD 18.0 years experience Male 45.0 years old
25.0,Female,Bachelor's Degree,Junior Software Developer,1.0,35000.0,Junior Software Developer Bachelor's Degree 1.0 years experience Female 25.0 years old
40.0,Female,Master's Degree,Human Resources Manager,11.0,120000.0,Human Resources Manager Master's Degree 11.0 years experience Female 40.0 years old
33.0,Male,Bachelor's Degree,Operations Manager,6.0,75000.0,Operations Manager Bachelor's Degree 6.0 years experience Male 33.0 years old
29.0,Female,High School,Junior Sales Associate,1.0,30000.0,Junior Sales Associate High School 1.0 years experience Female 29.0 years old
44.0,Male,PhD,Data Scientist,16.0,160000.0,Data Scientist PhD 16.0 years experience Male 44.0 years old
26.0,Male,Bachelor's Degree,Software Developer,3.0,60000.0,Software Developer Bachelor's Degree 3.0 years experience Male 26.0 years old
36.0,Female,Master's Degree,Marketing Coordinator,8.0,85000.0,Marketing Coordinator Master's Degree 8.0 years experience Female 36.0 years old
31.0,Male,Bachelor's Degree,Operations Manager,5.0,70000.0,Operations Manager Bachelor's Degree 5.0 years experience Male 31.0 years old
27.0,Female,Master's Degree,Human Resources Coordinator,3.0,50000.0,Human Resources Coordinator Master's Degree 3.0 years experience Female 27.0 years old
42.0,Male,PhD,Data Scientist,13.0,140000.0,Data Scientist PhD 13.0 years experience Male 42.0 years old
34.0,Female,Bachelor's Degree,Human Resources Manager,6.0,75000.0,Human Resources Manager Bachelor's Degree 6.0 years experience Female 34.0 years old
28.0,Male,High School,Junior Sales Associate,2.0,35000.0,Junior Sales Associate High School 2.0 years experience Male 28.0 years old
39.0,Female,Master's Degree,Marketing Manager,10.0,110000.0,Marketing Manager Master's Degree 10.0 years experience Female 39.0 years old
31.0,Male,Bachelor's Degree,Software Engineer,4.0,65000.0,Software Engineer Bachelor's Degree 4.0 years experience Male 31.0 years old
45.0,Male,PhD,Data Scientist,18.0,180000.0,Data Scientist PhD 18.0 years experience Male 45.0 years old
25.0,Female,Bachelor's Degree,Junior Software Developer,1.0,35000.0,Junior Software Developer Bachelor's Degree 1.0 years experience Female 25.0 years old
40.0,Female,Master's Degree,Human Resources Manager,11.0,120000.0,Human Resources Manager Master's Degree 11.0 years experience Female 40.0 years old
33.0,Male,Bachelor's Degree,Operations Manager,6.0,75000.0,Operations Manager Bachelor's Degree 6.0 years experience Male 33.0 years old
29.0,Female,High School,Junior Sales Associate,1.0,30000.0,Junior Sales Associate High School 1.0 years experience Female 29.0 years old
44.0,Male,PhD,Data Scientist,16.0,160000.0,Data Scientist PhD 16.0 years experience Male 44.0 years old
26.0,Male,Bachelor's Degree,Software Developer,3.0,60000.0,Software Developer Bachelor's Degree 3.0 years experience Male 26.0 years old
36.0,Female,Master's Degree,Marketing Coordinator,8.0,85000.0,Marketing Coordinator Master's Degree 8.0 years experience Female 36.0 years old
31.0,Male,Bachelor's Degree,Operations Manager,5.0,70000.0,Operations Manager Bachelor's Degree 5.0 years experience Male 31.0 years old
27.0,Female,Master's Degree,Human Resources Coordinator,3.0,50000.0,Human Resources Coordinator Master's Degree 3.0 years experience Female 27.0 years old
42.0,Male,PhD,Data Scientist,13.0,140000.0,Data Scientist PhD 13.0 years experience Male 42.0 years old
34.0,Female,Bachelor's Degree,Human Resources Manager,6.0,75000.0,Human Resources Manager Bachelor's Degree 6.0 years experience Female 34.0 years old
28.0,Male,High School,Junior Sales Associate,2.0,35000.0,Junior Sales Associate High School 2.0 years experience Male 28.0 years old
39.0,Female,Master's Degree,Marketing Manager,10.0,110000.0,Marketing Manager Master's Degree 10.0 years experience Female 39.0 years old
31.0,Male,Bachelor's Degree,Software Engineer,4.0,65000.0,Software Engineer Bachelor's Degree 4.0 years experience Male 31.0 years old
45.0,Male,PhD,Data Scientist,18.0,180000.0,Data Scientist PhD 18.0 years experience Male 45.0 years old
25.0,Female,Bachelor's Degree,Junior Software Developer,1.0,35000.0,Junior Software Developer Bachelor's Degree 1.0 years experience Female 25.0 years old
40.0,Female,Master's Degree,Human Resources Manager,11.0,120000.0,Human Resources Manager Master's Degree 11.0 years experience Female 40.0 years old
33.0,Male,Bachelor's Degree,Operations Manager,6.0,75000.0,Operations Manager Bachelor's Degree 6.0 years experience Male 33.0 years old
29.0,Female,High School,Junior Sales Associate,1.0,30000.0,Junior Sales Associate High School 1.0 years experience Female 29.0 years old
44.0,Male,PhD,Data Scientist,16.0,160000.0,Data Scientist PhD 16.0 years experience Male 44.0 years old
26.0,Male,Bachelor's Degree,Software Developer,3.0,60000.0,Software Developer Bachelor's Degree 3.0 years experience Male 26.0 years old
36.0,Female,Master's Degree,Marketing Coordinator,8.0,85000.0,Marketing Coordinator Master's Degree 8.0 years experience Female 36.0 years old
31.0,Male,Bachelor's Degree,Operations Manager,5.0,70000.0,Operations Manager Bachelor's Degree 5.0 years experience Male 31.0 years old
27.0,Female,Master's Degree,Human Resources Coordinator,3.0,50000.0,Human Resources Coordinator Master's Degree 3.0 years experience Female 27.0 years old
42.0,Male,PhD,Data Scientist,13.0,140000.0,Data Scientist PhD 13.0 years experience Male 42.0 years old
34.0,Female,Bachelor's Degree,Human Resources Manager,6.0,75000.0,Human Resources Manager Bachelor's Degree 6.0 years experience Female 34.0 years old
28.0,Male,High School,Junior Sales Associate,2.0,35000.0,Junior Sales Associate High School 2.0 years experience Male 28.0 years old
39.0,Female,Master's Degree,Marketing Manager,10.0,110000.0,Marketing Manager Master's Degree 10.0 years experience Female 39.0 years old
31.0,Male,Bachelor's Degree,Software Engineer,4.0,65000.0,Software Engineer Bachelor's Degree 4.0 years experience Male 31.0 years old
45.0,Male,PhD,Data Scientist,18.0,180000.0,Data Scientist PhD 18.0 years experience Male 45.0 years old
25.0,Female,Bachelor's Degree,Junior Software Developer,1.0,35000.0,Junior Software Developer Bachelor's Degree 1.0 years experience Female 25.0 years old
40.0,Female,Master's Degree,Human Resources Manager,11.0,120000.0,Human Resources Manager Master's Degree 11.0 years experience Female 40.0 years old
33.0,Male,Bachelor's Degree,Operations Manager,6.0,75000.0,Operations Manager Bachelor's Degree 6.0 years experience Male 33.0 years old
29.0,Female,High School,Junior Sales Associate,1.0,30000.0,Junior Sales Associate High School 1.0 years experience Female 29.0 years old
44.0,Male,PhD,Data Scientist,16.0,160000.0,Data Scientist PhD 16.0 years experience Male 44.0 years old
26.0,Male,Bachelor's Degree,Software Developer,3.0,60000.0,Software Developer Bachelor's Degree 3.0 years experience Male 26.0 years old
27.0,Male,Bachelor's Degree,Software Engineer,3.0,60000.0,Software Engineer Bachelor's Degree 3.0 years experience Male 27.0 years old
38.0,Female,Master's Degree,Marketing Manager,9.0,100000.0,Marketing Manager Master's Degree 9.0 years experience Female 38.0 years old
44.0,Male,PhD,Data Scientist,15.0,150000.0,Data Scientist PhD 15.0 years experience Male 44.0 years old
30.0,Female,Bachelor's Degree,Human Resources Coordinator,4.0,55000.0,Human Resources Coordinator Bachelor's Degree 4.0 years experience Female 30.0 years old
23.0,Male,High School,Junior Sales Associate,1.0,30000.0,Junior Sales Associate High School 1.0 years experience Male 23.0 years old
28.0,Female,Master's Degree,Software Developer,5.0,70000.0,Software Developer Master's Degree 5.0 years experience Female 28.0 years old
34.0,Male,Bachelor's Degree,Operations Manager,8.0,90000.0,Operations Manager Bachelor's Degree 8.0 years experience Male 34.0 years old
25.0,Female,Master's Degree,Marketing Coordinator,2.0,40000.0,Marketing Coordinator Master's Degree 2.0 years experience Female 25.0 years old
41.0,Male,PhD,Data Scientist,12.0,130000.0,Data Scientist PhD 12.0 years experience Male 41.0 years old
33.0,Female,Bachelor's Degree,Human Resources Manager,6.0,75000.0,Human Resources Manager Bachelor's Degree 6.0 years experience Female 33.0 years old
26.0,Male,High School,Junior Sales Associate,2.0,35000.0,Junior Sales Associate High School 2.0 years experience Male 26.0 years old
37.0,Female,Master's Degree,Marketing Manager,10.0,110000.0,Marketing Manager Master's Degree 10.0 years experience Female 37.0 years old
29.0,Male,Bachelor's Degree,Software Engineer,4.0,65000.0,Software Engineer Bachelor's Degree 4.0 years experience Male 29.0 years old
46.0,Male,PhD,Data Scientist,18.0,180000.0,Data Scientist PhD 18.0 years experience Male 46.0 years old
26.0,Female,Bachelor's Degree,Junior Software Developer,1.0,35000.0,Junior Software Developer Bachelor's Degree 1.0 years experience Female 26.0 years old
39.0,Female,Master's Degree,Human Resources Manager,11.0,120000.0,Human Resources Manager Master's Degree 11.0 years experience Female 39.0 years old
32.0,Male,Bachelor's Degree,Operations Manager,6.0,75000.0,Operations Manager Bachelor's Degree 6.0 years experience Male 32.0 years old
28.0,Female,High School,Junior Sales Associate,1.0,30000.0,Junior Sales Associate High School 1.0 years experience Female 28.0 years old
43.0,Male,PhD,Data Scientist,16.0,160000.0,Data Scientist PhD 16.0 years experience Male 43.0 years old
27.0,Male,Bachelor's Degree,Software Developer,3.0,60000.0,Software Developer Bachelor's Degree 3.0 years experience Male 27.0 years old
35.0,Female,Master's Degree,Marketing Coordinator,8.0,85000.0,Marketing Coordinator Master's Degree 8.0 years experience Female 35.0 years old
30.0,Male,Bachelor's Degree,Operations Manager,5.0,70000.0,Operations Manager Bachelor's Degree 5.0 years experience Male 30.0 years old
26.0,Female,Master's Degree,Human Resources Coordinator,3.0,50000.0,Human Resources Coordinator Master's Degree 3.0 years experience Female 26.0 years old
41.0,Male,PhD,Data Scientist,13.0,140000.0,Data Scientist PhD 13.0 years experience Male 41.0 years old
33.0,Female,Bachelor's Degree,Human Resources Manager,6.0,75000.0,Human Resources Manager Bachelor's Degree 6.0 years experience Female 33.0 years old
27.0,Male,High School,Junior Sales Associate,2.0,35000.0,Junior Sales Associate High School 2.0 years experience Male 27.0 years old
38.0,Female,Master's Degree,Marketing Manager,10.0,110000.0,Marketing Manager Master's Degree 10.0 years experience Female 38.0 years old
29.0,Male,Bachelor's Degree,Software Engineer,4.0,65000.0,Software Engineer Bachelor's Degree 4.0 years experience Male 29.0 years old
46.0,Male,PhD,Data Scientist,18.0,180000.0,Data Scientist PhD 18.0 years experience Male 46.0 years old
26.0,Female,Bachelor's Degree,Junior Software Developer,1.0,35000.0,Junior Software Developer Bachelor's Degree 1.0 years experience Female 26.0 years old
39.0,Female,Master's Degree,Human Resources Manager,11.0,120000.0,Human Resources Manager Master's Degree 11.0 years experience Female 39.0 years old
32.0,Male,Bachelor's Degree,Operations Manager,6.0,75000.0,Operations Manager Bachelor's Degree 6.0 years experience Male 32.0 years old
28.0,Female,High School,Junior Sales Associate,1.0,30000.0,Junior Sales Associate High School 1.0 years experience Female 28.0 years old
43.0,Male,PhD,Data Scientist,16.0,160000.0,Data Scientist PhD 16.0 years experience Male 43.0 years old
27.0,Male,Bachelor's Degree,Software Developer,3.0,60000.0,Software Developer Bachelor's Degree 3.0 years experience Male 27.0 years old
35.0,Female,Master's Degree,Marketing Coordinator,8.0,85000.0,Marketing Coordinator Master's Degree 8.0 years experience Female 35.0 years old
30.0,Male,Bachelor's Degree,Operations Manager,5.0,70000.0,Operations Manager Bachelor's Degree 5.0 years experience Male 30.0 years old
26.0,Female,Master's Degree,Human Resources Coordinator,3.0,50000.0,Human Resources Coordinator Master's Degree 3.0 years experience Female 26.0 years old
41.0,Male,PhD,Data Scientist,13.0,140000.0,Data Scientist PhD 13.0 years experience Male 41.0 years old
33.0,Female,Bachelor's Degree,Human Resources Manager,6.0,75000.0,Human Resources Manager Bachelor's Degree 6.0 years experience Female 33.0 years old
27.0,Male,High School,Junior Sales Associate,2.0,35000.0,Junior Sales Associate High School 2.0 years experience Male 27.0 years old
38.0,Female,Master's Degree,Marketing Manager,10.0,110000.0,Marketing Manager Master's Degree 10.0 years experience Female 38.0 years old
29.0,Male,Bachelor's Degree,Software Engineer,4.0,65000.0,Software Engineer Bachelor's Degree 4.0 years experience Male 29.0 years old
46.0,Male,PhD,Data Scientist,18.0,180000.0,Data Scientist PhD 18.0 years experience Male 46.0 years old
26.0,Female,Bachelor's Degree,Junior Software Developer,1.0,35000.0,Junior Software Developer Bachelor's Degree 1.0 years experience Female 26.0 years old
39.0,Female,Master's Degree,Human Resources Manager,11.0,120000.0,Human Resources Manager Master's Degree 11.0 years experience Female 39.0 years old
32.0,Male,Bachelor's Degree,Operations Manager,6.0,75000.0,Operations Manager Bachelor's Degree 6.0 years experience Male 32.0 years old
28.0,Female,High School,Junior Sales Associate,1.0,30000.0,Junior Sales Associate High School 1.0 years experience Female 28.0 years old
43.0,Male,PhD,Data Scientist,16.0,160000.0,Data Scientist PhD 16.0 years experience Male 43.0 years old
27.0,Male,Bachelor's Degree,Software Developer,3.0,60000.0,Software Developer Bachelor's Degree 3.0 years experience Male 27.0 years old
35.0,Female,Master's Degree,Marketing Coordinator,8.0,85000.0,Marketing Coordinator Master's Degree 8.0 years experience Female 35.0 years old
30.0,Male,Bachelor's Degree,Operations Manager,5.0,70000.0,Operations Manager Bachelor's Degree 5.0 years experience Male 30.0 years old
26.0,Female,Master's Degree,Human Resources Coordinator,3.0,50000.0,Human Resources Coordinator Master's Degree 3.0 years experience Female 26.0 years old
41.0,Male,PhD,Data Scientist,13.0,140000.0,Data Scientist PhD 13.0 years experience Male 41.0 years old
33.0,Female,Bachelor's Degree,Human Resources Manager,6.0,75000.0,Human Resources Manager Bachelor's Degree 6.0 years experience Female 33.0 years old
27.0,Male,High School,Junior Sales Associate,2.0,35000.0,Junior Sales Associate High School 2.0 years experience Male 27.0 years old
38.0,Female,Master's Degree,Marketing Manager,10.0,110000.0,Marketing Manager Master's Degree 10.0 years experience Female 38.0 years old
29.0,Male,Bachelor's Degree,Software Engineer,4.0,65000.0,Software Engineer Bachelor's Degree 4.0 years experience Male 29.0 years old
46.0,Male,PhD,Data Scientist,18.0,180000.0,Data Scientist PhD 18.0 years experience Male 46.0 years old
26.0,Female,Bachelor's Degree,Junior Software Developer,1.0,35000.0,Junior Software Developer Bachelor's Degree 1.0 years experience Female 26.0 years old
39.0,Female,Master's Degree,Human Resources Manager,11.0,120000.0,Human Resources Manager Master's Degree 11.0 years experience Female 39.0 years old
32.0,Male,Bachelor's Degree,Operations Manager,6.0,75000.0,Operations Manager Bachelor's Degree 6.0 years experience Male 32.0 years old
28.0,Female,High School,Junior Sales Associate,1.0,30000.0,Junior Sales Associate High School 1.0 years experience Female 28.0 years old
43.0,Male,PhD,Data Scientist,16.0,160000.0,Data Scientist PhD 16.0 years experience Male 43.0 years old
27.0,Male,Bachelor's Degree,Software Developer,3.0,60000.0,Software Developer Bachelor's Degree 3.0 years experience Male 27.0 years old
35.0,Female,Master's Degree,Marketing Coordinator,8.0,85000.0,Marketing Coordinator Master's Degree 8.0 years experience Female 35.0 years old
30.0,Male,Bachelor's Degree,Operations Manager,5.0,70000.0,Operations Manager Bachelor's Degree 5.0 years experience Male 30.0 years old
26.0,Female,Master's Degree,Human Resources Coordinator,3.0,50000.0,Human Resources Coordinator Master's Degree 3.0 years experience Female 26.0 years old
41.0,Male,PhD,Data Scientist,13.0,140000.0,Data Scientist PhD 13.0 years experience Male 41.0 years old
33.0,Female,Bachelor's Degree,Human Resources Manager,6.0,75000.0,Human Resources Manager Bachelor's Degree 6.0 years experience Female 33.0 years old
27.0,Male,High School,Junior Sales Associate,2.0,35000.0,Junior Sales Associate High School 2.0 years experience Male 27.0 years old
38.0,Female,Master's Degree,Marketing Manager,10.0,110000.0,Marketing Manager Master's Degree 10.0 years experience Female 38.0 years old
29.0,Male,Bachelor's Degree,Software Engineer,4.0,65000.0,Software Engineer Bachelor's Degree 4.0 years experience Male 29.0 years old
46.0,Male,PhD,Data Scientist,18.0,180000.0,Data Scientist PhD 18.0 years experience Male 46.0 years old
26.0,Female,Bachelor's Degree,Junior Software Developer,1.0,35000.0,Junior Software Developer Bachelor's Degree 1.0 years experience Female 26.0 years old
39.0,Female,Master's Degree,Human Resources Manager,11.0,120000.0,Human Resources Manager Master's Degree 11.0 years experience Female 39.0 years old
32.0,Male,Bachelor's Degree,Operations Manager,6.0,75000.0,Operations Manager Bachelor's Degree 6.0 years experience Male 32.0 years old
28.0,Female,High School,Junior Sales Associate,1.0,30000.0,Junior Sales Associate High School 1.0 years experience Female 28.0 years old
43.0,Male,PhD,Data Scientist,16.0,160000.0,Data Scientist PhD 16.0 years experience Male 43.0 years old
27.0,Male,Bachelor's Degree,Software Developer,3.0,60000.0,Software Developer Bachelor's Degree 3.0 years experience Male 27.0 years old
35.0,Female,Master's Degree,Marketing Coordinator,8.0,85000.0,Marketing Coordinator Master's Degree 8.0 years experience Female 35.0 years old
30.0,Male,Bachelor's Degree,Operations Manager,5.0,70000.0,Operations Manager Bachelor's Degree 5.0 years experience Male 30.0 years old
26.0,Female,Master's Degree,Human Resources Coordinator,3.0,50000.0,Human Resources Coordinator Master's Degree 3.0 years experience Female 26.0 years old
41.0,Male,PhD,Data Scientist,13.0,140000.0,Data Scientist PhD 13.0 years experience Male 41.0 years old
33.0,Female,Bachelor's Degree,Human Resources Manager,6.0,75000.0,Human Resources Manager Bachelor's Degree 6.0 years experience Female 33.0 years old
27.0,Male,High School,Junior Sales Associate,2.0,35000.0,Junior Sales Associate High School 2.0 years experience Male 27.0 years old
38.0,Female,Master's Degree,Marketing Manager,10.0,110000.0,Marketing Manager Master's Degree 10.0 years experience Female 38.0 years old
29.0,Male,Bachelor's Degree,Software Engineer,4.0,65000.0,Software Engineer Bachelor's Degree 4.0 years experience Male 29.0 years old
46.0,Male,PhD,Data Scientist,18.0,180000.0,Data Scientist PhD 18.0 years experience Male 46.0 years old
26.0,Female,Bachelor's Degree,Junior Software Developer,1.0,35000.0,Junior Software Developer Bachelor's Degree 1.0 years experience Female 26.0 years old
39.0,Female,Master's Degree,Human Resources Manager,11.0,120000.0,Human Resources Manager Master's Degree 11.0 years experience Female 39.0 years old
32.0,Male,Bachelor's Degree,Operations Manager,6.0,75000.0,Operations Manager Bachelor's Degree 6.0 years experience Male 32.0 years old
28.0,Female,High School,Junior Sales Associate,1.0,30000.0,Junior Sales Associate High School 1.0 years experience Female 28.0 years old
43.0,Male,PhD,Data Scientist,16.0,160000.0,Data Scientist PhD 16.0 years experience Male 43.0 years old
27.0,Male,Bachelor's Degree,Software Developer,3.0,60000.0,Software Developer Bachelor's Degree 3.0 years experience Male 27.0 years old
35.0,Female,Master's Degree,Marketing Coordinator,8.0,85000.0,Marketing Coordinator Master's Degree 8.0 years experience Female 35.0 years old
30.0,Male,Bachelor's Degree,Operations Manager,5.0,70000.0,Operations Manager Bachelor's Degree 5.0 years experience Male 30.0 years old
26.0,Female,Master's Degree,Human Resources Coordinator,3.0,50000.0,Human Resources Coordinator Master's Degree 3.0 years experience Female 26.0 years old
41.0,Male,PhD,Data Scientist,13.0,140000.0,Data Scientist PhD 13.0 years experience Male 41.0 years old
33.0,Female,Bachelor's Degree,Human Resources Manager,6.0,75000.0,Human Resources Manager Bachelor's Degree 6.0 years experience Female 33.0 years old
27.0,Male,High School,Junior Sales Associate,2.0,35000.0,Junior Sales Associate High School 2.0 years experience Male 27.0 years old
38.0,Female,Master's Degree,Marketing Manager,10.0,110000.0,Marketing Manager Master's Degree 10.0 years experience Female 38.0 years old
29.0,Male,Bachelor's Degree,Software Engineer,4.0,65000.0,Software Engineer Bachelor's Degree 4.0 years experience Male 29.0 years old
46.0,Male,PhD,Data Scientist,18.0,180000.0,Data Scientist PhD 18.0 years experience Male 46.0 years old
26.0,Female,Bachelor's Degree,Junior Software Developer,1.0,35000.0,Junior Software Developer Bachelor's Degree 1.0 years experience Female 26.0 years old
39.0,Female,Master's Degree,Human Resources Manager,11.0,120000.0,Human Resources Manager Master's Degree 11.0 years experience Female 39.0 years old
32.0,Male,Bachelor's Degree,Operations Manager,6.0,75000.0,Operations Manager Bachelor's Degree 6.0 years experience Male 32.0 years old
28.0,Female,High School,Junior Sales Associate,1.0,30000.0,Junior Sales Associate High School 1.0 years experience Female 28.0 years old
43.0,Male,PhD,Data Scientist,16.0,160000.0,Data Scientist PhD 16.0 years experience Male 43.0 years old
27.0,Male,Bachelor's Degree,Software Developer,3.0,60000.0,Software Developer Bachelor's Degree 3.0 years experience Male 27.0 years old
35.0,Female,Master's Degree,Marketing Coordinator,8.0,85000.0,Marketing Coordinator Master's Degree 8.0 years experience Female 35.0 years old
30.0,Male,Bachelor's Degree,Operations Manager,5.0,70000.0,Operations Manager Bachelor's Degree 5.0 years experience Male 30.0 years old
26.0,Female,Master's Degree,Human Resources Coordinator,3.0,50000.0,Human Resources Coordinator Master's Degree 3.0 years experience Female 26.0 years old
41.0,Male,PhD,Data Scientist,13.0,140000.0,Data Scientist PhD 13.0 years experience Male 41.0 years old
33.0,Female,Bachelor's Degree,Human Resources Manager,6.0,75000.0,Human Resources Manager Bachelor's Degree 6.0 years experience Female 33.0 years old
27.0,Male,High School,Junior Sales Associate,2.0,35000.0,Junior Sales Associate High School 2.0 years experience Male 27.0 years old
38.0,Female,Master's Degree,Marketing Manager,10.0,110000.0,Marketing Manager Master's Degree 10.0 years experience Female 38.0 years old
29.0,Male,Bachelor's Degree,Software Engineer,4.0,65000.0,Software Engineer Bachelor's Degree 4.0 years experience Male 29.0 years old
46.0,Male,PhD,Data Scientist,18.0,180000.0,Data Scientist PhD 18.0 years experience Male 46.0 years old
26.0,Female,Bachelor's Degree,Junior Software Developer,1.0,35000.0,Junior Software Developer Bachelor's Degree 1.0 years experience Female 26.0 years old
39.0,Female,Master's Degree,Human Resources Manager,11.0,120000.0,Human Resources Manager Master's Degree 11.0 years experience Female 39.0 years old
32.0,Male,Bachelor's Degree,Operations Manager,6.0,75000.0,Operations Manager Bachelor's Degree 6.0 years experience Male 32.0 years old
28.0,Female,High School,Junior Sales Associate,1.0,30000.0,Junior Sales Associate High School 1.0 years experience Female 28.0 years old
43.0,Male,PhD,Data Scientist,16.0,160000.0,Data Scientist PhD 16.0 years experience Male 43.0 years old
27.0,Male,Bachelor's Degree,Software Developer,3.0,60000.0,Software Developer Bachelor's Degree 3.0 years experience Male 27.0 years old
24.0,Male,Bachelor's Degree,Software Engineer,2.0,55000.0,Software Engineer Bachelor's Degree 2.0 years experience Male 24.0 years old
32.0,Female,Master's Degree,Marketing Manager,7.0,90000.0,Marketing Manager Master's Degree 7.0 years experience Female 32.0 years old
45.0,Male,PhD,Data Scientist,16.0,160000.0,Data Scientist PhD 16.0 years experience Male 45.0 years old
28.0,Female,Bachelor's Degree,Human Resources Coordinator,4.0,60000.0,Human Resources Coordinator Bachelor's Degree 4.0 years experience Female 28.0 years old
22.0,Male,High School,Junior Sales Associate,1.0,25000.0,Junior Sales Associate High School 1.0 years experience Male 22.0 years old
29.0,Female,Master's Degree,Software Developer,5.0,70000.0,Software Developer Master's Degree 5.0 years experience Female 29.0 years old
36.0,Male,Bachelor's Degree,Operations Manager,8.0,100000.0,Operations Manager Bachelor's Degree 8.0 years experience Male 36.0 years old
27.0,Female,Bachelor's Degree,Marketing Coordinator,3.0,45000.0,Marketing Coordinator Bachelor's Degree 3.0 years experience Female 27.0 years old
42.0,Male,PhD,Data Scientist,14.0,140000.0,Data Scientist PhD 14.0 years experience Male 42.0 years old
34.0,Female,Bachelor's Degree,Human Resources Manager,6.0,75000.0,Human Resources Manager Bachelor's Degree 6.0 years experience Female 34.0 years old
25.0,Male,High School,Junior Sales Associate,2.0,30000.0,Junior Sales Associate High School 2.0 years experience Male 25.0 years old
39.0,Female,Master's Degree,Marketing Manager,11.0,120000.0,Marketing Manager Master's Degree 11.0 years experience Female 39.0 years old
30.0,Male,Bachelor's Degree,Software Engineer,4.0,65000.0,Software Engineer Bachelor's Degree 4.0 years experience Male 30.0 years old
47.0,Male,PhD,Data Scientist,19.0,190000.0,Data Scientist PhD 19.0 years experience Male 47.0 years old
25.0,Female,Bachelor's Degree,Junior Software Developer,1.0,35000.0,Junior Software Developer Bachelor's Degree 1.0 years experience Female 25.0 years old
40.0,Female,Master's Degree,Human Resources Manager,12.0,130000.0,Human Resources Manager Master's Degree 12.0 years experience Female 40.0 years old
33.0,Male,Bachelor's Degree,Operations Manager,7.0,85000.0,Operations Manager Bachelor's Degree 7.0 years experience Male 33.0 years old
29.0,Female,High School,Junior Sales Associate,1.0,25000.0,Junior Sales Associate High School 1.0 years experience Female 29.0 years old
44.0,Male,PhD,Data Scientist,15.0,150000.0,Data Scientist PhD 15.0 years experience Male 44.0 years old
28.0,Male,Bachelor's Degree,Software Developer,3.0,60000.0,Software Developer Bachelor's Degree 3.0 years experience Male 28.0 years old
36.0,Female,Master's Degree,Marketing Coordinator,9.0,100000.0,Marketing Coordinator Master's Degree 9.0 years experience Female 36.0 years old
31.0,Male,Bachelor's Degree,Operations Manager,6.0,75000.0,Operations Manager Bachelor's Degree 6.0 years experience Male 31.0 years old
27.0,Female,Master's Degree,Human Resources Coordinator,3.0,50000.0,Human Resources Coordinator Master's Degree 3.0 years experience Female 27.0 years old
42.0,Male,PhD,Data Scientist,14.0,140000.0,Data Scientist PhD 14.0 years experience Male 42.0 years old
34.0,Female,Bachelor's Degree,Human Resources Manager,6.0,75000.0,Human Resources Manager Bachelor's Degree 6.0 years experience Female 34.0 years old
26.0,Male,High School,Junior Sales Associate,2.0,30000.0,Junior Sales Associate High School 2.0 years experience Male 26.0 years old
39.0,Female,Master's Degree,Marketing Manager,11.0,120000.0,Marketing Manager Master's Degree 11.0 years experience Female 39.0 years old
30.0,Male,Bachelor's Degree,Software Engineer,4.0,65000.0,Software Engineer Bachelor's Degree 4.0 years experience Male 30.0 years old
47.0,Male,PhD,Data Scientist,19.0,190000.0,Data Scientist PhD 19.0 years experience Male 47.0 years old
25.0,Female,Bachelor's Degree,Junior Software Developer,1.0,35000.0,Junior Software Developer Bachelor's Degree 1.0 years experience Female 25.0 years old
40.0,Female,Master's Degree,Human Resources Manager,12.0,130000.0,Human Resources Manager Master's Degree 12.0 years experience Female 40.0 years old
33.0,Male,Bachelor's Degree,Operations Manager,7.0,85000.0,Operations Manager Bachelor's Degree 7.0 years experience Male 33.0 years old
29.0,Female,High School,Junior Sales Associate,1.0,25000.0,Junior Sales Associate High School 1.0 years experience Female 29.0 years old
44.0,Male,PhD,Data Scientist,15.0,150000.0,Data Scientist PhD 15.0 years experience Male 44.0 years old
28.0,Male,Bachelor's Degree,Software Developer,3.0,60000.0,Software Developer Bachelor's Degree 3.0 years experience Male 28.0 years old
36.0,Female,Master's Degree,Marketing Coordinator,9.0,100000.0,Marketing Coordinator Master's Degree 9.0 years experience Female 36.0 years old
31.0,Male,Bachelor's Degree,Operations Manager,6.0,75000.0,Operations Manager Bachelor's Degree 6.0 years experience Male 31.0 years old
27.0,Female,Master's Degree,Human Resources Coordinator,3.0,50000.0,Human Resources Coordinator Master's Degree 3.0 years experience Female 27.0 years old
42.0,Male,PhD,Data Scientist,14.0,140000.0,Data Scientist PhD 14.0 years experience Male 42.0 years old
34.0,Female,Bachelor's Degree,Human Resources Manager,6.0,75000.0,Human Resources Manager Bachelor's Degree 6.0 years experience Female 34.0 years old
26.0,Male,High School,Junior Sales Associate,2.0,30000.0,Junior Sales Associate High School 2.0 years experience Male 26.0 years old
39.0,Female,Master's Degree,Marketing Manager,11.0,120000.0,Marketing Manager Master's Degree 11.0 years experience Female 39.0 years old
30.0,Male,Bachelor's Degree,Software Engineer,4.0,65000.0,Software Engineer Bachelor's Degree 4.0 years experience Male 30.0 years old
47.0,Male,PhD,Data Scientist,19.0,190000.0,Data Scientist PhD 19.0 years experience Male 47.0 years old
25.0,Female,Bachelor's Degree,Junior Software Developer,1.0,35000.0,Junior Software Developer Bachelor's Degree 1.0 years experience Female 25.0 years old
40.0,Female,Master's Degree,Human Resources Manager,12.0,130000.0,Human Resources Manager Master's Degree 12.0 years experience Female 40.0 years old
33.0,Male,Bachelor's Degree,Operations Manager,7.0,85000.0,Operations Manager Bachelor's Degree 7.0 years experience Male 33.0 years old
29.0,Female,High School,Junior Sales Associate,1.0,25000.0,Junior Sales Associate High School 1.0 years experience Female 29.0 years old
44.0,Male,PhD,Data Scientist,15.0,150000.0,Data Scientist PhD 15.0 years experience Male 44.0 years old
28.0,Male,Bachelor's Degree,Software Developer,3.0,60000.0,Software Developer Bachelor's Degree 3.0 years experience Male 28.0 years old
36.0,Female,Master's Degree,Marketing Coordinator,9.0,100000.0,Marketing Coordinator Master's Degree 9.0 years experience Female 36.0 years old
31.0,Male,Bachelor's Degree,Operations Manager,6.0,75000.0,Operations Manager Bachelor's Degree 6.0 years experience Male 31.0 years old
27.0,Female,Master's Degree,Human Resources Coordinator,3.0,50000.0,Human Resources Coordinator Master's Degree 3.0 years experience Female 27.0 years old
42.0,Male,PhD,Data Scientist,14.0,140000.0,Data Scientist PhD 14.0 years experience Male 42.0 years old
34.0,Female,Bachelor's Degree,Human Resources Manager,6.0,75000.0,Human Resources Manager Bachelor's Degree 6.0 years experience Female 34.0 years old
26.0,Male,High School,Junior Sales Associate,2.0,30000.0,Junior Sales Associate High School 2.0 years experience Male 26.0 years old
39.0,Female,Master's Degree,Marketing Manager,11.0,120000.0,Marketing Manager Master's Degree 11.0 years experience Female 39.0 years old
30.0,Male,Bachelor's Degree,Software Engineer,4.0,65000.0,Software Engineer Bachelor's Degree 4.0 years experience Male 30.0 years old
47.0,Male,PhD,Data Scientist,19.0,190000.0,Data Scientist PhD 19.0 years experience Male 47.0 years old
25.0,Female,Bachelor's Degree,Junior Software Developer,1.0,35000.0,Junior Software Developer Bachelor's Degree 1.0 years experience Female 25.0 years old
40.0,Female,Master's Degree,Human Resources Manager,12.0,130000.0,Human Resources Manager Master's Degree 12.0 years experience Female 40.0 years old
33.0,Male,Bachelor's Degree,Operations Manager,7.0,85000.0,Operations Manager Bachelor's Degree 7.0 years experience Male 33.0 years old
29.0,Female,High School,Junior Sales Associate,1.0,25000.0,Junior Sales Associate High School 1.0 years experience Female 29.0 years old
44.0,Male,PhD,Data Scientist,15.0,150000.0,Data Scientist PhD 15.0 years experience Male 44.0 years old
28.0,Male,Bachelor's Degree,Software Developer,3.0,60000.0,Software Developer Bachelor's Degree 3.0 years experience Male 28.0 years old
36.0,Female,Master's Degree,Marketing Coordinator,9.0,100000.0,Marketing Coordinator Master's Degree 9.0 years experience Female 36.0 years old
31.0,Male,Bachelor's Degree,Operations Manager,6.0,75000.0,Operations Manager Bachelor's Degree 6.0 years experience Male 31.0 years old
27.0,Female,Master's Degree,Human Resources Coordinator,3.0,50000.0,Human Resources Coordinator Master's Degree 3.0 years experience Female 27.0 years old
42.0,Male,PhD,Data Scientist,14.0,140000.0,Data Scientist PhD 14.0 years experience Male 42.0 years old
34.0,Female,Bachelor's Degree,Human Resources Manager,6.0,75000.0,Human Resources Manager Bachelor's Degree 6.0 years experience Female 34.0 years old
26.0,Male,High School,Junior Sales Associate,2.0,30000.0,Junior Sales Associate High School 2.0 years experience Male 26.0 years old
39.0,Female,Master's Degree,Marketing Manager,11.0,120000.0,Marketing Manager Master's Degree 11.0 years experience Female 39.0 years old
30.0,Male,Bachelor's Degree,Software Engineer,4.0,65000.0,Software Engineer Bachelor's Degree 4.0 years experience Male 30.0 years old
47.0,Male,PhD,Data Scientist,19.0,190000.0,Data Scientist PhD 19.0 years experience Male 47.0 years old
25.0,Female,Bachelor's Degree,Junior Software Developer,1.0,35000.0,Junior Software Developer Bachelor's Degree 1.0 years experience Female 25.0 years old
40.0,Female,Master's Degree,Human Resources Manager,12.0,130000.0,Human Resources Manager Master's Degree 12.0 years experience Female 40.0 years old
33.0,Male,Bachelor's Degree,Operations Manager,7.0,85000.0,Operations Manager Bachelor's Degree 7.0 years experience Male 33.0 years old
29.0,Female,High School,Junior Sales Associate,1.0,25000.0,Junior Sales Associate High School 1.0 years experience Female 29.0 years old
44.0,Male,PhD,Data Scientist,15.0,150000.0,Data Scientist PhD 15.0 years experience Male 44.0 years old
28.0,Male,Bachelor's Degree,Software Developer,3.0,60000.0,Software Developer Bachelor's Degree 3.0 years experience Male 28.0 years old
36.0,Female,Master's Degree,Marketing Coordinator,9.0,100000.0,Marketing Coordinator Master's Degree 9.0 years experience Female 36.0 years old
31.0,Male,Bachelor's Degree,Operations Manager,6.0,75000.0,Operations Manager Bachelor's Degree 6.0 years experience Male 31.0 years old
27.0,Female,Master's Degree,Human Resources Coordinator,3.0,50000.0,Human Resources Coordinator Master's Degree 3.0 years experience Female 27.0 years old
42.0,Male,PhD,Data Scientist,14.0,140000.0,Data Scientist PhD 14.0 years experience Male 42.0 years old
34.0,Female,Bachelor's Degree,Human Resources Manager,6.0,75000.0,Human Resources Manager Bachelor's Degree 6.0 years experience Female 34.0 years old
26.0,Male,High School,Junior Sales Associate,2.0,30000.0,Junior Sales Associate High School 2.0 years experience Male 26.0 years old
39.0,Female,Master's Degree,Marketing Manager,11.0,120000.0,Marketing Manager Master's Degree 11.0 years experience Female 39.0 years old
30.0,Male,Bachelor's Degree,Software Engineer,4.0,65000.0,Software Engineer Bachelor's Degree 4.0 years experience Male 30.0 years old
47.0,Male,PhD,Data Scientist,19.0,190000.0,Data Scientist PhD 19.0 years experience Male 47.0 years old
25.0,Female,Bachelor's Degree,Junior Software Developer,1.0,35000.0,Junior Software Developer Bachelor's Degree 1.0 years experience Female 25.0 years old
40.0,Female,Master's Degree,Human Resources Manager,12.0,130000.0,Human Resources Manager Master's Degree 12.0 years experience Female 40.0 years old
33.0,Male,Bachelor's Degree,Operations Manager,7.0,85000.0,Operations Manager Bachelor's Degree 7.0 years experience Male 33.0 years old
29.0,Female,High School,Junior Sales Associate,1.0,25000.0,Junior Sales Associate High School 1.0 years experience Female 29.0 years old
44.0,Male,PhD,Data Scientist,15.0,150000.0,Data Scientist PhD 15.0 years experience Male 44.0 years old
28.0,Male,Bachelor's Degree,Software Developer,3.0,60000.0,Software Developer Bachelor's Degree 3.0 years experience Male 28.0 years old
36.0,Female,Master's Degree,Marketing Coordinator,9.0,100000.0,Marketing Coordinator Master's Degree 9.0 years experience Female 36.0 years old
31.0,Male,Bachelor's Degree,Operations Manager,6.0,75000.0,Operations Manager Bachelor's Degree 6.0 years experience Male 31.0 years old
27.0,Female,Master's Degree,Human Resources Coordinator,3.0,50000.0,Human Resources Coordinator Master's Degree 3.0 years experience Female 27.0 years old
42.0,Male,PhD,Data Scientist,14.0,140000.0,Data Scientist PhD 14.0 years experience Male 42.0 years old
34.0,Female,Bachelor's Degree,Human Resources Manager,6.0,75000.0,Human Resources Manager Bachelor's Degree 6.0 years experience Female 34.0 years old
26.0,Male,High School,Junior Sales Associate,2.0,30000.0,Junior Sales Associate High School 2.0 years experience Male 26.0 years old
39.0,Female,Master's Degree,Marketing Manager,11.0,120000.0,Marketing Manager Master's Degree 11.0 years experience Female 39.0 years old
30.0,Male,Bachelor's Degree,Software Engineer,4.0,65000.0,Software Engineer Bachelor's Degree 4.0 years experience Male 30.0 years old
47.0,Male,PhD,Data Scientist,19.0,190000.0,Data Scientist PhD 19.0 years experience Male 47.0 years old
25.0,Female,Bachelor's Degree,Junior Software Developer,1.0,35000.0,Junior Software Developer Bachelor's Degree 1.0 years experience Female 25.0 years old
40.0,Female,Master's Degree,Human Resources Manager,12.0,130000.0,Human Resources Manager Master's Degree 12.0 years experience Female 40.0 years old
33.0,Male,Bachelor's Degree,Operations Manager,7.0,85000.0,Operations Manager Bachelor's Degree 7.0 years experience Male 33.0 years old
29.0,Female,High School,Junior Sales Associate,1.0,25000.0,Junior Sales Associate High School 1.0 years experience Female 29.0 years old
44.0,Male,PhD,Data Scientist,15.0,150000.0,Data Scientist PhD 15.0 years experience Male 44.0 years old
28.0,Male,Bachelor's Degree,Software Developer,3.0,60000.0,Software Developer Bachelor's Degree 3.0 years experience Male 28.0 years old
36.0,Female,Master's Degree,Marketing Coordinator,9.0,100000.0,Marketing Coordinator Master's Degree 9.0 years experience Female 36.0 years old
31.0,Male,Bachelor's Degree,Operations Manager,6.0,75000.0,Operations Manager Bachelor's Degree 6.0 years experience Male 31.0 years old
27.0,Female,Master's Degree,Human Resources Coordinator,3.0,50000.0,Human Resources Coordinator Master's Degree 3.0 years experience Female 27.0 years old
42.0,Male,PhD,Data Scientist,14.0,140000.0,Data Scientist PhD 14.0 years experience Male 42.0 years old
34.0,Female,Bachelor's Degree,Human Resources Manager,6.0,75000.0,Human Resources Manager Bachelor's Degree 6.0 years experience Female 34.0 years old
26.0,Male,High School,Junior Sales Associate,2.0,30000.0,Junior Sales Associate High School 2.0 years experience Male 26.0 years old
39.0,Female,Master's Degree,Marketing Manager,11.0,120000.0,Marketing Manager Master's Degree 11.0 years experience Female 39.0 years old
30.0,Male,Bachelor's Degree,Software Engineer,4.0,65000.0,Software Engineer Bachelor's Degree 4.0 years experience Male 30.0 years old
47.0,Male,PhD,Data Scientist,19.0,190000.0,Data Scientist PhD 19.0 years experience Male 47.0 years old
25.0,Female,Bachelor's Degree,Junior Software Developer,1.0,35000.0,Junior Software Developer Bachelor's Degree 1.0 years experience Female 25.0 years old
40.0,Female,Master's Degree,Human Resources Manager,12.0,130000.0,Human Resources Manager Master's Degree 12.0 years experience Female 40.0 years old
33.0,Male,Bachelor's Degree,Operations Manager,7.0,85000.0,Operations Manager Bachelor's Degree 7.0 years experience Male 33.0 years old
29.0,Female,High School,Junior Sales Associate,1.0,25000.0,Junior Sales Associate High School 1.0 years experience Female 29.0 years old
44.0,Male,PhD,Data Scientist,15.0,150000.0,Data Scientist PhD 15.0 years experience Male 44.0 years old
28.0,Male,Bachelor's Degree,Software Developer,3.0,60000.0,Software Developer Bachelor's Degree 3.0 years experience Male 28.0 years old
31.0,Male,Bachelor's Degree,Software Engineer,5.0,80000.0,Software Engineer Bachelor's Degree 5.0 years experience Male 31.0 years old
27.0,Female,Master's Degree,Marketing Manager,3.0,60000.0,Marketing Manager Master's Degree 3.0 years experience Female 27.0 years old
38.0,Male,PhD,Data Scientist,12.0,130000.0,Data Scientist PhD 12.0 years experience Male 38.0 years old
29.0,Female,Bachelor's Degree,Human Resources Coordinator,2.0,45000.0,Human Resources Coordinator Bachelor's Degree 2.0 years experience Female 29.0 years old
23.0,Male,High School,Junior Sales Associate,1.0,25000.0,Junior Sales Associate High School 1.0 years experience Male 23.0 years old
32.0,Female,Master's Degree,Software Developer,7.0,90000.0,Software Developer Master's Degree 7.0 years experience Female 32.0 years old
44.0,Male,Bachelor's Degree,Operations Manager,18.0,170000.0,Operations Manager Bachelor's Degree 18.0 years experience Male 44.0 years old
26.0,Female,Bachelor's Degree,Marketing Coordinator,2.0,40000.0,Marketing Coordinator Bachelor's Degree 2.0 years experience Female 26.0 years old
40.0,Male,PhD,Data Scientist,15.0,150000.0,Data Scientist PhD 15.0 years experience Male 40.0 years old
33.0,Female,Bachelor's Degree,Human Resources Manager,8.0,95000.0,Human Resources Manager Bachelor's Degree 8.0 years experience Female 33.0 years old
24.0,Male,High School,Junior Sales Associate,1.0,25000.0,Junior Sales Associate High School 1.0 years experience Male 24.0 years old
35.0,Female,Master's Degree,Marketing Manager,10.0,110000.0,Marketing Manager Master's Degree 10.0 years experience Female 35.0 years old
29.0,Male,Bachelor's Degree,Software Engineer,4.0,70000.0,Software Engineer Bachelor's Degree 4.0 years experience Male 29.0 years old
49.0,Male,PhD,Data Scientist,22.0,220000.0,Data Scientist PhD 22.0 years experience Male 49.0 years old
26.0,Female,Bachelor's Degree,Junior Software Developer,2.0,35000.0,Junior Software Developer Bachelor's Degree 2.0 years experience Female 26.0 years old
41.0,Female,Master's Degree,Human Resources Manager,13.0,140000.0,Human Resources Manager Master's Degree 13.0 years experience Female 41.0 years old
36.0,Male,Bachelor's Degree,Operations Manager,9.0,110000.0,Operations Manager Bachelor's Degree 9.0 years experience Male 36.0 years old
28.0,Female,High School,Junior Sales Associate,1.0,25000.0,Junior Sales Associate High School 1.0 years experience Female 28.0 years old
43.0,Male,PhD,Data Scientist,16.0,160000.0,Data Scientist PhD 16.0 years experience Male 43.0 years old
29.0,Male,Bachelor's Degree,Software Developer,5.0,80000.0,Software Developer Bachelor's Degree 5.0 years experience Male 29.0 years old
39.0,Female,Master's Degree,Marketing Coordinator,11.0,120000.0,Marketing Coordinator Master's Degree 11.0 years experience Female 39.0 years old
32.0,Male,Bachelor's Degree,Operations Manager,6.0,90000.0,Operations Manager Bachelor's Degree 6.0 years experience Male 32.0 years old
28.0,Female,Master's Degree,Human Resources Coordinator,2.0,45000.0,Human Resources Coordinator Master's Degree 2.0 years experience Female 28.0 years old
40.0,Male,PhD,Data Scientist,15.0,150000.0,Data Scientist PhD 15.0 years experience Male 40.0 years old
33.0,Female,Bachelor's Degree,Human Resources Manager,8.0,95000.0,Human Resources Manager Bachelor's Degree 8.0 years experience Female 33.0 years old
24.0,Male,High School,Junior Sales Associate,1.0,25000.0,Junior Sales Associate High School 1.0 years experience Male 24.0 years old
35.0,Female,Master's Degree,Marketing Manager,10.0,110000.0,Marketing Manager Master's Degree 10.0 years experience Female 35.0 years old
29.0,Male,Bachelor's Degree,Software Engineer,4.0,70000.0,Software Engineer Bachelor's Degree 4.0 years experience Male 29.0 years old
49.0,Male,PhD,Data Scientist,22.0,220000.0,Data Scientist PhD 22.0 years experience Male 49.0 years old
26.0,Female,Bachelor's Degree,Junior Software Developer,2.0,35000.0,Junior Software Developer Bachelor's Degree 2.0 years experience Female 26.0 years old
41.0,Female,Master's Degree,Human Resources Manager,13.0,140000.0,Human Resources Manager Master's Degree 13.0 years experience Female 41.0 years old
36.0,Male,Bachelor's Degree,Operations Manager,9.0,110000.0,Operations Manager Bachelor's Degree 9.0 years experience Male 36.0 years old
28.0,Female,High School,Junior Sales Associate,1.0,25000.0,Junior Sales Associate High School 1.0 years experience Female 28.0 years old
43.0,Male,PhD,Data Scientist,16.0,160000.0,Data Scientist PhD 16.0 years experience Male 43.0 years old
29.0,Male,Bachelor's Degree,Software Developer,5.0,80000.0,Software Developer Bachelor's Degree 5.0 years experience Male 29.0 years old
39.0,Female,Master's Degree,Marketing Coordinator,11.0,120000.0,Marketing Coordinator Master's Degree 11.0 years experience Female 39.0 years old
32.0,Male,Bachelor's Degree,Operations Manager,6.0,90000.0,Operations Manager Bachelor's Degree 6.0 years experience Male 32.0 years old
28.0,Female,Master's Degree,Human Resources Coordinator,2.0,45000.0,Human Resources Coordinator Master's Degree 2.0 years experience Female 28.0 years old
40.0,Male,PhD,Data Scientist,15.0,150000.0,Data Scientist PhD 15.0 years experience Male 40.0 years old
33.0,Female,Bachelor's Degree,Human Resources Manager,8.0,95000.0,Human Resources Manager Bachelor's Degree 8.0 years experience Female 33.0 years old
24.0,Male,High School,Junior Sales Associate,1.0,25000.0,Junior Sales Associate High School 1.0 years experience Male 24.0 years old
35.0,Female,Master's Degree,Marketing Manager,10.0,110000.0,Marketing Manager Master's Degree 10.0 years experience Female 35.0 years old
29.0,Male,Bachelor's Degree,Software Engineer,4.0,70000.0,Software Engineer Bachelor's Degree 4.0 years experience Male 29.0 years old
49.0,Male,PhD,Data Scientist,22.0,220000.0,Data Scientist PhD 22.0 years experience Male 49.0 years old
26.0,Female,Bachelor's Degree,Junior Software Developer,2.0,35000.0,Junior Software Developer Bachelor's Degree 2.0 years experience Female 26.0 years old
41.0,Female,Master's Degree,Human Resources Manager,13.0,140000.0,Human Resources Manager Master's Degree 13.0 years experience Female 41.0 years old
36.0,Male,Bachelor's Degree,Operations Manager,9.0,110000.0,Operations Manager Bachelor's Degree 9.0 years experience Male 36.0 years old
28.0,Female,High School,Junior Sales Associate,1.0,25000.0,Junior Sales Associate High School 1.0 years experience Female 28.0 years old
43.0,Male,PhD,Data Scientist,16.0,160000.0,Data Scientist PhD 16.0 years experience Male 43.0 years old
29.0,Male,Bachelor's Degree,Software Developer,5.0,80000.0,Software Developer Bachelor's Degree 5.0 years experience Male 29.0 years old
39.0,Female,Master's Degree,Marketing Coordinator,11.0,120000.0,Marketing Coordinator Master's Degree 11.0 years experience Female 39.0 years old
32.0,Male,Bachelor's Degree,Operations Manager,6.0,90000.0,Operations Manager Bachelor's Degree 6.0 years experience Male 32.0 years old
28.0,Female,Master's Degree,Human Resources Coordinator,2.0,45000.0,Human Resources Coordinator Master's Degree 2.0 years experience Female 28.0 years old
40.0,Male,PhD,Data Scientist,15.0,150000.0,Data Scientist PhD 15.0 years experience Male 40.0 years old
33.0,Female,Bachelor's Degree,Human Resources Manager,8.0,95000.0,Human Resources Manager Bachelor's Degree 8.0 years experience Female 33.0 years old
24.0,Male,High School,Junior Sales Associate,1.0,25000.0,Junior Sales Associate High School 1.0 years experience Male 24.0 years old
35.0,Female,Master's Degree,Marketing Manager,10.0,110000.0,Marketing Manager Master's Degree 10.0 years experience Female 35.0 years old
29.0,Male,Bachelor's Degree,Software Engineer,4.0,70000.0,Software Engineer Bachelor's Degree 4.0 years experience Male 29.0 years old
49.0,Male,PhD,Data Scientist,22.0,220000.0,Data Scientist PhD 22.0 years experience Male 49.0 years old
26.0,Female,Bachelor's Degree,Junior Software Developer,2.0,35000.0,Junior Software Developer Bachelor's Degree 2.0 years experience Female 26.0 years old
41.0,Female,Master's Degree,Human Resources Manager,13.0,140000.0,Human Resources Manager Master's Degree 13.0 years experience Female 41.0 years old
36.0,Male,Bachelor's Degree,Operations Manager,9.0,110000.0,Operations Manager Bachelor's Degree 9.0 years experience Male 36.0 years old
28.0,Female,High School,Junior Sales Associate,1.0,25000.0,Junior Sales Associate High School 1.0 years experience Female 28.0 years old
43.0,Male,PhD,Data Scientist,16.0,160000.0,Data Scientist PhD 16.0 years experience Male 43.0 years old
29.0,Male,Bachelor's Degree,Software Developer,5.0,80000.0,Software Developer Bachelor's Degree 5.0 years experience Male 29.0 years old
39.0,Female,Master's Degree,Marketing Coordinator,11.0,120000.0,Marketing Coordinator Master's Degree 11.0 years experience Female 39.0 years old
32.0,Male,Bachelor's Degree,Operations Manager,6.0,90000.0,Operations Manager Bachelor's Degree 6.0 years experience Male 32.0 years old
28.0,Female,Master's Degree,Human Resources Coordinator,2.0,45000.0,Human Resources Coordinator Master's Degree 2.0 years experience Female 28.0 years old
40.0,Male,PhD,Data Scientist,15.0,150000.0,Data Scientist PhD 15.0 years experience Male 40.0 years old
33.0,Female,Bachelor's Degree,Human Resources Manager,8.0,95000.0,Human Resources Manager Bachelor's Degree 8.0 years experience Female 33.0 years old
24.0,Male,High School,Junior Sales Associate,1.0,25000.0,Junior Sales Associate High School 1.0 years experience Male 24.0 years old
35.0,Female,Master's Degree,Marketing Manager,10.0,110000.0,Marketing Manager Master's Degree 10.0 years experience Female 35.0 years old
29.0,Male,Bachelor's Degree,Software Engineer,4.0,70000.0,Software Engineer Bachelor's Degree 4.0 years experience Male 29.0 years old
49.0,Male,PhD,Data Scientist,22.0,220000.0,Data Scientist PhD 22.0 years experience Male 49.0 years old
26.0,Female,Bachelor's Degree,Junior Software Developer,2.0,35000.0,Junior Software Developer Bachelor's Degree 2.0 years experience Female 26.0 years old
41.0,Female,Master's Degree,Human Resources Manager,13.0,140000.0,Human Resources Manager Master's Degree 13.0 years experience Female 41.0 years old
36.0,Male,Bachelor's Degree,Operations Manager,9.0,110000.0,Operations Manager Bachelor's Degree 9.0 years experience Male 36.0 years old
28.0,Female,High School,Junior Sales Associate,1.0,25000.0,Junior Sales Associate High School 1.0 years experience Female 28.0 years old
43.0,Male,PhD,Data Scientist,16.0,160000.0,Data Scientist PhD 16.0 years experience Male 43.0 years old
29.0,Male,Bachelor's Degree,Software Developer,5.0,80000.0,Software Developer Bachelor's Degree 5.0 years experience Male 29.0 years old
39.0,Female,Master's Degree,Marketing Coordinator,11.0,120000.0,Marketing Coordinator Master's Degree 11.0 years experience Female 39.0 years old
32.0,Male,Bachelor's Degree,Operations Manager,6.0,90000.0,Operations Manager Bachelor's Degree 6.0 years experience Male 32.0 years old
28.0,Female,Master's Degree,Human Resources Coordinator,2.0,45000.0,Human Resources Coordinator Master's Degree 2.0 years experience Female 28.0 years old
40.0,Male,PhD,Data Scientist,15.0,150000.0,Data Scientist PhD 15.0 years experience Male 40.0 years old
33.0,Female,Bachelor's Degree,Human Resources Manager,8.0,95000.0,Human Resources Manager Bachelor's Degree 8.0 years experience Female 33.0 years old
24.0,Male,High School,Junior Sales Associate,1.0,25000.0,Junior Sales Associate High School 1.0 years experience Male 24.0 years old
35.0,Female,Master's Degree,Marketing Manager,10.0,110000.0,Marketing Manager Master's Degree 10.0 years experience Female 35.0 years old
29.0,Male,Bachelor's Degree,Software Engineer,4.0,70000.0,Software Engineer Bachelor's Degree 4.0 years experience Male 29.0 years old
49.0,Male,PhD,Data Scientist,22.0,220000.0,Data Scientist PhD 22.0 years experience Male 49.0 years old
26.0,Female,Bachelor's Degree,Junior Software Developer,2.0,35000.0,Junior Software Developer Bachelor's Degree 2.0 years experience Female 26.0 years old
41.0,Female,Master's Degree,Human Resources Manager,13.0,140000.0,Human Resources Manager Master's Degree 13.0 years experience Female 41.0 years old
36.0,Male,Bachelor's Degree,Operations Manager,9.0,110000.0,Operations Manager Bachelor's Degree 9.0 years experience Male 36.0 years old
28.0,Female,High School,Junior Sales Associate,1.0,25000.0,Junior Sales Associate High School 1.0 years experience Female 28.0 years old
43.0,Male,PhD,Data Scientist,16.0,160000.0,Data Scientist PhD 16.0 years experience Male 43.0 years old
29.0,Male,Bachelor's Degree,Software Developer,5.0,80000.0,Software Developer Bachelor's Degree 5.0 years experience Male 29.0 years old
39.0,Female,Master's Degree,Marketing Coordinator,11.0,120000.0,Marketing Coordinator Master's Degree 11.0 years experience Female 39.0 years old
32.0,Male,Bachelor's Degree,Operations Manager,6.0,90000.0,Operations Manager Bachelor's Degree 6.0 years experience Male 32.0 years old
28.0,Female,Master's Degree,Human Resources Coordinator,2.0,45000.0,Human Resources Coordinator Master's Degree 2.0 years experience Female 28.0 years old
40.0,Male,PhD,Data Scientist,15.0,150000.0,Data Scientist PhD 15.0 years experience Male 40.0 years old
33.0,Female,Bachelor's Degree,Human Resources Manager,8.0,95000.0,Human Resources Manager Bachelor's Degree 8.0 years experience Female 33.0 years old
24.0,Male,High School,Junior Sales Associate,1.0,25000.0,Junior Sales Associate High School 1.0 years experience Male 24.0 years old
35.0,Female,Master's Degree,Marketing Manager,10.0,110000.0,Marketing Manager Master's Degree 10.0 years experience Female 35.0 years old
29.0,Male,Bachelor's Degree,Software Engineer,4.0,70000.0,Software Engineer Bachelor's Degree 4.0 years experience Male 29.0 years old
49.0,Male,PhD,Data Scientist,22.0,220000.0,Data Scientist PhD 22.0 years experience Male 49.0 years old
26.0,Female,Bachelor's Degree,Junior Software Developer,2.0,35000.0,Junior Software Developer Bachelor's Degree 2.0 years experience Female 26.0 years old
41.0,Female,Master's Degree,Human Resources Manager,13.0,140000.0,Human Resources Manager Master's Degree 13.0 years experience Female 41.0 years old
36.0,Male,Bachelor's Degree,Operations Manager,9.0,110000.0,Operations Manager Bachelor's Degree 9.0 years experience Male 36.0 years old
28.0,Female,High School,Junior Sales Associate,1.0,25000.0,Junior Sales Associate High School 1.0 years experience Female 28.0 years old
43.0,Male,PhD,Data Scientist,16.0,160000.0,Data Scientist PhD 16.0 years experience Male 43.0 years old
29.0,Male,Bachelor's Degree,Software Developer,5.0,80000.0,Software Developer Bachelor's Degree 5.0 years experience Male 29.0 years old
39.0,Female,Master's Degree,Marketing Coordinator,11.0,120000.0,Marketing Coordinator Master's Degree 11.0 years experience Female 39.0 years old
32.0,Male,Bachelor's Degree,Operations Manager,6.0,90000.0,Operations Manager Bachelor's Degree 6.0 years experience Male 32.0 years old
28.0,Female,Master's Degree,Human Resources Coordinator,2.0,45000.0,Human Resources Coordinator Master's Degree 2.0 years experience Female 28.0 years old
40.0,Male,PhD,Data Scientist,15.0,150000.0,Data Scientist PhD 15.0 years experience Male 40.0 years old
33.0,Female,Bachelor's Degree,Human Resources Manager,8.0,95000.0,Human Resources Manager Bachelor's Degree 8.0 years experience Female 33.0 years old
24.0,Male,High School,Junior Sales Associate,1.0,25000.0,Junior Sales Associate High School 1.0 years experience Male 24.0 years old
35.0,Female,Master's Degree,Marketing Manager,10.0,110000.0,Marketing Manager Master's Degree 10.0 years experience Female 35.0 years old
29.0,Male,Bachelor's Degree,Software Engineer,4.0,70000.0,Software Engineer Bachelor's Degree 4.0 years experience Male 29.0 years old
49.0,Male,PhD,Data Scientist,22.0,220000.0,Data Scientist PhD 22.0 years experience Male 49.0 years old
26.0,Female,Bachelor's Degree,Junior Software Developer,2.0,35000.0,Junior Software Developer Bachelor's Degree 2.0 years experience Female 26.0 years old
41.0,Female,Master's Degree,Human Resources Manager,13.0,140000.0,Human Resources Manager Master's Degree 13.0 years experience Female 41.0 years old
36.0,Male,Bachelor's Degree,Operations Manager,9.0,110000.0,Operations Manager Bachelor's Degree 9.0 years experience Male 36.0 years old
28.0,Female,High School,Junior Sales Associate,1.0,25000.0,Junior Sales Associate High School 1.0 years experience Female 28.0 years old
43.0,Male,PhD,Data Scientist,16.0,160000.0,Data Scientist PhD 16.0 years experience Male 43.0 years old
29.0,Male,Bachelor's Degree,Software Developer,5.0,80000.0,Software Developer Bachelor's Degree 5.0 years experience Male 29.0 years old
34.0,Male,Bachelor's Degree,Software Engineer,6.0,85000.0,Software Engineer Bachelor's Degree 6.0 years experience Male 34.0 years old
31.0,Female,Master's Degree,Marketing Manager,4.0,62000.0,Marketing Manager Master's Degree 4.0 years experience Female 31.0 years old
41.0,Male,PhD,Data Scientist,13.0,138000.0,Data Scientist PhD 13.0 years experience Male 41.0 years old
27.0,Female,Bachelor's Degree,Human Resources Coordinator,2.0,47000.0,Human Resources Coordinator Bachelor's Degree 2.0 years experience Female 27.0 years old
25.0,Male,High School,Junior Sales Associate,1.0,26000.0,Junior Sales Associate High School 1.0 years experience Male 25.0 years old
33.0,Female,Master's Degree,Software Developer,8.0,95000.0,Software Developer Master's Degree 8.0 years experience Female 33.0 years old
45.0,Male,Bachelor's Degree,Operations Manager,19.0,174000.0,Operations Manager Bachelor's Degree 19.0 years experience Male 45.0 years old
28.0,Female,Bachelor's Degree,Marketing Coordinator,2.0,41000.0,Marketing Coordinator Bachelor's Degree 2.0 years experience Female 28.0 years old
42.0,Male,PhD,Data Scientist,16.0,162000.0,Data Scientist PhD 16.0 years experience Male 42.0 years old
34.0,Female,Bachelor's Degree,Human Resources Manager,9.0,99000.0,Human Resources Manager Bachelor's Degree 9.0 years experience Female 34.0 years old
23.0,Male,High School,Junior Sales Associate,1.0,26000.0,Junior Sales Associate High School 1.0 years experience Male 23.0 years old
36.0,Female,Master's Degree,Marketing Manager,11.0,117000.0,Marketing Manager Master's Degree 11.0 years experience Female 36.0 years old
30.0,Male,Bachelor's Degree,Software Engineer,5.0,75000.0,Software Engineer Bachelor's Degree 5.0 years experience Male 30.0 years old
50.0,Male,PhD,Data Scientist,23.0,225000.0,Data Scientist PhD 23.0 years experience Male 50.0 years old
27.0,Female,Bachelor's Degree,Junior Software Developer,2.0,36000.0,Junior Software Developer Bachelor's Degree 2.0 years experience Female 27.0 years old
43.0,Female,Master's Degree,Human Resources Manager,14.0,146000.0,Human Resources Manager Master's Degree 14.0 years experience Female 43.0 years old
37.0,Male,Bachelor's Degree,Operations Manager,10.0,113000.0,Operations Manager Bachelor's Degree 10.0 years experience Male 37.0 years old
29.0,Female,High School,Junior Sales Associate,1.0,26000.0,Junior Sales Associate High School 1.0 years experience Female 29.0 years old
44.0,Male,PhD,Data Scientist,17.0,168000.0,Data Scientist PhD 17.0 years experience Male 44.0 years old
30.0,Male,Bachelor's Degree,Software Developer,6.0,85000.0,Software Developer Bachelor's Degree 6.0 years experience Male 30.0 years old
40.0,Female,Master's Degree,Marketing Coordinator,12.0,122000.0,Marketing Coordinator Master's Degree 12.0 years experience Female 40.0 years old
33.0,Male,Bachelor's Degree,Operations Manager,7.0,96000.0,Operations Manager Bachelor's Degree 7.0 years experience Male 33.0 years old
29.0,Female,Master's Degree,Human Resources Coordinator,3.0,49000.0,Human Resources Coordinator Master's Degree 3.0 years experience Female 29.0 years old
43.0,Male,PhD,Data Scientist,16.0,162000.0,Data Scientist PhD 16.0 years experience Male 43.0 years old
34.0,Female,Bachelor's Degree,Human Resources Manager,9.0,99000.0,Human Resources Manager Bachelor's Degree 9.0 years experience Female 34.0 years old
23.0,Male,High School,Junior Sales Associate,1.0,26000.0,Junior Sales Associate High School 1.0 years experience Male 23.0 years old
36.0,Female,Master's Degree,Marketing Manager,11.0,117000.0,Marketing Manager Master's Degree 11.0 years experience Female 36.0 years old
30.0,Male,Bachelor's Degree,Software Engineer,5.0,75000.0,Software Engineer Bachelor's Degree 5.0 years experience Male 30.0 years old
50.0,Male,PhD,Data Scientist,23.0,225000.0,Data Scientist PhD 23.0 years experience Male 50.0 years old
27.0,Female,Bachelor's Degree,Junior Software Developer,2.0,36000.0,Junior Software Developer Bachelor's Degree 2.0 years experience Female 27.0 years old
43.0,Female,Master's Degree,Human Resources Manager,14.0,146000.0,Human Resources Manager Master's Degree 14.0 years experience Female 43.0 years old
37.0,Male,Bachelor's Degree,Operations Manager,10.0,113000.0,Operations Manager Bachelor's Degree 10.0 years experience Male 37.0 years old
29.0,Female,High School,Junior Sales Associate,1.0,26000.0,Junior Sales Associate High School 1.0 years experience Female 29.0 years old
44.0,Male,PhD,Data Scientist,17.0,168000.0,Data Scientist PhD 17.0 years experience Male 44.0 years old
30.0,Male,Bachelor's Degree,Software Developer,6.0,85000.0,Software Developer Bachelor's Degree 6.0 years experience Male 30.0 years old
40.0,Female,Master's Degree,Marketing Coordinator,12.0,122000.0,Marketing Coordinator Master's Degree 12.0 years experience Female 40.0 years old
33.0,Male,Bachelor's Degree,Operations Manager,7.0,96000.0,Operations Manager Bachelor's Degree 7.0 years experience Male 33.0 years old
29.0,Female,Master's Degree,Human Resources Coordinator,3.0,49000.0,Human Resources Coordinator Master's Degree 3.0 years experience Female 29.0 years old
43.0,Male,PhD,Data Scientist,16.0,162000.0,Data Scientist PhD 16.0 years experience Male 43.0 years old
34.0,Female,Bachelor's Degree,Human Resources Manager,9.0,99000.0,Human Resources Manager Bachelor's Degree 9.0 years experience Female 34.0 years old
23.0,Male,High School,Junior Sales Associate,1.0,26000.0,Junior Sales Associate High School 1.0 years experience Male 23.0 years old
36.0,Female,Master's Degree,Marketing Manager,11.0,117000.0,Marketing Manager Master's Degree 11.0 years experience Female 36.0 years old
30.0,Male,Bachelor's Degree,Software Engineer,5.0,75000.0,Software Engineer Bachelor's Degree 5.0 years experience Male 30.0 years old
50.0,Male,PhD,Data Scientist,23.0,225000.0,Data Scientist PhD 23.0 years experience Male 50.0 years old
27.0,Female,Bachelor's Degree,Junior Software Developer,2.0,36000.0,Junior Software Developer Bachelor's Degree 2.0 years experience Female 27.0 years old
43.0,Female,Master's Degree,Human Resources Manager,14.0,146000.0,Human Resources Manager Master's Degree 14.0 years experience Female 43.0 years old
37.0,Male,Bachelor's Degree,Operations Manager,10.0,113000.0,Operations Manager Bachelor's Degree 10.0 years experience Male 37.0 years old
29.0,Female,High School,Junior Sales Associate,1.0,26000.0,Junior Sales Associate High School 1.0 years experience Female 29.0 years old
44.0,Male,PhD,Data Scientist,17.0,168000.0,Data Scientist PhD 17.0 years experience Male 44.0 years old
30.0,Male,Bachelor's Degree,Software Developer,6.0,85000.0,Software Developer Bachelor's Degree 6.0 years experience Male 30.0 years old
40.0,Female,Master's Degree,Marketing Coordinator,12.0,122000.0,Marketing Coordinator Master's Degree 12.0 years experience Female 40.0 years old
33.0,Male,Bachelor's Degree,Operations Manager,7.0,96000.0,Operations Manager Bachelor's Degree 7.0 years experience Male 33.0 years old
29.0,Female,Master's Degree,Human Resources Coordinator,3.0,49000.0,Human Resources Coordinator Master's Degree 3.0 years experience Female 29.0 years old
43.0,Male,PhD,Data Scientist,16.0,162000.0,Data Scientist PhD 16.0 years experience Male 43.0 years old
34.0,Female,Bachelor's Degree,Human Resources Manager,9.0,99000.0,Human Resources Manager Bachelor's Degree 9.0 years experience Female 34.0 years old
23.0,Male,High School,Junior Sales Associate,1.0,26000.0,Junior Sales Associate High School 1.0 years experience Male 23.0 years old
36.0,Female,Master's Degree,Marketing Manager,11.0,117000.0,Marketing Manager Master's Degree 11.0 years experience Female 36.0 years old
30.0,Male,Bachelor's Degree,Software Engineer,5.0,75000.0,Software Engineer Bachelor's Degree 5.0 years experience Male 30.0 years old
50.0,Male,PhD,Data Scientist,23.0,225000.0,Data Scientist PhD 23.0 years experience Male 50.0 years old
27.0,Female,Bachelor's Degree,Junior Software Developer,2.0,36000.0,Junior Software Developer Bachelor's Degree 2.0 years experience Female 27.0 years old
43.0,Female,Master's Degree,Human Resources Manager,14.0,146000.0,Human Resources Manager Master's Degree 14.0 years experience Female 43.0 years old
37.0,Male,Bachelor's Degree,Operations Manager,10.0,113000.0,Operations Manager Bachelor's Degree 10.0 years experience Male 37.0 years old
29.0,Female,High School,Junior Sales Associate,1.0,26000.0,Junior Sales Associate High School 1.0 years experience Female 29.0 years old
44.0,Male,PhD,Data Scientist,17.0,168000.0,Data Scientist PhD 17.0 years experience Male 44.0 years old
30.0,Male,Bachelor's Degree,Software Developer,6.0,85000.0,Software Developer Bachelor's Degree 6.0 years experience Male 30.0 years old
40.0,Female,Master's Degree,Marketing Coordinator,12.0,122000.0,Marketing Coordinator Master's Degree 12.0 years experience Female 40.0 years old
33.0,Male,Bachelor's Degree,Operations Manager,7.0,96000.0,Operations Manager Bachelor's Degree 7.0 years experience Male 33.0 years old
29.0,Female,Master's Degree,Human Resources Coordinator,3.0,49000.0,Human Resources Coordinator Master's Degree 3.0 years experience Female 29.0 years old
43.0,Male,PhD,Data Scientist,16.0,162000.0,Data Scientist PhD 16.0 years experience Male 43.0 years old
34.0,Female,Bachelor's Degree,Human Resources Manager,9.0,99000.0,Human Resources Manager Bachelor's Degree 9.0 years experience Female 34.0 years old
23.0,Male,High School,Junior Sales Associate,1.0,26000.0,Junior Sales Associate High School 1.0 years experience Male 23.0 years old
36.0,Female,Master's Degree,Marketing Manager,11.0,117000.0,Marketing Manager Master's Degree 11.0 years experience Female 36.0 years old
30.0,Male,Bachelor's Degree,Software Engineer,5.0,75000.0,Software Engineer Bachelor's Degree 5.0 years experience Male 30.0 years old
50.0,Male,PhD,Data Scientist,23.0,225000.0,Data Scientist PhD 23.0 years experience Male 50.0 years old
27.0,Female,Bachelor's Degree,Junior Software Developer,2.0,36000.0,Junior Software Developer Bachelor's Degree 2.0 years experience Female 27.0 years old
43.0,Female,Master's Degree,Human Resources Manager,14.0,146000.0,Human Resources Manager Master's Degree 14.0 years experience Female 43.0 years old
37.0,Male,Bachelor's Degree,Operations Manager,10.0,113000.0,Operations Manager Bachelor's Degree 10.0 years experience Male 37.0 years old
29.0,Female,High School,Junior Sales Associate,1.0,26000.0,Junior Sales Associate High School 1.0 years experience Female 29.0 years old
44.0,Male,PhD,Data Scientist,17.0,168000.0,Data Scientist PhD 17.0 years experience Male 44.0 years old
30.0,Male,Bachelor's Degree,Software Developer,6.0,85000.0,Software Developer Bachelor's Degree 6.0 years experience Male 30.0 years old
40.0,Female,Master's Degree,Marketing Coordinator,12.0,122000.0,Marketing Coordinator Master's Degree 12.0 years experience Female 40.0 years old
33.0,Male,Bachelor's Degree,Operations Manager,7.0,96000.0,Operations Manager Bachelor's Degree 7.0 years experience Male 33.0 years old
29.0,Female,Master's Degree,Human Resources Coordinator,3.0,49000.0,Human Resources Coordinator Master's Degree 3.0 years experience Female 29.0 years old
43.0,Male,PhD,Data Scientist,16.0,162000.0,Data Scientist PhD 16.0 years experience Male 43.0 years old
34.0,Female,Bachelor's Degree,Human Resources Manager,9.0,99000.0,Human Resources Manager Bachelor's Degree 9.0 years experience Female 34.0 years old
23.0,Male,High School,Junior Sales Associate,1.0,26000.0,Junior Sales Associate High School 1.0 years experience Male 23.0 years old
36.0,Female,Master's Degree,Marketing Manager,11.0,117000.0,Marketing Manager Master's Degree 11.0 years experience Female 36.0 years old
30.0,Male,Bachelor's Degree,Software Engineer,5.0,75000.0,Software Engineer Bachelor's Degree 5.0 years experience Male 30.0 years old
50.0,Male,PhD,Data Scientist,23.0,225000.0,Data Scientist PhD 23.0 years experience Male 50.0 years old
27.0,Female,Bachelor's Degree,Junior Software Developer,2.0,36000.0,Junior Software Developer Bachelor's Degree 2.0 years experience Female 27.0 years old
43.0,Female,Master's Degree,Human Resources Manager,14.0,146000.0,Human Resources Manager Master's Degree 14.0 years experience Female 43.0 years old
37.0,Male,Bachelor's Degree,Operations Manager,10.0,113000.0,Operations Manager Bachelor's Degree 10.0 years experience Male 37.0 years old
29.0,Female,High School,Junior Sales Associate,1.0,26000.0,Junior Sales Associate High School 1.0 years experience Female 29.0 years old
44.0,Male,PhD,Data Scientist,17.0,168000.0,Data Scientist PhD 17.0 years experience Male 44.0 years old
30.0,Male,Bachelor's Degree,Software Developer,6.0,85000.0,Software Developer Bachelor's Degree 6.0 years experience Male 30.0 years old
40.0,Female,Master's Degree,Marketing Coordinator,12.0,122000.0,Marketing Coordinator Master's Degree 12.0 years experience Female 40.0 years old
33.0,Male,Bachelor's Degree,Operations Manager,7.0,96000.0,Operations Manager Bachelor's Degree 7.0 years experience Male 33.0 years old
29.0,Female,Master's Degree,Human Resources Coordinator,3.0,49000.0,Human Resources Coordinator Master's Degree 3.0 years experience Female 29.0 years old
43.0,Male,PhD,Data Scientist,16.0,162000.0,Data Scientist PhD 16.0 years experience Male 43.0 years old
34.0,Female,Bachelor's Degree,Human Resources Manager,9.0,99000.0,Human Resources Manager Bachelor's Degree 9.0 years experience Female 34.0 years old
23.0,Male,High School,Junior Sales Associate,1.0,26000.0,Junior Sales Associate High School 1.0 years experience Male 23.0 years old
36.0,Female,Master's Degree,Marketing Manager,11.0,117000.0,Marketing Manager Master's Degree 11.0 years experience Female 36.0 years old
30.0,Male,Bachelor's Degree,Software Engineer,5.0,75000.0,Software Engineer Bachelor's Degree 5.0 years experience Male 30.0 years old
50.0,Male,PhD,Data Scientist,23.0,225000.0,Data Scientist PhD 23.0 years experience Male 50.0 years old
27.0,Female,Bachelor's Degree,Junior Software Developer,2.0,36000.0,Junior Software Developer Bachelor's Degree 2.0 years experience Female 27.0 years old
43.0,Female,Master's Degree,Human Resources Manager,14.0,146000.0,Human Resources Manager Master's Degree 14.0 years experience Female 43.0 years old
37.0,Male,Bachelor's Degree,Operations Manager,10.0,113000.0,Operations Manager Bachelor's Degree 10.0 years experience Male 37.0 years old
29.0,Female,High School,Junior Sales Associate,1.0,26000.0,Junior Sales Associate High School 1.0 years experience Female 29.0 years old
44.0,Male,PhD,Data Scientist,17.0,168000.0,Data Scientist PhD 17.0 years experience Male 44.0 years old
30.0,Male,Bachelor's Degree,Software Developer,6.0,85000.0,Software Developer Bachelor's Degree 6.0 years experience Male 30.0 years old
40.0,Female,Master's Degree,Marketing Coordinator,12.0,122000.0,Marketing Coordinator Master's Degree 12.0 years experience Female 40.0 years old
33.0,Male,Bachelor's Degree,Operations Manager,7.0,96000.0,Operations Manager Bachelor's Degree 7.0 years experience Male 33.0 years old
29.0,Female,Master's Degree,Human Resources Coordinator,3.0,49000.0,Human Resources Coordinator Master's Degree 3.0 years experience Female 29.0 years old
43.0,Male,PhD,Data Scientist,16.0,162000.0,Data Scientist PhD 16.0 years experience Male 43.0 years old
34.0,Female,Bachelor's Degree,Human Resources Manager,9.0,99000.0,Human Resources Manager Bachelor's Degree 9.0 years experience Female 34.0 years old
23.0,Male,High School,Junior Sales Associate,1.0,26000.0,Junior Sales Associate High School 1.0 years experience Male 23.0 years old
36.0,Female,Master's Degree,Marketing Manager,11.0,117000.0,Marketing Manager Master's Degree 11.0 years experience Female 36.0 years old
30.0,Male,Bachelor's Degree,Software Engineer,5.0,75000.0,Software Engineer Bachelor's Degree 5.0 years experience Male 30.0 years old
50.0,Male,PhD,Data Scientist,23.0,225000.0,Data Scientist PhD 23.0 years experience Male 50.0 years old
27.0,Female,Bachelor's Degree,Junior Software Developer,2.0,36000.0,Junior Software Developer Bachelor's Degree 2.0 years experience Female 27.0 years old
43.0,Female,Master's Degree,Human Resources Manager,14.0,146000.0,Human Resources Manager Master's Degree 14.0 years experience Female 43.0 years old
37.0,Male,Bachelor's Degree,Operations Manager,10.0,113000.0,Operations Manager Bachelor's Degree 10.0 years experience Male 37.0 years old
29.0,Female,High School,Junior Sales Associate,1.0,26000.0,Junior Sales Associate High School 1.0 years experience Female 29.0 years old
44.0,Male,PhD,Data Scientist,17.0,168000.0,Data Scientist PhD 17.0 years experience Male 44.0 years old
30.0,Male,Bachelor's Degree,Software Developer,6.0,85000.0,Software Developer Bachelor's Degree 6.0 years experience Male 30.0 years old
32.0,Female,Master's Degree,Software Developer,8.0,95000.0,Software Developer Master's Degree 8.0 years experience Female 32.0 years old
46.0,Male,PhD,Data Scientist,18.0,180000.0,Data Scientist PhD 18.0 years experience Male 46.0 years old
28.0,Female,Bachelor's Degree,Marketing Coordinator,2.0,41000.0,Marketing Coordinator Bachelor's Degree 2.0 years experience Female 28.0 years old
24.0,Male,High School,Junior Sales Associate,1.0,26000.0,Junior Sales Associate High School 1.0 years experience Male 24.0 years old
31.0,Female,Master's Degree,Marketing Manager,5.0,68000.0,Marketing Manager Master's Degree 5.0 years experience Female 31.0 years old
39.0,Male,Bachelor's Degree,Operations Manager,13.0,127000.0,Operations Manager Bachelor's Degree 13.0 years experience Male 39.0 years old
25.0,Female,Bachelor's Degree,Human Resources Coordinator,2.0,47000.0,Human Resources Coordinator Bachelor's Degree 2.0 years experience Female 25.0 years old
41.0,Male,PhD,Data Scientist,15.0,155000.0,Data Scientist PhD 15.0 years experience Male 41.0 years old
35.0,Female,Bachelor's Degree,Human Resources Manager,8.0,92000.0,Human Resources Manager Bachelor's Degree 8.0 years experience Female 35.0 years old
26.0,Male,High School,Junior Sales Associate,1.0,26000.0,Junior Sales Associate High School 1.0 years experience Male 26.0 years old
37.0,Female,Master's Degree,Marketing Manager,12.0,125000.0,Marketing Manager Master's Degree 12.0 years experience Female 37.0 years old
29.0,Male,Bachelor's Degree,Software Engineer,4.0,71000.0,Software Engineer Bachelor's Degree 4.0 years experience Male 29.0 years old
51.0,Male,PhD,Data Scientist,24.0,240000.0,Data Scientist PhD 24.0 years experience Male 51.0 years old
28.0,Female,Bachelor's Degree,Junior Software Developer,2.0,36000.0,Junior Software Developer Bachelor's Degree 2.0 years experience Female 28.0 years old
44.0,Female,Master's Degree,Human Resources Manager,15.0,152000.0,Human Resources Manager Master's Degree 15.0 years experience Female 44.0 years old
38.0,Male,Bachelor's Degree,Operations Manager,11.0,119000.0,Operations Manager Bachelor's Degree 11.0 years experience Male 38.0 years old
30.0,Female,High School,Junior Sales Associate,1.0,26000.0,Junior Sales Associate High School 1.0 years experience Female 30.0 years old
45.0,Male,PhD,Data Scientist,19.0,190000.0,Data Scientist PhD 19.0 years experience Male 45.0 years old
31.0,Male,Bachelor's Degree,Software Developer,6.0,85000.0,Software Developer Bachelor's Degree 6.0 years experience Male 31.0 years old
41.0,Female,Master's Degree,Marketing Coordinator,13.0,131000.0,Marketing Coordinator Master's Degree 13.0 years experience Female 41.0 years old
34.0,Male,Bachelor's Degree,Operations Manager,8.0,101000.0,Operations Manager Bachelor's Degree 8.0 years experience Male 34.0 years old
30.0,Female,Master's Degree,Human Resources Coordinator,3.0,49000.0,Human Resources Coordinator Master's Degree 3.0 years experience Female 30.0 years old
44.0,Male,PhD,Data Scientist,18.0,182000.0,Data Scientist PhD 18.0 years experience Male 44.0 years old
35.0,Female,Bachelor's Degree,Human Resources Manager,8.0,92000.0,Human Resources Manager Bachelor's Degree 8.0 years experience Female 35.0 years old
26.0,Male,High School,Junior Sales Associate,1.0,26000.0,Junior Sales Associate High School 1.0 years experience Male 26.0 years old
37.0,Female,Master's Degree,Marketing Manager,12.0,125000.0,Marketing Manager Master's Degree 12.0 years experience Female 37.0 years old
29.0,Male,Bachelor's Degree,Software Engineer,4.0,71000.0,Software Engineer Bachelor's Degree 4.0 years experience Male 29.0 years old
51.0,Male,PhD,Data Scientist,24.0,240000.0,Data Scientist PhD 24.0 years experience Male 51.0 years old
28.0,Female,Bachelor's Degree,Junior Software Developer,2.0,36000.0,Junior Software Developer Bachelor's Degree 2.0 years experience Female 28.0 years old
44.0,Female,Master's Degree,Human Resources Manager,15.0,152000.0,Human Resources Manager Master's Degree 15.0 years experience Female 44.0 years old
38.0,Male,Bachelor's Degree,Operations Manager,11.0,119000.0,Operations Manager Bachelor's Degree 11.0 years experience Male 38.0 years old
30.0,Female,High School,Junior Sales Associate,1.0,26000.0,Junior Sales Associate High School 1.0 years experience Female 30.0 years old
45.0,Male,PhD,Data Scientist,19.0,190000.0,Data Scientist PhD 19.0 years experience Male 45.0 years old
31.0,Male,Bachelor's Degree,Software Developer,6.0,85000.0,Software Developer Bachelor's Degree 6.0 years experience Male 31.0 years old
41.0,Female,Master's Degree,Marketing Coordinator,13.0,131000.0,Marketing Coordinator Master's Degree 13.0 years experience Female 41.0 years old
34.0,Male,Bachelor's Degree,Operations Manager,8.0,101000.0,Operations Manager Bachelor's Degree 8.0 years experience Male 34.0 years old
30.0,Female,Master's Degree,Human Resources Coordinator,3.0,49000.0,Human Resources Coordinator Master's Degree 3.0 years experience Female 30.0 years old
44.0,Male,PhD,Data Scientist,18.0,182000.0,Data Scientist PhD 18.0 years experience Male 44.0 years old
35.0,Female,Bachelor's Degree,Human Resources Manager,8.0,92000.0,Human Resources Manager Bachelor's Degree 8.0 years experience Female 35.0 years old
26.0,Male,High School,Junior Sales Associate,1.0,26000.0,Junior Sales Associate High School 1.0 years experience Male 26.0 years old
37.0,Female,Master's Degree,Marketing Manager,12.0,125000.0,Marketing Manager Master's Degree 12.0 years experience Female 37.0 years old
29.0,Male,Bachelor's Degree,Software Engineer,4.0,71000.0,Software Engineer Bachelor's Degree 4.0 years experience Male 29.0 years old
51.0,Male,PhD,Data Scientist,24.0,240000.0,Data Scientist PhD 24.0 years experience Male 51.0 years old
28.0,Female,Bachelor's Degree,Junior Software Developer,2.0,36000.0,Junior Software Developer Bachelor's Degree 2.0 years experience Female 28.0 years old
44.0,Female,Master's Degree,Human Resources Manager,15.0,152000.0,Human Resources Manager Master's Degree 15.0 years experience Female 44.0 years old
38.0,Male,Bachelor's Degree,Operations Manager,11.0,119000.0,Operations Manager Bachelor's Degree 11.0 years experience Male 38.0 years old
30.0,Female,High School,Junior Sales Associate,1.0,26000.0,Junior Sales Associate High School 1.0 years experience Female 30.0 years old
45.0,Male,PhD,Data Scientist,19.0,190000.0,Data Scientist PhD 19.0 years experience Male 45.0 years old
31.0,Male,Bachelor's Degree,Software Developer,6.0,85000.0,Software Developer Bachelor's Degree 6.0 years experience Male 31.0 years old
41.0,Female,Master's Degree,Marketing Coordinator,13.0,131000.0,Marketing Coordinator Master's Degree 13.0 years experience Female 41.0 years old
34.0,Male,Bachelor's Degree,Operations Manager,8.0,101000.0,Operations Manager Bachelor's Degree 8.0 years experience Male 34.0 years old
30.0,Female,Master's Degree,Human Resources Coordinator,3.0,49000.0,Human Resources Coordinator Master's Degree 3.0 years experience Female 30.0 years old
44.0,Male,PhD,Data Scientist,18.0,182000.0,Data Scientist PhD 18.0 years experience Male 44.0 years old
35.0,Female,Bachelor's Degree,Human Resources Manager,8.0,92000.0,Human Resources Manager Bachelor's Degree 8.0 years experience Female 35.0 years old
26.0,Male,High School,Junior Sales Associate,1.0,26000.0,Junior Sales Associate High School 1.0 years experience Male 26.0 years old
37.0,Female,Master's Degree,Marketing Manager,12.0,125000.0,Marketing Manager Master's Degree 12.0 years experience Female 37.0 years old
29.0,Male,Bachelor's Degree,Software Engineer,4.0,71000.0,Software Engineer Bachelor's Degree 4.0 years experience Male 29.0 years old
51.0,Male,PhD,Data Scientist,24.0,240000.0,Data Scientist PhD 24.0 years experience Male 51.0 years old
28.0,Female,Bachelor's Degree,Junior Software Developer,2.0,36000.0,Junior Software Developer Bachelor's Degree 2.0 years experience Female 28.0 years old
44.0,Female,Master's Degree,Human Resources Manager,15.0,152000.0,Human Resources Manager Master's Degree 15.0 years experience Female 44.0 years old
38.0,Male,Bachelor's Degree,Operations Manager,11.0,119000.0,Operations Manager Bachelor's Degree 11.0 years experience Male 38.0 years old
30.0,Female,High School,Junior Sales Associate,1.0,26000.0,Junior Sales Associate High School 1.0 years experience Female 30.0 years old
45.0,Male,PhD,Data Scientist,19.0,190000.0,Data Scientist PhD 19.0 years experience Male 45.0 years old
31.0,Male,Bachelor's Degree,Software Developer,6.0,85000.0,Software Developer Bachelor's Degree 6.0 years experience Male 31.0 years old
41.0,Female,Master's Degree,Marketing Coordinator,13.0,131000.0,Marketing Coordinator Master's Degree 13.0 years experience Female 41.0 years old
34.0,Male,Bachelor's Degree,Operations Manager,8.0,101000.0,Operations Manager Bachelor's Degree 8.0 years experience Male 34.0 years old
30.0,Female,Master's Degree,Human Resources Coordinator,3.0,49000.0,Human Resources Coordinator Master's Degree 3.0 years experience Female 30.0 years old
44.0,Male,PhD,Data Scientist,18.0,182000.0,Data Scientist PhD 18.0 years experience Male 44.0 years old
35.0,Female,Bachelor's Degree,Human Resources Manager,8.0,92000.0,Human Resources Manager Bachelor's Degree 8.0 years experience Female 35.0 years old
26.0,Male,High School,Junior Sales Associate,1.0,26000.0,Junior Sales Associate High School 1.0 years experience Male 26.0 years old
37.0,Female,Master's Degree,Marketing Manager,12.0,125000.0,Marketing Manager Master's Degree 12.0 years experience Female 37.0 years old
29.0,Male,Bachelor's Degree,Software Engineer,4.0,71000.0,Software Engineer Bachelor's Degree 4.0 years experience Male 29.0 years old
51.0,Male,PhD,Data Scientist,24.0,240000.0,Data Scientist PhD 24.0 years experience Male 51.0 years old
28.0,Female,Bachelor's Degree,Junior Software Developer,2.0,36000.0,Junior Software Developer Bachelor's Degree 2.0 years experience Female 28.0 years old
44.0,Female,Master's Degree,Human Resources Manager,15.0,152000.0,Human Resources Manager Master's Degree 15.0 years experience Female 44.0 years old
38.0,Male,Bachelor's Degree,Operations Manager,11.0,119000.0,Operations Manager Bachelor's Degree 11.0 years experience Male 38.0 years old
30.0,Female,High School,Junior Sales Associate,1.0,26000.0,Junior Sales Associate High School 1.0 years experience Female 30.0 years old
45.0,Male,PhD,Data Scientist,19.0,190000.0,Data Scientist PhD 19.0 years experience Male 45.0 years old
31.0,Male,Bachelor's Degree,Software Developer,6.0,85000.0,Software Developer Bachelor's Degree 6.0 years experience Male 31.0 years old
41.0,Female,Master's Degree,Marketing Coordinator,13.0,131000.0,Marketing Coordinator Master's Degree 13.0 years experience Female 41.0 years old
34.0,Male,Bachelor's Degree,Operations Manager,8.0,101000.0,Operations Manager Bachelor's Degree 8.0 years experience Male 34.0 years old
30.0,Female,Master's Degree,Human Resources Coordinator,3.0,49000.0,Human Resources Coordinator Master's Degree 3.0 years experience Female 30.0 years old
44.0,Male,PhD,Data Scientist,18.0,182000.0,Data Scientist PhD 18.0 years experience Male 44.0 years old
35.0,Female,Bachelor's Degree,Human Resources Manager,8.0,92000.0,Human Resources Manager Bachelor's Degree 8.0 years experience Female 35.0 years old
26.0,Male,High School,Junior Sales Associate,1.0,26000.0,Junior Sales Associate High School 1.0 years experience Male 26.0 years old
37.0,Female,Master's Degree,Marketing Manager,12.0,125000.0,Marketing Manager Master's Degree 12.0 years experience Female 37.0 years old
29.0,Male,Bachelor's Degree,Software Engineer,4.0,71000.0,Software Engineer Bachelor's Degree 4.0 years experience Male 29.0 years old
51.0,Male,PhD,Data Scientist,24.0,240000.0,Data Scientist PhD 24.0 years experience Male 51.0 years old
28.0,Female,Bachelor's Degree,Junior Software Developer,2.0,36000.0,Junior Software Developer Bachelor's Degree 2.0 years experience Female 28.0 years old
44.0,Female,Master's Degree,Human Resources Manager,15.0,152000.0,Human Resources Manager Master's Degree 15.0 years experience Female 44.0 years old
38.0,Male,Bachelor's Degree,Operations Manager,11.0,119000.0,Operations Manager Bachelor's Degree 11.0 years experience Male 38.0 years old
30.0,Female,High School,Junior Sales Associate,1.0,26000.0,Junior Sales Associate High School 1.0 years experience Female 30.0 years old
45.0,Male,PhD,Data Scientist,19.0,190000.0,Data Scientist PhD 19.0 years experience Male 45.0 years old
31.0,Male,Bachelor's Degree,Software Developer,6.0,85000.0,Software Developer Bachelor's Degree 6.0 years experience Male 31.0 years old
41.0,Female,Master's Degree,Marketing Coordinator,13.0,131000.0,Marketing Coordinator Master's Degree 13.0 years experience Female 41.0 years old
34.0,Male,Bachelor's Degree,Operations Manager,8.0,101000.0,Operations Manager Bachelor's Degree 8.0 years experience Male 34.0 years old
30.0,Female,Master's Degree,Human Resources Coordinator,3.0,49000.0,Human Resources Coordinator Master's Degree 3.0 years experience Female 30.0 years old
44.0,Male,PhD,Data Scientist,18.0,182000.0,Data Scientist PhD 18.0 years experience Male 44.0 years old
35.0,Female,Bachelor's Degree,Human Resources Manager,8.0,92000.0,Human Resources Manager Bachelor's Degree 8.0 years experience Female 35.0 years old
26.0,Male,High School,Junior Sales Associate,1.0,26000.0,Junior Sales Associate High School 1.0 years experience Male 26.0 years old
37.0,Female,Master's Degree,Marketing Manager,12.0,125000.0,Marketing Manager Master's Degree 12.0 years experience Female 37.0 years old
29.0,Male,Bachelor's Degree,Software Engineer,4.0,71000.0,Software Engineer Bachelor's Degree 4.0 years experience Male 29.0 years old
51.0,Male,PhD,Data Scientist,24.0,240000.0,Data Scientist PhD 24.0 years experience Male 51.0 years old
28.0,Female,Bachelor's Degree,Junior Software Developer,2.0,36000.0,Junior Software Developer Bachelor's Degree 2.0 years experience Female 28.0 years old
44.0,Female,Master's Degree,Human Resources Manager,15.0,152000.0,Human Resources Manager Master's Degree 15.0 years experience Female 44.0 years old
38.0,Male,Bachelor's Degree,Operations Manager,11.0,119000.0,Operations Manager Bachelor's Degree 11.0 years experience Male 38.0 years old
30.0,Female,High School,Junior Sales Associate,1.0,26000.0,Junior Sales Associate High School 1.0 years experience Female 30.0 years old
45.0,Male,PhD,Data Scientist,19.0,190000.0,Data Scientist PhD 19.0 years experience Male 45.0 years old
31.0,Male,Bachelor's Degree,Software Developer,6.0,85000.0,Software Developer Bachelor's Degree 6.0 years experience Male 31.0 years old
41.0,Female,Master's Degree,Marketing Coordinator,13.0,131000.0,Marketing Coordinator Master's Degree 13.0 years experience Female 41.0 years old
34.0,Male,Bachelor's Degree,Operations Manager,8.0,101000.0,Operations Manager Bachelor's Degree 8.0 years experience Male 34.0 years old
30.0,Female,Master's Degree,Human Resources Coordinator,3.0,49000.0,Human Resources Coordinator Master's Degree 3.0 years experience Female 30.0 years old
44.0,Male,PhD,Data Scientist,18.0,182000.0,Data Scientist PhD 18.0 years experience Male 44.0 years old
35.0,Female,Bachelor's Degree,Human Resources Manager,8.0,92000.0,Human Resources Manager Bachelor's Degree 8.0 years experience Female 35.0 years old
26.0,Male,High School,Junior Sales Associate,1.0,26000.0,Junior Sales Associate High School 1.0 years experience Male 26.0 years old
37.0,Female,Master's Degree,Marketing Manager,12.0,125000.0,Marketing Manager Master's Degree 12.0 years experience Female 37.0 years old
29.0,Male,Bachelor's Degree,Software Engineer,4.0,71000.0,Software Engineer Bachelor's Degree 4.0 years experience Male 29.0 years old
51.0,Male,PhD,Data Scientist,24.0,240000.0,Data Scientist PhD 24.0 years experience Male 51.0 years old
28.0,Female,Bachelor's Degree,Junior Software Developer,2.0,36000.0,Junior Software Developer Bachelor's Degree 2.0 years experience Female 28.0 years old
44.0,Female,Master's Degree,Human Resources Manager,15.0,152000.0,Human Resources Manager Master's Degree 15.0 years experience Female 44.0 years old
38.0,Male,Bachelor's Degree,Operations Manager,11.0,119000.0,Operations Manager Bachelor's Degree 11.0 years experience Male 38.0 years old
30.0,Female,High School,Junior Sales Associate,1.0,26000.0,Junior Sales Associate High School 1.0 years experience Female 30.0 years old
45.0,Male,PhD,Data Scientist,19.0,190000.0,Data Scientist PhD 19.0 years experience Male 45.0 years old
31.0,Male,Bachelor's Degree,Software Developer,6.0,85000.0,Software Developer Bachelor's Degree 6.0 years experience Male 31.0 years old
41.0,Female,Master's Degree,Marketing Coordinator,13.0,131000.0,Marketing Coordinator Master's Degree 13.0 years experience Female 41.0 years old
27.0,Male,Bachelor's Degree,Software Developer,3.0,62000.0,Software Developer Bachelor's Degree 3.0 years experience Male 27.0 years old
42.0,Female,Master's Degree,Marketing Manager,16.0,137000.0,Marketing Manager Master's Degree 16.0 years experience Female 42.0 years old
35.0,Male,PhD,Data Scientist,9.0,112000.0,Data Scientist PhD 9.0 years experience Male 35.0 years old
29.0,Female,Bachelor's Degree,Human Resources Coordinator,2.0,45000.0,Human Resources Coordinator Bachelor's Degree 2.0 years experience Female 29.0 years old
33.0,Male,High School,Junior Sales Associate,1.0,25000.0,Junior Sales Associate High School 1.0 years experience Male 33.0 years old
36.0,Female,Bachelor's Degree,Operations Manager,7.0,91000.0,Operations Manager Bachelor's Degree 7.0 years experience Female 36.0 years old
43.0,Male,PhD,Data Scientist,17.0,179000.0,Data Scientist PhD 17.0 years experience Male 43.0 years old
31.0,Female,Bachelor's Degree,Software Engineer,5.0,74000.0,Software Engineer Bachelor's Degree 5.0 years experience Female 31.0 years old
49.0,Male,Master's Degree,Marketing Manager,23.0,228000.0,Marketing Manager Master's Degree 23.0 years experience Male 49.0 years old
28.0,Female,Bachelor's Degree,Junior Software Developer,2.0,37000.0,Junior Software Developer Bachelor's Degree 2.0 years experience Female 28.0 years old
45.0,Female,PhD,Data Scientist,19.0,193000.0,Data Scientist PhD 19.0 years experience Female 45.0 years old
38.0,Male,Bachelor's Degree,Operations Manager,11.0,119000.0,Operations Manager Bachelor's Degree 11.0 years experience Male 38.0 years old
30.0,Female,High School,Junior Sales Associate,1.0,25000.0,Junior Sales Associate High School 1.0 years experience Female 30.0 years old
45.0,Male,Master's Degree,Marketing Manager,20.0,204000.0,Marketing Manager Master's Degree 20.0 years experience Male 45.0 years old
27.0,Female,Bachelor's Degree,Software Developer,3.0,61000.0,Software Developer Bachelor's Degree 3.0 years experience Female 27.0 years old
41.0,Male,PhD,Data Scientist,15.0,157000.0,Data Scientist PhD 15.0 years experience Male 41.0 years old
35.0,Female,Master's Degree,Human Resources Manager,8.0,92000.0,Human Resources Manager Master's Degree 8.0 years experience Female 35.0 years old
26.0,Male,Bachelor's Degree,Software Engineer,1.0,52000.0,Software Engineer Bachelor's Degree 1.0 years experience Male 26.0 years old
30.0,Female,Bachelor's Degree,Marketing Coordinator,4.0,58000.0,Marketing Coordinator Bachelor's Degree 4.0 years experience Female 30.0 years old
48.0,Male,PhD,Data Scientist,22.0,219000.0,Data Scientist PhD 22.0 years experience Male 48.0 years old
32.0,Female,Master's Degree,Marketing Manager,6.0,77000.0,Marketing Manager Master's Degree 6.0 years experience Female 32.0 years old
34.0,Male,Bachelor's Degree,Operations Manager,8.0,104000.0,Operations Manager Bachelor's Degree 8.0 years experience Male 34.0 years old
31.0,Female,High School,Junior Sales Associate,1.0,25000.0,Junior Sales Associate High School 1.0 years experience Female 31.0 years old
45.0,Male,Master's Degree,Marketing Manager,20.0,204000.0,Marketing Manager Master's Degree 20.0 years experience Male 45.0 years old
28.0,Female,Bachelor's Degree,Junior Software Developer,2.0,37000.0,Junior Software Developer Bachelor's Degree 2.0 years experience Female 28.0 years old
44.0,Female,PhD,Data Scientist,18.0,183000.0,Data Scientist PhD 18.0 years experience Female 44.0 years old
38.0,Male,Bachelor's Degree,Operations Manager,11.0,119000.0,Operations Manager Bachelor's Degree 11.0 years experience Male 38.0 years old
30.0,Female,High School,Junior Sales Associate,1.0,25000.0,Junior Sales Associate High School 1.0 years experience Female 30.0 years old
45.0,Male,Master's Degree,Marketing Manager,20.0,204000.0,Marketing Manager Master's Degree 20.0 years experience Male 45.0 years old
27.0,Female,Bachelor's Degree,Software Developer,3.0,61000.0,Software Developer Bachelor's Degree 3.0 years experience Female 27.0 years old
41.0,Male,PhD,Data Scientist,15.0,157000.0,Data Scientist PhD 15.0 years experience Male 41.0 years old
35.0,Female,Master's Degree,Human Resources Manager,8.0,92000.0,Human Resources Manager Master's Degree 8.0 years experience Female 35.0 years old
26.0,Male,Bachelor's Degree,Software Engineer,1.0,52000.0,Software Engineer Bachelor's Degree 1.0 years experience Male 26.0 years old
30.0,Female,Bachelor's Degree,Marketing Coordinator,4.0,58000.0,Marketing Coordinator Bachelor's Degree 4.0 years experience Female 30.0 years old
48.0,Male,PhD,Data Scientist,22.0,219000.0,Data Scientist PhD 22.0 years experience Male 48.0 years old
32.0,Female,Master's Degree,Marketing Manager,6.0,77000.0,Marketing Manager Master's Degree 6.0 years experience Female 32.0 years old
34.0,Male,Bachelor's Degree,Operations Manager,8.0,104000.0,Operations Manager Bachelor's Degree 8.0 years experience Male 34.0 years old
31.0,Female,High School,Junior Sales Associate,1.0,25000.0,Junior Sales Associate High School 1.0 years experience Female 31.0 years old
45.0,Male,Master's Degree,Marketing Manager,20.0,204000.0,Marketing Manager Master's Degree 20.0 years experience Male 45.0 years old
28.0,Female,Bachelor's Degree,Junior Software Developer,2.0,37000.0,Junior Software Developer Bachelor's Degree 2.0 years experience Female 28.0 years old
44.0,Female,PhD,Data Scientist,18.0,183000.0,Data Scientist PhD 18.0 years experience Female 44.0 years old
38.0,Male,Bachelor's Degree,Operations Manager,11.0,119000.0,Operations Manager Bachelor's Degree 11.0 years experience Male 38.0 years old
30.0,Female,High School,Junior Sales Associate,1.0,25000.0,Junior Sales Associate High School 1.0 years experience Female 30.0 years old
45.0,Male,Master's Degree,Marketing Manager,20.0,204000.0,Marketing Manager Master's Degree 20.0 years experience Male 45.0 years old
27.0,Female,Bachelor's Degree,Software Developer,3.0,61000.0,Software Developer Bachelor's Degree 3.0 years experience Female 27.0 years old
41.0,Male,PhD,Data Scientist,15.0,157000.0,Data Scientist PhD 15.0 years experience Male 41.0 years old
35.0,Female,Master's Degree,Human Resources Manager,8.0,92000.0,Human Resources Manager Master's Degree 8.0 years experience Female 35.0 years old
26.0,Male,Bachelor's Degree,Software Engineer,1.0,52000.0,Software Engineer Bachelor's Degree 1.0 years experience Male 26.0 years old
30.0,Female,Bachelor's Degree,Marketing Coordinator,4.0,58000.0,Marketing Coordinator Bachelor's Degree 4.0 years experience Female 30.0 years old
48.0,Male,PhD,Data Scientist,22.0,219000.0,Data Scientist PhD 22.0 years experience Male 48.0 years old
32.0,Female,Master's Degree,Marketing Manager,6.0,77000.0,Marketing Manager Master's Degree 6.0 years experience Female 32.0 years old
34.0,Male,Bachelor's Degree,Operations Manager,8.0,104000.0,Operations Manager Bachelor's Degree 8.0 years experience Male 34.0 years old
31.0,Female,High School,Junior Sales Associate,1.0,25000.0,Junior Sales Associate High School 1.0 years experience Female 31.0 years old
45.0,Male,Master's Degree,Marketing Manager,20.0,204000.0,Marketing Manager Master's Degree 20.0 years experience Male 45.0 years old
28.0,Female,Bachelor's Degree,Junior Software Developer,2.0,37000.0,Junior Software Developer Bachelor's Degree 2.0 years experience Female 28.0 years old
44.0,Female,PhD,Data Scientist,18.0,183000.0,Data Scientist PhD 18.0 years experience Female 44.0 years old
38.0,Male,Bachelor's Degree,Operations Manager,11.0,119000.0,Operations Manager Bachelor's Degree 11.0 years experience Male 38.0 years old
30.0,Female,High School,Junior Sales Associate,1.0,25000.0,Junior Sales Associate High School 1.0 years experience Female 30.0 years old
45.0,Male,Master's Degree,Marketing Manager,20.0,204000.0,Marketing Manager Master's Degree 20.0 years experience Male 45.0 years old
27.0,Female,Bachelor's Degree,Software Developer,3.0,61000.0,Software Developer Bachelor's Degree 3.0 years experience Female 27.0 years old
41.0,Male,PhD,Data Scientist,15.0,157000.0,Data Scientist PhD 15.0 years experience Male 41.0 years old
35.0,Female,Master's Degree,Human Resources Manager,8.0,92000.0,Human Resources Manager Master's Degree 8.0 years experience Female 35.0 years old
26.0,Male,Bachelor's Degree,Software Engineer,1.0,52000.0,Software Engineer Bachelor's Degree 1.0 years experience Male 26.0 years old
30.0,Female,Bachelor's Degree,Marketing Coordinator,4.0,58000.0,Marketing Coordinator Bachelor's Degree 4.0 years experience Female 30.0 years old
48.0,Male,PhD,Data Scientist,22.0,219000.0,Data Scientist PhD 22.0 years experience Male 48.0 years old
32.0,Female,Master's Degree,Marketing Manager,6.0,77000.0,Marketing Manager Master's Degree 6.0 years experience Female 32.0 years old
34.0,Male,Bachelor's Degree,Operations Manager,8.0,104000.0,Operations Manager Bachelor's Degree 8.0 years experience Male 34.0 years old
31.0,Female,High School,Junior Sales Associate,1.0,25000.0,Junior Sales Associate High School 1.0 years experience Female 31.0 years old
45.0,Male,Master's Degree,Marketing Manager,20.0,204000.0,Marketing Manager Master's Degree 20.0 years experience Male 45.0 years old
28.0,Female,Bachelor's Degree,Junior Software Developer,2.0,37000.0,Junior Software Developer Bachelor's Degree 2.0 years experience Female 28.0 years old
44.0,Female,PhD,Data Scientist,18.0,183000.0,Data Scientist PhD 18.0 years experience Female 44.0 years old
38.0,Male,Bachelor's Degree,Operations Manager,11.0,119000.0,Operations Manager Bachelor's Degree 11.0 years experience Male 38.0 years old
30.0,Female,High School,Junior Sales Associate,1.0,25000.0,Junior Sales Associate High School 1.0 years experience Female 30.0 years old
45.0,Male,Master's Degree,Marketing Manager,20.0,204000.0,Marketing Manager Master's Degree 20.0 years experience Male 45.0 years old
27.0,Female,Bachelor's Degree,Software Developer,3.0,61000.0,Software Developer Bachelor's Degree 3.0 years experience Female 27.0 years old
41.0,Male,PhD,Data Scientist,15.0,157000.0,Data Scientist PhD 15.0 years experience Male 41.0 years old
35.0,Female,Master's Degree,Human Resources Manager,8.0,92000.0,Human Resources Manager Master's Degree 8.0 years experience Female 35.0 years old
26.0,Male,Bachelor's Degree,Software Engineer,1.0,52000.0,Software Engineer Bachelor's Degree 1.0 years experience Male 26.0 years old
30.0,Female,Bachelor's Degree,Marketing Coordinator,4.0,58000.0,Marketing Coordinator Bachelor's Degree 4.0 years experience Female 30.0 years old
48.0,Male,PhD,Data Scientist,22.0,219000.0,Data Scientist PhD 22.0 years experience Male 48.0 years old
32.0,Female,Master's Degree,Marketing Manager,6.0,77000.0,Marketing Manager Master's Degree 6.0 years experience Female 32.0 years old
34.0,Male,Bachelor's Degree,Operations Manager,8.0,104000.0,Operations Manager Bachelor's Degree 8.0 years experience Male 34.0 years old
31.0,Female,High School,Junior Sales Associate,1.0,25000.0,Junior Sales Associate High School 1.0 years experience Female 31.0 years old
45.0,Male,Master's Degree,Marketing Manager,20.0,204000.0,Marketing Manager Master's Degree 20.0 years experience Male 45.0 years old
28.0,Female,Bachelor's Degree,Junior Software Developer,2.0,37000.0,Junior Software Developer Bachelor's Degree 2.0 years experience Female 28.0 years old
44.0,Female,PhD,Data Scientist,18.0,183000.0,Data Scientist PhD 18.0 years experience Female 44.0 years old
38.0,Male,Bachelor's Degree,Operations Manager,11.0,119000.0,Operations Manager Bachelor's Degree 11.0 years experience Male 38.0 years old
30.0,Female,High School,Junior Sales Associate,1.0,25000.0,Junior Sales Associate High School 1.0 years experience Female 30.0 years old
45.0,Male,Master's Degree,Marketing Manager,20.0,204000.0,Marketing Manager Master's Degree 20.0 years experience Male 45.0 years old
27.0,Female,Bachelor's Degree,Software Developer,3.0,61000.0,Software Developer Bachelor's Degree 3.0 years experience Female 27.0 years old
41.0,Male,PhD,Data Scientist,15.0,157000.0,Data Scientist PhD 15.0 years experience Male 41.0 years old
35.0,Female,Master's Degree,Human Resources Manager,8.0,92000.0,Human Resources Manager Master's Degree 8.0 years experience Female 35.0 years old
26.0,Male,Bachelor's Degree,Software Engineer,1.0,52000.0,Software Engineer Bachelor's Degree 1.0 years experience Male 26.0 years old
30.0,Female,Bachelor's Degree,Marketing Coordinator,4.0,58000.0,Marketing Coordinator Bachelor's Degree 4.0 years experience Female 30.0 years old
48.0,Male,PhD,Data Scientist,22.0,219000.0,Data Scientist PhD 22.0 years experience Male 48.0 years old
32.0,Female,Master's Degree,Marketing Manager,6.0,77000.0,Marketing Manager Master's Degree 6.0 years experience Female 32.0 years old
34.0,Male,Bachelor's Degree,Operations Manager,8.0,104000.0,Operations Manager Bachelor's Degree 8.0 years experience Male 34.0 years old
31.0,Female,High School,Junior Sales Associate,1.0,25000.0,Junior Sales Associate High School 1.0 years experience Female 31.0 years old
45.0,Male,Master's Degree,Marketing Manager,20.0,204000.0,Marketing Manager Master's Degree 20.0 years experience Male 45.0 years old
28.0,Female,Bachelor's Degree,Junior Software Developer,2.0,37000.0,Junior Software Developer Bachelor's Degree 2.0 years experience Female 28.0 years old
44.0,Female,PhD,Data Scientist,18.0,183000.0,Data Scientist PhD 18.0 years experience Female 44.0 years old
38.0,Male,Bachelor's Degree,Operations Manager,11.0,119000.0,Operations Manager Bachelor's Degree 11.0 years experience Male 38.0 years old
30.0,Female,High School,Junior Sales Associate,1.0,25000.0,Junior Sales Associate High School 1.0 years experience Female 30.0 years old
45.0,Male,Master's Degree,Marketing Manager,20.0,204000.0,Marketing Manager Master's Degree 20.0 years experience Male 45.0 years old
27.0,Female,Bachelor's Degree,Software Developer,3.0,61000.0,Software Developer Bachelor's Degree 3.0 years experience Female 27.0 years old
41.0,Male,PhD,Data Scientist,15.0,157000.0,Data Scientist PhD 15.0 years experience Male 41.0 years old
35.0,Female,Master's Degree,Human Resources Manager,8.0,92000.0,Human Resources Manager Master's Degree 8.0 years experience Female 35.0 years old
26.0,Male,Bachelor's Degree,Software Engineer,1.0,52000.0,Software Engineer Bachelor's Degree 1.0 years experience Male 26.0 years old
30.0,Female,Bachelor's Degree,Marketing Coordinator,4.0,58000.0,Marketing Coordinator Bachelor's Degree 4.0 years experience Female 30.0 years old
48.0,Male,PhD,Data Scientist,22.0,219000.0,Data Scientist PhD 22.0 years experience Male 48.0 years old
32.0,Female,Master's Degree,Marketing Manager,6.0,77000.0,Marketing Manager Master's Degree 6.0 years experience Female 32.0 years old
34.0,Male,Bachelor's Degree,Operations Manager,8.0,104000.0,Operations Manager Bachelor's Degree 8.0 years experience Male 34.0 years old
31.0,Female,High School,Junior Sales Associate,1.0,25000.0,Junior Sales Associate High School 1.0 years experience Female 31.0 years old
45.0,Male,Master's Degree,Marketing Manager,20.0,204000.0,Marketing Manager Master's Degree 20.0 years experience Male 45.0 years old
28.0,Female,Bachelor's Degree,Junior Software Developer,2.0,37000.0,Junior Software Developer Bachelor's Degree 2.0 years experience Female 28.0 years old
44.0,Female,PhD,Data Scientist,18.0,183000.0,Data Scientist PhD 18.0 years experience Female 44.0 years old
38.0,Male,Bachelor's Degree,Operations Manager,11.0,119000.0,Operations Manager Bachelor's Degree 11.0 years experience Male 38.0 years old
30.0,Female,High School,Junior Sales Associate,1.0,25000.0,Junior Sales Associate High School 1.0 years experience Female 30.0 years old
45.0,Male,Master's Degree,Marketing Manager,20.0,204000.0,Marketing Manager Master's Degree 20.0 years experience Male 45.0 years old
27.0,Female,Bachelor's Degree,Software Developer,3.0,61000.0,Software Developer Bachelor's Degree 3.0 years experience Female 27.0 years old
41.0,Male,PhD,Data Scientist,15.0,157000.0,Data Scientist PhD 15.0 years experience Male 41.0 years old
35.0,Female,Master's Degree,Human Resources Manager,8.0,92000.0,Human Resources Manager Master's Degree 8.0 years experience Female 35.0 years old
26.0,Male,Bachelor's Degree,Software Engineer,1.0,52000.0,Software Engineer Bachelor's Degree 1.0 years experience Male 26.0 years old
30.0,Female,Bachelor's Degree,Marketing Coordinator,4.0,58000.0,Marketing Coordinator Bachelor's Degree 4.0 years experience Female 30.0 years old
48.0,Male,PhD,Data Scientist,22.0,219000.0,Data Scientist PhD 22.0 years experience Male 48.0 years old
32.0,Female,Master's Degree,Marketing Manager,6.0,77000.0,Marketing Manager Master's Degree 6.0 years experience Female 32.0 years old
31.0,Female,Master's Degree,Director of HR,6.0,95000.0,Director of HR Master's Degree 6.0 years experience Female 31.0 years old
28.0,Male,Bachelor's Degree,Junior Web Developer,2.0,45000.0,Junior Web Developer Bachelor's Degree 2.0 years experience Male 28.0 years old
29.0,Female,Master's Degree,Senior HR Generalist,4.0,70000.0,Senior HR Generalist Master's Degree 4.0 years experience Female 29.0 years old
35.0,Male,PhD,Senior Human Resources Manager,10.0,110000.0,Senior Human Resources Manager PhD 10.0 years experience Male 35.0 years old
26.0,Female,High School,Web Developer,1.0,35000.0,Web Developer High School 1.0 years experience Female 26.0 years old
32.0,Male,Bachelor's Degree,Junior HR Generalist,5.0,60000.0,Junior HR Generalist Bachelor's Degree 5.0 years experience Male 32.0 years old
27.0,Female,Master's Degree,Web Developer,2.0,50000.0,Web Developer Master's Degree 2.0 years experience Female 27.0 years old
39.0,Male,Master's Degree,Director of HR,12.0,120000.0,Director of HR Master's Degree 12.0 years experience Male 39.0 years old
23.0,Female,Bachelor's Degree,Junior HR Generalist,1.0,32000.0,Junior HR Generalist Bachelor's Degree 1.0 years experience Female 23.0 years old
30.0,Male,Bachelor's Degree,Web Developer,4.0,65000.0,Web Developer Bachelor's Degree 4.0 years experience Male 30.0 years old
26.0,Female,Bachelor's Degree,Junior HR Coordinator,1.0,35000.0,Junior HR Coordinator Bachelor's Degree 1.0 years experience Female 26.0 years old
42.0,Male,PhD,Senior Human Resources Manager,14.0,130000.0,Senior Human Resources Manager PhD 14.0 years experience Male 42.0 years old
34.0,Female,Master's Degree,Director of HR,9.0,95000.0,Director of HR Master's Degree 9.0 years experience Female 34.0 years old
28.0,Male,High School,Juniour HR Generalist,2.0,43000.0,Juniour HR Generalist High School 2.0 years experience Male 28.0 years old
31.0,Female,Bachelor's Degree,Junior HR Coordinator,4.0,50000.0,Junior HR Coordinator Bachelor's Degree 4.0 years experience Female 31.0 years old
29.0,Male,Bachelor's Degree,Web Developer,3.0,60000.0,Web Developer Bachelor's Degree 3.0 years experience Male 29.0 years old
35.0,Female,Master's Degree,Senior HR Generalist,8.0,80000.0,Senior HR Generalist Master's Degree 8.0 years experience Female 35.0 years old
26.0,Male,Master's Degree,Junior Web Developer,2.0,48000.0,Junior Web Developer Master's Degree 2.0 years experience Male 26.0 years old
40.0,Female,PhD,Director of HR,13.0,125000.0,Director of HR PhD 13.0 years experience Female 40.0 years old
34.0,Male,Bachelor's Degree,Web Developer,7.0,85000.0,Web Developer Bachelor's Degree 7.0 years experience Male 34.0 years old
26.0,Female,Bachelor's Degree,Junior HR Generalist,2.0,42000.0,Junior HR Generalist Bachelor's Degree 2.0 years experience Female 26.0 years old
29.0,Male,Master's Degree,Senior HR Generalist,4.0,70000.0,Senior HR Generalist Master's Degree 4.0 years experience Male 29.0 years old
25.0,Female,High School,Juniour HR Coordinator,1.0,32000.0,Juniour HR Coordinator High School 1.0 years experience Female 25.0 years old
33.0,Male,Master's Degree,Web Developer,6.0,80000.0,Web Developer Master's Degree 6.0 years experience Male 33.0 years old
27.0,Female,Bachelor's Degree,Junior HR Generalist,2.0,42000.0,Junior HR Generalist Bachelor's Degree 2.0 years experience Female 27.0 years old
31.0,Male,PhD,Senior Human Resources Manager,7.0,90000.0,Senior Human Resources Manager PhD 7.0 years experience Male 31.0 years old
29.0,Female,Master's Degree,Web Developer,4.0,65000.0,Web Developer Master's Degree 4.0 years experience Female 29.0 years old
24.0,Male,Bachelor's Degree,Junior Web Developer,1.0,40000.0,Junior Web Developer Bachelor's Degree 1.0 years experience Male 24.0 years old
42.0,Female,Master's Degree,Senior HR Generalist,12.0,110000.0,Senior HR Generalist Master's Degree 12.0 years experience Female 42.0 years old
34.0,Male,Master's Degree,Director of HR,10.0,105000.0,Director of HR Master's Degree 10.0 years experience Male 34.0 years old
28.0,Female,Bachelor's Degree,Junior HR Generalist,3.0,50000.0,Junior HR Generalist Bachelor's Degree 3.0 years experience Female 28.0 years old
33.0,Male,PhD,Director of HR,8.0,95000.0,Director of HR PhD 8.0 years experience Male 33.0 years old
29.0,Female,Bachelor's Degree,Web Developer,3.0,60000.0,Web Developer Bachelor's Degree 3.0 years experience Female 29.0 years old
25.0,Male,High School,Junior HR Generalist,2.0,40000.0,Junior HR Generalist High School 2.0 years experience Male 25.0 years old
26.0,Female,Master's Degree,Senior HR Generalist,2.0,55000.0,Senior HR Generalist Master's Degree 2.0 years experience Female 26.0 years old
30.0,Male,Bachelor's Degree,Web Developer,5.0,70000.0,Web Developer Bachelor's Degree 5.0 years experience Male 30.0 years old
24.0,Female,High School,Juniour HR Coordinator,1.0,32000.0,Juniour HR Coordinator High School 1.0 years experience Female 24.0 years old
31.0,Male,Master's Degree,Director of HR,7.0,90000.0,Director of HR Master's Degree 7.0 years experience Male 31.0 years old
27.0,Female,Bachelor's Degree,Web Developer,2.0,50000.0,Web Developer Bachelor's Degree 2.0 years experience Female 27.0 years old
35.0,Male,PhD,Senior Human Resources Manager,10.0,110000.0,Senior Human Resources Manager PhD 10.0 years experience Male 35.0 years old
26.0,Female,Bachelor's Degree,Junior HR Generalist,1.0,32000.0,Junior HR Generalist Bachelor's Degree 1.0 years experience Female 26.0 years old
32.0,Male,Master's Degree,Web Developer,6.0,80000.0,Web Developer Master's Degree 6.0 years experience Male 32.0 years old
29.0,Female,Master's Degree,Senior HR Generalist,4.0,70000.0,Senior HR Generalist Master's Degree 4.0 years experience Female 29.0 years old
25.0,Male,High School,Web Developer,2.0,45000.0,Web Developer High School 2.0 years experience Male 25.0 years old
33.0,Female,Bachelor's Degree,Junior HR Generalist,7.0,65000.0,Junior HR Generalist Bachelor's Degree 7.0 years experience Female 33.0 years old
27.0,Male,Master's Degree,Web Developer,2.0,50000.0,Web Developer Master's Degree 2.0 years experience Male 27.0 years old
28.0,Female,Bachelor's Degree,Junior HR Coordinator,3.0,45000.0,Junior HR Coordinator Bachelor's Degree 3.0 years experience Female 28.0 years old
34.0,Male,PhD,Director of HR,9.0,95000.0,Director of HR PhD 9.0 years experience Male 34.0 years old
30.0,Female,Bachelor's Degree,Web Developer,4.0,65000.0,Web Developer Bachelor's Degree 4.0 years experience Female 30.0 years old
26.0,Male,Bachelor's Degree,Junior HR Coordinator,2.0,38000.0,Junior HR Coordinator Bachelor's Degree 2.0 years experience Male 26.0 years old
42.0,Female,Master's Degree,Senior Human Resources Manager,13.0,125000.0,Senior Human Resources Manager Master's Degree 13.0 years experience Female 42.0 years old
34.0,Male,Master's Degree,Web Developer,8.0,90000.0,Web Developer Master's Degree 8.0 years experience Male 34.0 years old
28.0,Female,High School,Juniour HR Generalist,2.0,43000.0,Juniour HR Generalist High School 2.0 years experience Female 28.0 years old
31.0,Male,Bachelor's Degree,Junior HR Generalist,5.0,60000.0,Junior HR Generalist Bachelor's Degree 5.0 years experience Male 31.0 years old
29.0,Female,Master's Degree,Web Developer,3.0,60000.0,Web Developer Master's Degree 3.0 years experience Female 29.0 years old
35.0,Male,PhD,Senior Human Resources Manager,10.0,110000.0,Senior Human Resources Manager PhD 10.0 years experience Male 35.0 years old
26.0,Female,Bachelor's Degree,Web Developer,1.0,35000.0,Web Developer Bachelor's Degree 1.0 years experience Female 26.0 years old
32.0,Male,Master's Degree,Director of HR,6.0,95000.0,Director of HR Master's Degree 6.0 years experience Male 32.0 years old
27.0,Female,Master's Degree,Junior HR Generalist,2.0,42000.0,Junior HR Generalist Master's Degree 2.0 years experience Female 27.0 years old
39.0,Male,Master's Degree,Senior HR Generalist,11.0,100000.0,Senior HR Generalist Master's Degree 11.0 years experience Male 39.0 years old
23.0,Female,Bachelor's Degree,Junior HR Coordinator,1.0,32000.0,Junior HR Coordinator Bachelor's Degree 1.0 years experience Female 23.0 years old
30.0,Male,Bachelor's Degree,Web Developer,4.0,65000.0,Web Developer Bachelor's Degree 4.0 years experience Male 30.0 years old
26.0,Female,Bachelor's Degree,Junior HR Generalist,2.0,42000.0,Junior HR Generalist Bachelor's Degree 2.0 years experience Female 26.0 years old
42.0,Male,PhD,Director of HR,14.0,130000.0,Director of HR PhD 14.0 years experience Male 42.0 years old
34.0,Female,Master's Degree,Director of HR,9.0,95000.0,Director of HR Master's Degree 9.0 years experience Female 34.0 years old
28.0,Male,High School,Junior Web Developer,2.0,43000.0,Junior Web Developer High School 2.0 years experience Male 28.0 years old
31.0,Female,Bachelor's Degree,Junior HR Coordinator,4.0,50000.0,Junior HR Coordinator Bachelor's Degree 4.0 years experience Female 31.0 years old
29.0,Male,Bachelor's Degree,Web Developer,3.0,60000.0,Web Developer Bachelor's Degree 3.0 years experience Male 29.0 years old
35.0,Female,Master's Degree,Senior HR Generalist,8.0,80000.0,Senior HR Generalist Master's Degree 8.0 years experience Female 35.0 years old
26.0,Male,Master's Degree,Junior Web Developer,2.0,48000.0,Junior Web Developer Master's Degree 2.0 years experience Male 26.0 years old
40.0,Female,PhD,Director of HR,13.0,125000.0,Director of HR PhD 13.0 years experience Female 40.0 years old
34.0,Male,Bachelor's Degree,Web Developer,7.0,85000.0,Web Developer Bachelor's Degree 7.0 years experience Male 34.0 years old
26.0,Female,Bachelor's Degree,Junior HR Generalist,2.0,42000.0,Junior HR Generalist Bachelor's Degree 2.0 years experience Female 26.0 years old
29.0,Male,Master's Degree,Senior HR Generalist,4.0,70000.0,Senior HR Generalist Master's Degree 4.0 years experience Male 29.0 years old
25.0,Female,High School,Junior HR Coordinator,1.0,32000.0,Junior HR Coordinator High School 1.0 years experience Female 25.0 years old
33.0,Male,Master's Degree,Web Developer,6.0,80000.0,Web Developer Master's Degree 6.0 years experience Male 33.0 years old
27.0,Female,Bachelor's Degree,Junior HR Generalist,2.0,42000.0,Junior HR Generalist Bachelor's Degree 2.0 years experience Female 27.0 years old
31.0,Male,PhD,Senior Human Resources Manager,7.0,90000.0,Senior Human Resources Manager PhD 7.0 years experience Male 31.0 years old
29.0,Female,Master's Degree,Web Developer,4.0,65000.0,Web Developer Master's Degree 4.0 years experience Female 29.0 years old
24.0,Male,Bachelor's Degree,Junior Web Developer,1.0,40000.0,Junior Web Developer Bachelor's Degree 1.0 years experience Male 24.0 years old
42.0,Female,Master's Degree,Senior HR Generalist,12.0,110000.0,Senior HR Generalist Master's Degree 12.0 years experience Female 42.0 years old
34.0,Male,Master's Degree,Director of HR,10.0,105000.0,Director of HR Master's Degree 10.0 years experience Male 34.0 years old
28.0,Female,Bachelor's Degree,Junior HR Generalist,3.0,50000.0,Junior HR Generalist Bachelor's Degree 3.0 years experience Female 28.0 years old
33.0,Male,PhD,Director of HR,8.0,95000.0,Director of HR PhD 8.0 years experience Male 33.0 years old
29.0,Female,Bachelor's Degree,Web Developer,3.0,60000.0,Web Developer Bachelor's Degree 3.0 years experience Female 29.0 years old
25.0,Male,High School,Junior HR Generalist,2.0,40000.0,Junior HR Generalist High School 2.0 years experience Male 25.0 years old
26.0,Female,Master's Degree,Senior HR Generalist,2.0,55000.0,Senior HR Generalist Master's Degree 2.0 years experience Female 26.0 years old
30.0,Male,Bachelor's Degree,Web Developer,5.0,70000.0,Web Developer Bachelor's Degree 5.0 years experience Male 30.0 years old
24.0,Female,High School,Juniour HR Coordinator,1.0,32000.0,Juniour HR Coordinator High School 1.0 years experience Female 24.0 years old
31.0,Male,Master's Degree,Director of HR,7.0,90000.0,Director of HR Master's Degree 7.0 years experience Male 31.0 years old
27.0,Female,Bachelor's Degree,Web Developer,2.0,50000.0,Web Developer Bachelor's Degree 2.0 years experience Female 27.0 years old
35.0,Male,PhD,Senior Human Resources Manager,10.0,110000.0,Senior Human Resources Manager PhD 10.0 years experience Male 35.0 years old
26.0,Female,Bachelor's Degree,Junior HR Generalist,1.0,32000.0,Junior HR Generalist Bachelor's Degree 1.0 years experience Female 26.0 years old
32.0,Male,Master's Degree,Web Developer,6.0,80000.0,Web Developer Master's Degree 6.0 years experience Male 32.0 years old
29.0,Female,Master's Degree,Senior HR Generalist,4.0,70000.0,Senior HR Generalist Master's Degree 4.0 years experience Female 29.0 years old
25.0,Male,High School,Web Developer,2.0,45000.0,Web Developer High School 2.0 years experience Male 25.0 years old
33.0,Female,Bachelor's Degree,Junior HR Generalist,7.0,65000.0,Junior HR Generalist Bachelor's Degree 7.0 years experience Female 33.0 years old
27.0,Male,Master's Degree,Web Developer,2.0,50000.0,Web Developer Master's Degree 2.0 years experience Male 27.0 years old
28.0,Female,Bachelor's Degree,Junior HR Coordinator,3.0,45000.0,Junior HR Coordinator Bachelor's Degree 3.0 years experience Female 28.0 years old
34.0,Male,PhD,Director of HR,9.0,95000.0,Director of HR PhD 9.0 years experience Male 34.0 years old
30.0,Female,Bachelor's Degree,Web Developer,4.0,65000.0,Web Developer Bachelor's Degree 4.0 years experience Female 30.0 years old
26.0,Male,Bachelor's Degree,Junior HR Coordinator,2.0,38000.0,Junior HR Coordinator Bachelor's Degree 2.0 years experience Male 26.0 years old
42.0,Female,Master's Degree,Senior Human Resources Manager,13.0,125000.0,Senior Human Resources Manager Master's Degree 13.0 years experience Female 42.0 years old
34.0,Male,Master's Degree,Web Developer,8.0,90000.0,Web Developer Master's Degree 8.0 years experience Male 34.0 years old
28.0,Female,High School,Juniour HR Generalist,2.0,43000.0,Juniour HR Generalist High School 2.0 years experience Female 28.0 years old
31.0,Male,Bachelor's Degree,Junior HR Generalist,5.0,60000.0,Junior HR Generalist Bachelor's Degree 5.0 years experience Male 31.0 years old
29.0,Female,Master's Degree,Web Developer,3.0,60000.0,Web Developer Master's Degree 3.0 years experience Female 29.0 years old
35.0,Male,PhD,Senior Human Resources Manager,10.0,110000.0,Senior Human Resources Manager PhD 10.0 years experience Male 35.0 years old
26.0,Female,Bachelor's Degree,Web Developer,1.0,35000.0,Web Developer Bachelor's Degree 1.0 years experience Female 26.0 years old
32.0,Male,Master's Degree,Director of HR,6.0,95000.0,Director of HR Master's Degree 6.0 years experience Male 32.0 years old
27.0,Female,Master's Degree,Junior HR Generalist,2.0,42000.0,Junior HR Generalist Master's Degree 2.0 years experience Female 27.0 years old
39.0,Male,Master's Degree,Senior HR Generalist,11.0,100000.0,Senior HR Generalist Master's Degree 11.0 years experience Male 39.0 years old
23.0,Female,Bachelor's Degree,Junior HR Coordinator,1.0,32000.0,Junior HR Coordinator Bachelor's Degree 1.0 years experience Female 23.0 years old
30.0,Male,Bachelor's Degree,Web Developer,4.0,65000.0,Web Developer Bachelor's Degree 4.0 years experience Male 30.0 years old
26.0,Female,Bachelor's Degree,Junior HR Generalist,2.0,42000.0,Junior HR Generalist Bachelor's Degree 2.0 years experience Female 26.0 years old
42.0,Male,PhD,Director of HR,14.0,130000.0,Director of HR PhD 14.0 years experience Male 42.0 years old
34.0,Female,Master's Degree,Director of HR,9.0,95000.0,Director of HR Master's Degree 9.0 years experience Female 34.0 years old
28.0,Male,High School,Junior Web Developer,2.0,43000.0,Junior Web Developer High School 2.0 years experience Male 28.0 years old
31.0,Female,Bachelor's Degree,Junior HR Coordinator,4.0,500.0,Junior HR Coordinator Bachelor's Degree 4.0 years experience Female 31.0 years old
27.0,Female,Bachelor's Degree,Junior Software Engineer,1.0,45000.0,Junior Software Engineer Bachelor's Degree 1.0 years experience Female 27.0 years old
33.0,Male,Master's Degree,Senior Data Scientist,8.0,120000.0,Senior Data Scientist Master's Degree 8.0 years experience Male 33.0 years old
29.0,Female,Bachelor's Degree,Marketing Coordinator,3.0,55000.0,Marketing Coordinator Bachelor's Degree 3.0 years experience Female 29.0 years old
31.0,Male,Bachelor's Degree,Junior Marketing Manager,5.0,70000.0,Junior Marketing Manager Bachelor's Degree 5.0 years experience Male 31.0 years old
38.0,Female,PhD,Senior Research Scientist,12.0,140000.0,Senior Research Scientist PhD 12.0 years experience Female 38.0 years old
25.0,Male,High School,Junior Sales Associate,1.0,30000.0,Junior Sales Associate High School 1.0 years experience Male 25.0 years old
32.0,Female,Master's Degree,Senior Software Engineer,7.0,100000.0,Senior Software Engineer Master's Degree 7.0 years experience Female 32.0 years old
27.0,Male,Bachelor's Degree,Junior Data Analyst,2.0,50000.0,Junior Data Analyst Bachelor's Degree 2.0 years experience Male 27.0 years old
29.0,Female,Bachelor's Degree,Junior Marketing Manager,3.0,55000.0,Junior Marketing Manager Bachelor's Degree 3.0 years experience Female 29.0 years old
35.0,Male,PhD,Senior Research Scientist,10.0,130000.0,Senior Research Scientist PhD 10.0 years experience Male 35.0 years old
26.0,Female,Bachelor's Degree,Junior Software Engineer,1.0,45000.0,Junior Software Engineer Bachelor's Degree 1.0 years experience Female 26.0 years old
33.0,Male,Master's Degree,Senior Data Scientist,8.0,120000.0,Senior Data Scientist Master's Degree 8.0 years experience Male 33.0 years old
29.0,Female,Bachelor's Degree,Marketing Coordinator,3.0,55000.0,Marketing Coordinator Bachelor's Degree 3.0 years experience Female 29.0 years old
31.0,Male,Bachelor's Degree,Junior Marketing Manager,5.0,70000.0,Junior Marketing Manager Bachelor's Degree 5.0 years experience Male 31.0 years old
38.0,Female,PhD,Senior Research Scientist,12.0,140000.0,Senior Research Scientist PhD 12.0 years experience Female 38.0 years old
25.0,Male,High School,Junior Sales Associate,1.0,30000.0,Junior Sales Associate High School 1.0 years experience Male 25.0 years old
32.0,Female,Master's Degree,Senior Software Engineer,7.0,100000.0,Senior Software Engineer Master's Degree 7.0 years experience Female 32.0 years old
27.0,Male,Bachelor's Degree,Junior Data Analyst,2.0,50000.0,Junior Data Analyst Bachelor's Degree 2.0 years experience Male 27.0 years old
29.0,Female,Bachelor's Degree,Junior Marketing Manager,3.0,55000.0,Junior Marketing Manager Bachelor's Degree 3.0 years experience Female 29.0 years old
35.0,Male,PhD,Senior Research Scientist,10.0,130000.0,Senior Research Scientist PhD 10.0 years experience Male 35.0 years old
26.0,Female,Bachelor's Degree,Junior Software Engineer,1.0,45000.0,Junior Software Engineer Bachelor's Degree 1.0 years experience Female 26.0 years old
33.0,Male,Master's Degree,Senior Data Scientist,8.0,120000.0,Senior Data Scientist Master's Degree 8.0 years experience Male 33.0 years old
29.0,Female,Bachelor's Degree,Marketing Coordinator,3.0,55000.0,Marketing Coordinator Bachelor's Degree 3.0 years experience Female 29.0 years old
31.0,Male,Bachelor's Degree,Junior Marketing Manager,5.0,70000.0,Junior Marketing Manager Bachelor's Degree 5.0 years experience Male 31.0 years old
38.0,Female,PhD,Senior Research Scientist,12.0,140000.0,Senior Research Scientist PhD 12.0 years experience Female 38.0 years old
25.0,Male,High School,Junior Sales Associate,1.0,30000.0,Junior Sales Associate High School 1.0 years experience Male 25.0 years old
32.0,Female,Master's Degree,Senior Software Engineer,7.0,100000.0,Senior Software Engineer Master's Degree 7.0 years experience Female 32.0 years old
27.0,Male,Bachelor's Degree,Junior Data Analyst,2.0,50000.0,Junior Data Analyst Bachelor's Degree 2.0 years experience Male 27.0 years old
29.0,Female,Bachelor's Degree,Junior Marketing Manager,3.0,55000.0,Junior Marketing Manager Bachelor's Degree 3.0 years experience Female 29.0 years old
35.0,Male,PhD,Senior Research Scientist,10.0,130000.0,Senior Research Scientist PhD 10.0 years experience Male 35.0 years old
26.0,Female,Bachelor's Degree,Junior Software Engineer,1.0,45000.0,Junior Software Engineer Bachelor's Degree 1.0 years experience Female 26.0 years old
33.0,Male,Master's Degree,Senior Data Scientist,8.0,120000.0,Senior Data Scientist Master's Degree 8.0 years experience Male 33.0 years old
29.0,Female,Bachelor's Degree,Marketing Coordinator,3.0,55000.0,Marketing Coordinator Bachelor's Degree 3.0 years experience Female 29.0 years old
31.0,Male,Bachelor's Degree,Junior Marketing Manager,5.0,70000.0,Junior Marketing Manager Bachelor's Degree 5.0 years experience Male 31.0 years old
38.0,Female,PhD,Senior Research Scientist,12.0,140000.0,Senior Research Scientist PhD 12.0 years experience Female 38.0 years old
25.0,Male,High School,Junior Sales Associate,1.0,30000.0,Junior Sales Associate High School 1.0 years experience Male 25.0 years old
32.0,Female,Master's Degree,Senior Software Engineer,7.0,100000.0,Senior Software Engineer Master's Degree 7.0 years experience Female 32.0 years old
27.0,Male,Bachelor's Degree,Junior Data Analyst,2.0,50000.0,Junior Data Analyst Bachelor's Degree 2.0 years experience Male 27.0 years old
29.0,Female,Bachelor's Degree,Junior Marketing Manager,3.0,55000.0,Junior Marketing Manager Bachelor's Degree 3.0 years experience Female 29.0 years old
35.0,Male,PhD,Senior Research Scientist,10.0,130000.0,Senior Research Scientist PhD 10.0 years experience Male 35.0 years old
26.0,Female,Bachelor's Degree,Junior Software Engineer,1.0,45000.0,Junior Software Engineer Bachelor's Degree 1.0 years experience Female 26.0 years old
33.0,Male,Master's Degree,Senior Data Scientist,8.0,120000.0,Senior Data Scientist Master's Degree 8.0 years experience Male 33.0 years old
29.0,Female,Bachelor's Degree,Marketing Coordinator,3.0,55000.0,Marketing Coordinator Bachelor's Degree 3.0 years experience Female 29.0 years old
31.0,Male,Bachelor's Degree,Junior Marketing Manager,5.0,70000.0,Junior Marketing Manager Bachelor's Degree 5.0 years experience Male 31.0 years old
38.0,Female,PhD,Senior Research Scientist,12.0,140000.0,Senior Research Scientist PhD 12.0 years experience Female 38.0 years old
25.0,Male,High School,Junior Sales Associate,1.0,30000.0,Junior Sales Associate High School 1.0 years experience Male 25.0 years old
32.0,Female,Master's Degree,Senior Software Engineer,7.0,100000.0,Senior Software Engineer Master's Degree 7.0 years experience Female 32.0 years old
27.0,Male,Bachelor's Degree,Junior Data Analyst,2.0,50000.0,Junior Data Analyst Bachelor's Degree 2.0 years experience Male 27.0 years old
29.0,Female,Bachelor's Degree,Junior Marketing Manager,3.0,55000.0,Junior Marketing Manager Bachelor's Degree 3.0 years experience Female 29.0 years old
35.0,Male,PhD,Senior Research Scientist,10.0,130000.0,Senior Research Scientist PhD 10.0 years experience Male 35.0 years old
26.0,Female,Bachelor's Degree,Junior Software Engineer,1.0,45000.0,Junior Software Engineer Bachelor's Degree 1.0 years experience Female 26.0 years old
33.0,Male,Master's Degree,Senior Data Scientist,8.0,120000.0,Senior Data Scientist Master's Degree 8.0 years experience Male 33.0 years old
29.0,Female,Bachelor's Degree,Marketing Coordinator,3.0,55000.0,Marketing Coordinator Bachelor's Degree 3.0 years experience Female 29.0 years old
31.0,Male,Bachelor's Degree,Junior Marketing Manager,5.0,70000.0,Junior Marketing Manager Bachelor's Degree 5.0 years experience Male 31.0 years old
38.0,Female,PhD,Senior Research Scientist,12.0,140000.0,Senior Research Scientist PhD 12.0 years experience Female 38.0 years old
25.0,Male,High School,Junior Sales Associate,1.0,30000.0,Junior Sales Associate High School 1.0 years experience Male 25.0 years old
32.0,Female,Master's Degree,Senior Software Engineer,7.0,100000.0,Senior Software Engineer Master's Degree 7.0 years experience Female 32.0 years old
27.0,Male,Bachelor's Degree,Junior Data Analyst,2.0,50000.0,Junior Data Analyst Bachelor's Degree 2.0 years experience Male 27.0 years old
29.0,Female,Bachelor's Degree,Junior Marketing Manager,3.0,55000.0,Junior Marketing Manager Bachelor's Degree 3.0 years experience Female 29.0 years old
35.0,Male,PhD,Senior Research Scientist,10.0,130000.0,Senior Research Scientist PhD 10.0 years experience Male 35.0 years old
26.0,Female,Bachelor's Degree,Junior Software Engineer,1.0,45000.0,Junior Software Engineer Bachelor's Degree 1.0 years experience Female 26.0 years old
33.0,Male,Master's Degree,Senior Data Scientist,8.0,120000.0,Senior Data Scientist Master's Degree 8.0 years experience Male 33.0 years old
29.0,Female,Bachelor's Degree,Marketing Coordinator,3.0,55000.0,Marketing Coordinator Bachelor's Degree 3.0 years experience Female 29.0 years old
31.0,Male,Bachelor's Degree,Junior Marketing Manager,5.0,70000.0,Junior Marketing Manager Bachelor's Degree 5.0 years experience Male 31.0 years old
38.0,Female,PhD,Senior Research Scientist,12.0,140000.0,Senior Research Scientist PhD 12.0 years experience Female 38.0 years old
25.0,Male,High School,Junior Sales Associate,1.0,30000.0,Junior Sales Associate High School 1.0 years experience Male 25.0 years old
32.0,Female,Master's Degree,Senior Software Engineer,7.0,100000.0,Senior Software Engineer Master's Degree 7.0 years experience Female 32.0 years old
27.0,Male,Bachelor's Degree,Junior Data Analyst,2.0,50000.0,Junior Data Analyst Bachelor's Degree 2.0 years experience Male 27.0 years old
29.0,Female,Bachelor's Degree,Junior Marketing Manager,3.0,55000.0,Junior Marketing Manager Bachelor's Degree 3.0 years experience Female 29.0 years old
35.0,Male,PhD,Senior Research Scientist,10.0,130000.0,Senior Research Scientist PhD 10.0 years experience Male 35.0 years old
26.0,Female,Bachelor's Degree,Junior Software Engineer,1.0,45000.0,Junior Software Engineer Bachelor's Degree 1.0 years experience Female 26.0 years old
33.0,Male,Master's Degree,Senior Data Scientist,8.0,120000.0,Senior Data Scientist Master's Degree 8.0 years experience Male 33.0 years old
29.0,Female,Bachelor's Degree,Marketing Coordinator,3.0,55000.0,Marketing Coordinator Bachelor's Degree 3.0 years experience Female 29.0 years old
31.0,Male,Bachelor's Degree,Junior Marketing Manager,5.0,70000.0,Junior Marketing Manager Bachelor's Degree 5.0 years experience Male 31.0 years old
38.0,Female,PhD,Senior Research Scientist,12.0,140000.0,Senior Research Scientist PhD 12.0 years experience Female 38.0 years old
25.0,Male,High School,Junior Sales Associate,1.0,30000.0,Junior Sales Associate High School 1.0 years experience Male 25.0 years old
32.0,Female,Master's Degree,Senior Software Engineer,7.0,100000.0,Senior Software Engineer Master's Degree 7.0 years experience Female 32.0 years old
27.0,Male,Bachelor's Degree,Junior Data Analyst,2.0,50000.0,Junior Data Analyst Bachelor's Degree 2.0 years experience Male 27.0 years old
29.0,Female,Bachelor's Degree,Junior Marketing Manager,3.0,55000.0,Junior Marketing Manager Bachelor's Degree 3.0 years experience Female 29.0 years old
35.0,Male,PhD,Senior Research Scientist,10.0,130000.0,Senior Research Scientist PhD 10.0 years experience Male 35.0 years old
26.0,Female,Bachelor's Degree,Junior Software Engineer,1.0,45000.0,Junior Software Engineer Bachelor's Degree 1.0 years experience Female 26.0 years old
33.0,Male,Master's Degree,Senior Data Scientist,8.0,120000.0,Senior Data Scientist Master's Degree 8.0 years experience Male 33.0 years old
29.0,Female,Bachelor's Degree,Marketing Coordinator,3.0,55000.0,Marketing Coordinator Bachelor's Degree 3.0 years experience Female 29.0 years old
31.0,Male,Bachelor's Degree,Junior Marketing Manager,5.0,70000.0,Junior Marketing Manager Bachelor's Degree 5.0 years experience Male 31.0 years old
38.0,Female,PhD,Senior Research Scientist,12.0,140000.0,Senior Research Scientist PhD 12.0 years experience Female 38.0 years old
25.0,Male,High School,Junior Sales Associate,1.0,30000.0,Junior Sales Associate High School 1.0 years experience Male 25.0 years old
32.0,Female,Master's Degree,Senior Software Engineer,7.0,100000.0,Senior Software Engineer Master's Degree 7.0 years experience Female 32.0 years old
27.0,Male,Bachelor's Degree,Junior Data Analyst,2.0,50000.0,Junior Data Analyst Bachelor's Degree 2.0 years experience Male 27.0 years old
29.0,Female,Bachelor's Degree,Junior Marketing Manager,3.0,55000.0,Junior Marketing Manager Bachelor's Degree 3.0 years experience Female 29.0 years old
35.0,Male,PhD,Senior Research Scientist,10.0,130000.0,Senior Research Scientist PhD 10.0 years experience Male 35.0 years old
26.0,Female,Bachelor's Degree,Junior Software Engineer,1.0,45000.0,Junior Software Engineer Bachelor's Degree 1.0 years experience Female 26.0 years old
33.0,Male,Master's Degree,Senior Data Scientist,8.0,120000.0,Senior Data Scientist Master's Degree 8.0 years experience Male 33.0 years old
29.0,Female,Bachelor's Degree,Marketing Coordinator,3.0,55000.0,Marketing Coordinator Bachelor's Degree 3.0 years experience Female 29.0 years old
31.0,Male,Bachelor's Degree,Junior Marketing Manager,5.0,70000.0,Junior Marketing Manager Bachelor's Degree 5.0 years experience Male 31.0 years old
38.0,Female,PhD,Senior Research Scientist,12.0,140000.0,Senior Research Scientist PhD 12.0 years experience Female 38.0 years old
25.0,Male,High School,Junior Sales Associate,1.0,30000.0,Junior Sales Associate High School 1.0 years experience Male 25.0 years old
32.0,Female,Master's Degree,Senior Software Engineer,7.0,100000.0,Senior Software Engineer Master's Degree 7.0 years experience Female 32.0 years old
27.0,Male,Bachelor's Degree,Junior Data Analyst,2.0,50000.0,Junior Data Analyst Bachelor's Degree 2.0 years experience Male 27.0 years old
29.0,Female,Bachelor's Degree,Junior Marketing Manager,3.0,55000.0,Junior Marketing Manager Bachelor's Degree 3.0 years experience Female 29.0 years old
35.0,Male,PhD,Senior Research Scientist,10.0,130000.0,Senior Research Scientist PhD 10.0 years experience Male 35.0 years old
26.0,Female,Bachelor's Degree,Junior Software Engineer,1.0,45000.0,Junior Software Engineer Bachelor's Degree 1.0 years experience Female 26.0 years old
33.0,Male,Master's Degree,Senior Data Scientist,8.0,120000.0,Senior Data Scientist Master's Degree 8.0 years experience Male 33.0 years old
29.0,Female,Bachelor's Degree,Marketing Coordinator,3.0,55000.0,Marketing Coordinator Bachelor's Degree 3.0 years experience Female 29.0 years old
31.0,Male,Bachelor's Degree,Junior Marketing Manager,5.0,70000.0,Junior Marketing Manager Bachelor's Degree 5.0 years experience Male 31.0 years old
38.0,Female,PhD,Senior Research Scientist,12.0,140000.0,Senior Research Scientist PhD 12.0 years experience Female 38.0 years old
25.0,Male,High School,Junior Sales Associate,1.0,30000.0,Junior Sales Associate High School 1.0 years experience Male 25.0 years old
32.0,Female,Master's Degree,Senior Software Engineer,7.0,100000.0,Senior Software Engineer Master's Degree 7.0 years experience Female 32.0 years old
27.0,Male,Bachelor's Degree,Junior Data Analyst,2.0,50000.0,Junior Data Analyst Bachelor's Degree 2.0 years experience Male 27.0 years old
29.0,Female,Bachelor's Degree,Junior Marketing Manager,3.0,55000.0,Junior Marketing Manager Bachelor's Degree 3.0 years experience Female 29.0 years old
35.0,Male,PhD,Senior Research Scientist,10.0,130000.0,Senior Research Scientist PhD 10.0 years experience Male 35.0 years old
26.0,Female,Bachelor's Degree,Junior Software Engineer,1.0,45000.0,Junior Software Engineer Bachelor's Degree 1.0 years experience Female 26.0 years old
33.0,Male,Master's Degree,Senior Data Scientist,8.0,120000.0,Senior Data Scientist Master's Degree 8.0 years experience Male 33.0 years old
29.0,Female,Bachelor's Degree,Marketing Coordinator,3.0,55000.0,Marketing Coordinator Bachelor's Degree 3.0 years experience Female 29.0 years old
31.0,Male,Bachelor's Degree,Junior Marketing Manager,5.0,70000.0,Junior Marketing Manager Bachelor's Degree 5.0 years experience Male 31.0 years old
38.0,Female,PhD,Senior Research Scientist,12.0,140000.0,Senior Research Scientist PhD 12.0 years experience Female 38.0 years old
25.0,Male,High School,Junior Sales Associate,1.0,30000.0,Junior Sales Associate High School 1.0 years experience Male 25.0 years old
32.0,Female,Master's Degree,Senior Software Engineer,7.0,100000.0,Senior Software Engineer Master's Degree 7.0 years experience Female 32.0 years old
27.0,Male,Bachelor's Degree,Junior Data Analyst,2.0,50000.0,Junior Data Analyst Bachelor's Degree 2.0 years experience Male 27.0 years old
29.0,Female,Bachelor's Degree,Junior Marketing Manager,3.0,55000.0,Junior Marketing Manager Bachelor's Degree 3.0 years experience Female 29.0 years old
35.0,Male,PhD,Senior Research Scientist,10.0,130000.0,Senior Research Scientist PhD 10.0 years experience Male 35.0 years old
26.0,Female,Bachelor's Degree,Junior Software Engineer,1.0,45000.0,Junior Software Engineer Bachelor's Degree 1.0 years experience Female 26.0 years old
28.0,Female,Bachelor's Degree,Junior Software Engineer,2.0,48000.0,Junior Software Engineer Bachelor's Degree 2.0 years experience Female 28.0 years old
36.0,Male,Master's Degree,Senior Data Scientist,9.0,125000.0,Senior Data Scientist Master's Degree 9.0 years experience Male 36.0 years old
30.0,Female,Bachelor's Degree,Marketing Coordinator,4.0,57000.0,Marketing Coordinator Bachelor's Degree 4.0 years experience Female 30.0 years old
32.0,Male,Bachelor's Degree,Junior Marketing Manager,6.0,72000.0,Junior Marketing Manager Bachelor's Degree 6.0 years experience Male 32.0 years old
39.0,Female,PhD,Senior Research Scientist,13.0,145000.0,Senior Research Scientist PhD 13.0 years experience Female 39.0 years old
26.0,Male,High School,Junior Sales Associate,2.0,31000.0,Junior Sales Associate High School 2.0 years experience Male 26.0 years old
33.0,Female,Master's Degree,Senior Software Engineer,8.0,105000.0,Senior Software Engineer Master's Degree 8.0 years experience Female 33.0 years old
28.0,Male,Bachelor's Degree,Junior Data Analyst,3.0,52000.0,Junior Data Analyst Bachelor's Degree 3.0 years experience Male 28.0 years old
30.0,Female,Bachelor's Degree,Junior Marketing Manager,4.0,57000.0,Junior Marketing Manager Bachelor's Degree 4.0 years experience Female 30.0 years old
36.0,Male,PhD,Senior Research Scientist,11.0,135000.0,Senior Research Scientist PhD 11.0 years experience Male 36.0 years old
27.0,Female,Bachelor's Degree,Junior Software Engineer,2.0,48000.0,Junior Software Engineer Bachelor's Degree 2.0 years experience Female 27.0 years old
34.0,Male,Master's Degree,Senior Data Scientist,9.0,125000.0,Senior Data Scientist Master's Degree 9.0 years experience Male 34.0 years old
30.0,Female,Bachelor's Degree,Marketing Coordinator,4.0,57000.0,Marketing Coordinator Bachelor's Degree 4.0 years experience Female 30.0 years old
32.0,Male,Bachelor's Degree,Junior Marketing Manager,6.0,72000.0,Junior Marketing Manager Bachelor's Degree 6.0 years experience Male 32.0 years old
39.0,Female,PhD,Senior Research Scientist,13.0,145000.0,Senior Research Scientist PhD 13.0 years experience Female 39.0 years old
26.0,Male,High School,Junior Sales Associate,2.0,31000.0,Junior Sales Associate High School 2.0 years experience Male 26.0 years old
33.0,Female,Master's Degree,Senior Software Engineer,8.0,105000.0,Senior Software Engineer Master's Degree 8.0 years experience Female 33.0 years old
28.0,Male,Bachelor's Degree,Junior Data Analyst,3.0,52000.0,Junior Data Analyst Bachelor's Degree 3.0 years experience Male 28.0 years old
30.0,Female,Bachelor's Degree,Junior Marketing Manager,4.0,57000.0,Junior Marketing Manager Bachelor's Degree 4.0 years experience Female 30.0 years old
36.0,Male,PhD,Senior Research Scientist,11.0,135000.0,Senior Research Scientist PhD 11.0 years experience Male 36.0 years old
27.0,Female,Bachelor's Degree,Junior Software Engineer,2.0,48000.0,Junior Software Engineer Bachelor's Degree 2.0 years experience Female 27.0 years old
34.0,Male,Master's Degree,Senior Data Scientist,9.0,125000.0,Senior Data Scientist Master's Degree 9.0 years experience Male 34.0 years old
30.0,Female,Bachelor's Degree,Marketing Coordinator,4.0,57000.0,Marketing Coordinator Bachelor's Degree 4.0 years experience Female 30.0 years old
32.0,Male,Bachelor's Degree,Junior Marketing Manager,6.0,72000.0,Junior Marketing Manager Bachelor's Degree 6.0 years experience Male 32.0 years old
39.0,Female,PhD,Senior Research Scientist,13.0,145000.0,Senior Research Scientist PhD 13.0 years experience Female 39.0 years old
26.0,Male,High School,Junior Sales Associate,2.0,31000.0,Junior Sales Associate High School 2.0 years experience Male 26.0 years old
33.0,Female,Master's Degree,Senior Software Engineer,8.0,105000.0,Senior Software Engineer Master's Degree 8.0 years experience Female 33.0 years old
28.0,Male,Bachelor's Degree,Junior Data Analyst,3.0,52000.0,Junior Data Analyst Bachelor's Degree 3.0 years experience Male 28.0 years old
30.0,Female,Bachelor's Degree,Junior Marketing Manager,4.0,57000.0,Junior Marketing Manager Bachelor's Degree 4.0 years experience Female 30.0 years old
36.0,Male,PhD,Senior Research Scientist,11.0,135000.0,Senior Research Scientist PhD 11.0 years experience Male 36.0 years old
27.0,Female,Bachelor's Degree,Junior Software Engineer,2.0,48000.0,Junior Software Engineer Bachelor's Degree 2.0 years experience Female 27.0 years old
34.0,Male,Master's Degree,Senior Data Scientist,9.0,125000.0,Senior Data Scientist Master's Degree 9.0 years experience Male 34.0 years old
30.0,Female,Bachelor's Degree,Marketing Coordinator,4.0,57000.0,Marketing Coordinator Bachelor's Degree 4.0 years experience Female 30.0 years old
32.0,Male,Bachelor's Degree,Junior Marketing Manager,6.0,72000.0,Junior Marketing Manager Bachelor's Degree 6.0 years experience Male 32.0 years old
39.0,Female,PhD,Senior Research Scientist,13.0,145000.0,Senior Research Scientist PhD 13.0 years experience Female 39.0 years old
26.0,Male,High School,Junior Sales Associate,2.0,31000.0,Junior Sales Associate High School 2.0 years experience Male 26.0 years old
33.0,Female,Master's Degree,Senior Software Engineer,8.0,105000.0,Senior Software Engineer Master's Degree 8.0 years experience Female 33.0 years old
28.0,Male,Bachelor's Degree,Junior Data Analyst,3.0,52000.0,Junior Data Analyst Bachelor's Degree 3.0 years experience Male 28.0 years old
30.0,Female,Bachelor's Degree,Junior Marketing Manager,4.0,57000.0,Junior Marketing Manager Bachelor's Degree 4.0 years experience Female 30.0 years old
36.0,Male,PhD,Senior Research Scientist,11.0,135000.0,Senior Research Scientist PhD 11.0 years experience Male 36.0 years old
27.0,Female,Bachelor's Degree,Junior Software Engineer,2.0,48000.0,Junior Software Engineer Bachelor's Degree 2.0 years experience Female 27.0 years old
34.0,Male,Master's Degree,Senior Data Scientist,9.0,125000.0,Senior Data Scientist Master's Degree 9.0 years experience Male 34.0 years old
30.0,Female,Bachelor's Degree,Marketing Coordinator,4.0,57000.0,Marketing Coordinator Bachelor's Degree 4.0 years experience Female 30.0 years old
32.0,Male,Bachelor's Degree,Junior Marketing Manager,6.0,72000.0,Junior Marketing Manager Bachelor's Degree 6.0 years experience Male 32.0 years old
39.0,Female,PhD,Senior Research Scientist,13.0,145000.0,Senior Research Scientist PhD 13.0 years experience Female 39.0 years old
26.0,Male,High School,Junior Sales Associate,2.0,31000.0,Junior Sales Associate High School 2.0 years experience Male 26.0 years old
33.0,Female,Master's Degree,Senior Software Engineer,8.0,105000.0,Senior Software Engineer Master's Degree 8.0 years experience Female 33.0 years old
28.0,Male,Bachelor's Degree,Junior Data Analyst,3.0,52000.0,Junior Data Analyst Bachelor's Degree 3.0 years experience Male 28.0 years old
30.0,Female,Bachelor's Degree,Junior Marketing Manager,4.0,57000.0,Junior Marketing Manager Bachelor's Degree 4.0 years experience Female 30.0 years old
36.0,Male,PhD,Senior Research Scientist,11.0,135000.0,Senior Research Scientist PhD 11.0 years experience Male 36.0 years old
27.0,Female,Bachelor's Degree,Junior Software Engineer,2.0,48000.0,Junior Software Engineer Bachelor's Degree 2.0 years experience Female 27.0 years old
34.0,Male,Master's Degree,Senior Data Scientist,9.0,125000.0,Senior Data Scientist Master's Degree 9.0 years experience Male 34.0 years old
30.0,Female,Bachelor's Degree,Marketing Coordinator,4.0,57000.0,Marketing Coordinator Bachelor's Degree 4.0 years experience Female 30.0 years old
32.0,Male,Bachelor's Degree,Junior Marketing Manager,6.0,72000.0,Junior Marketing Manager Bachelor's Degree 6.0 years experience Male 32.0 years old
39.0,Female,PhD,Senior Research Scientist,13.0,145000.0,Senior Research Scientist PhD 13.0 years experience Female 39.0 years old
26.0,Male,High School,Junior Sales Associate,2.0,31000.0,Junior Sales Associate High School 2.0 years experience Male 26.0 years old
33.0,Female,Master's Degree,Senior Software Engineer,8.0,105000.0,Senior Software Engineer Master's Degree 8.0 years experience Female 33.0 years old
28.0,Male,Bachelor's Degree,Junior Data Analyst,3.0,52000.0,Junior Data Analyst Bachelor's Degree 3.0 years experience Male 28.0 years old
30.0,Female,Bachelor's Degree,Junior Marketing Manager,4.0,57000.0,Junior Marketing Manager Bachelor's Degree 4.0 years experience Female 30.0 years old
36.0,Male,PhD,Senior Research Scientist,11.0,135000.0,Senior Research Scientist PhD 11.0 years experience Male 36.0 years old
27.0,Female,Bachelor's Degree,Junior Software Engineer,2.0,48000.0,Junior Software Engineer Bachelor's Degree 2.0 years experience Female 27.0 years old
34.0,Male,Master's Degree,Senior Data Scientist,9.0,125000.0,Senior Data Scientist Master's Degree 9.0 years experience Male 34.0 years old
30.0,Female,Bachelor's Degree,Marketing Coordinator,4.0,57000.0,Marketing Coordinator Bachelor's Degree 4.0 years experience Female 30.0 years old
32.0,Male,Bachelor's Degree,Junior Marketing Manager,6.0,72000.0,Junior Marketing Manager Bachelor's Degree 6.0 years experience Male 32.0 years old
39.0,Female,PhD,Senior Research Scientist,13.0,145000.0,Senior Research Scientist PhD 13.0 years experience Female 39.0 years old
26.0,Male,High School,Junior Sales Associate,2.0,31000.0,Junior Sales Associate High School 2.0 years experience Male 26.0 years old
33.0,Female,Master's Degree,Senior Software Engineer,8.0,105000.0,Senior Software Engineer Master's Degree 8.0 years experience Female 33.0 years old
28.0,Male,Bachelor's Degree,Junior Data Analyst,3.0,52000.0,Junior Data Analyst Bachelor's Degree 3.0 years experience Male 28.0 years old
30.0,Female,Bachelor's Degree,Junior Marketing Manager,4.0,57000.0,Junior Marketing Manager Bachelor's Degree 4.0 years experience Female 30.0 years old
36.0,Male,PhD,Senior Research Scientist,11.0,135000.0,Senior Research Scientist PhD 11.0 years experience Male 36.0 years old
27.0,Female,Bachelor's Degree,Junior Software Engineer,2.0,48000.0,Junior Software Engineer Bachelor's Degree 2.0 years experience Female 27.0 years old
34.0,Male,Master's Degree,Senior Data Scientist,9.0,125000.0,Senior Data Scientist Master's Degree 9.0 years experience Male 34.0 years old
30.0,Female,Bachelor's Degree,Marketing Coordinator,4.0,57000.0,Marketing Coordinator Bachelor's Degree 4.0 years experience Female 30.0 years old
32.0,Male,Bachelor's Degree,Junior Marketing Manager,6.0,72000.0,Junior Marketing Manager Bachelor's Degree 6.0 years experience Male 32.0 years old
39.0,Female,PhD,Senior Research Scientist,13.0,145000.0,Senior Research Scientist PhD 13.0 years experience Female 39.0 years old
26.0,Male,High School,Junior Sales Associate,2.0,31000.0,Junior Sales Associate High School 2.0 years experience Male 26.0 years old
33.0,Female,Master's Degree,Senior Software Engineer,8.0,105000.0,Senior Software Engineer Master's Degree 8.0 years experience Female 33.0 years old
28.0,Male,Bachelor's Degree,Junior Data Analyst,3.0,52000.0,Junior Data Analyst Bachelor's Degree 3.0 years experience Male 28.0 years old
30.0,Female,Bachelor's Degree,Junior Marketing Manager,4.0,57000.0,Junior Marketing Manager Bachelor's Degree 4.0 years experience Female 30.0 years old
36.0,Male,PhD,Senior Research Scientist,11.0,135000.0,Senior Research Scientist PhD 11.0 years experience Male 36.0 years old
27.0,Female,Bachelor's Degree,Junior Software Engineer,2.0,48000.0,Junior Software Engineer Bachelor's Degree 2.0 years experience Female 27.0 years old
34.0,Male,Master's Degree,Senior Data Scientist,9.0,125000.0,Senior Data Scientist Master's Degree 9.0 years experience Male 34.0 years old
30.0,Female,Bachelor's Degree,Marketing Coordinator,4.0,57000.0,Marketing Coordinator Bachelor's Degree 4.0 years experience Female 30.0 years old
32.0,Male,Bachelor's Degree,Junior Marketing Manager,6.0,72000.0,Junior Marketing Manager Bachelor's Degree 6.0 years experience Male 32.0 years old
39.0,Female,PhD,Senior Research Scientist,13.0,145000.0,Senior Research Scientist PhD 13.0 years experience Female 39.0 years old
26.0,Male,High School,Junior Sales Associate,2.0,31000.0,Junior Sales Associate High School 2.0 years experience Male 26.0 years old
33.0,Female,Master's Degree,Senior Software Engineer,8.0,105000.0,Senior Software Engineer Master's Degree 8.0 years experience Female 33.0 years old
28.0,Male,Bachelor's Degree,Junior Data Analyst,3.0,52000.0,Junior Data Analyst Bachelor's Degree 3.0 years experience Male 28.0 years old
30.0,Female,Bachelor's Degree,Junior Marketing Manager,4.0,57000.0,Junior Marketing Manager Bachelor's Degree 4.0 years experience Female 30.0 years old
36.0,Male,PhD,Senior Research Scientist,11.0,135000.0,Senior Research Scientist PhD 11.0 years experience Male 36.0 years old
27.0,Female,Bachelor's Degree,Junior Software Engineer,2.0,48000.0,Junior Software Engineer Bachelor's Degree 2.0 years experience Female 27.0 years old
34.0,Male,Master's Degree,Senior Data Scientist,9.0,125000.0,Senior Data Scientist Master's Degree 9.0 years experience Male 34.0 years old
30.0,Female,Bachelor's Degree,Marketing Coordinator,4.0,57000.0,Marketing Coordinator Bachelor's Degree 4.0 years experience Female 30.0 years old
32.0,Male,Bachelor's Degree,Junior Marketing Manager,6.0,72000.0,Junior Marketing Manager Bachelor's Degree 6.0 years experience Male 32.0 years old
39.0,Female,PhD,Senior Research Scientist,13.0,145000.0,Senior Research Scientist PhD 13.0 years experience Female 39.0 years old
26.0,Male,High School,Junior Sales Associate,2.0,31000.0,Junior Sales Associate High School 2.0 years experience Male 26.0 years old
33.0,Female,Master's Degree,Senior Software Engineer,8.0,105000.0,Senior Software Engineer Master's Degree 8.0 years experience Female 33.0 years old
28.0,Male,Bachelor's Degree,Junior Data Analyst,3.0,52000.0,Junior Data Analyst Bachelor's Degree 3.0 years experience Male 28.0 years old
30.0,Female,Bachelor's Degree,Junior Marketing Manager,4.0,57000.0,Junior Marketing Manager Bachelor's Degree 4.0 years experience Female 30.0 years old
36.0,Male,PhD,Senior Research Scientist,11.0,135000.0,Senior Research Scientist PhD 11.0 years experience Male 36.0 years old
27.0,Female,Bachelor's Degree,Junior Software Engineer,2.0,48000.0,Junior Software Engineer Bachelor's Degree 2.0 years experience Female 27.0 years old
34.0,Male,Master's Degree,Senior Data Scientist,9.0,125000.0,Senior Data Scientist Master's Degree 9.0 years experience Male 34.0 years old
30.0,Female,Bachelor's Degree,Marketing Coordinator,4.0,57000.0,Marketing Coordinator Bachelor's Degree 4.0 years experience Female 30.0 years old
32.0,Male,Bachelor's Degree,Junior Marketing Manager,6.0,72000.0,Junior Marketing Manager Bachelor's Degree 6.0 years experience Male 32.0 years old
39.0,Female,PhD,Senior Research Scientist,13.0,145000.0,Senior Research Scientist PhD 13.0 years experience Female 39.0 years old
26.0,Male,High School,Junior Sales Associate,2.0,31000.0,Junior Sales Associate High School 2.0 years experience Male 26.0 years old
33.0,Female,Master's Degree,Senior Software Engineer,8.0,105000.0,Senior Software Engineer Master's Degree 8.0 years experience Female 33.0 years old
28.0,Male,Bachelor's Degree,Junior Data Analyst,3.0,52000.0,Junior Data Analyst Bachelor's Degree 3.0 years experience Male 28.0 years old
30.0,Female,Bachelor's Degree,Junior Marketing Manager,4.0,57000.0,Junior Marketing Manager Bachelor's Degree 4.0 years experience Female 30.0 years old
36.0,Male,PhD,Senior Research Scientist,11.0,135000.0,Senior Research Scientist PhD 11.0 years experience Male 36.0 years old
27.0,Female,Bachelor's Degree,Junior Software Engineer,2.0,48000.0,Junior Software Engineer Bachelor's Degree 2.0 years experience Female 27.0 years old
34.0,Male,Master's Degree,Senior Data Scientist,9.0,125000.0,Senior Data Scientist Master's Degree 9.0 years experience Male 34.0 years old
30.0,Female,Bachelor's Degree,Marketing Coordinator,4.0,57000.0,Marketing Coordinator Bachelor's Degree 4.0 years experience Female 30.0 years old
32.0,Male,Bachelor's Degree,Junior Marketing Manager,6.0,72000.0,Junior Marketing Manager Bachelor's Degree 6.0 years experience Male 32.0 years old
39.0,Female,PhD,Senior Research Scientist,13.0,145000.0,Senior Research Scientist PhD 13.0 years experience Female 39.0 years old
26.0,Male,High School,Junior Sales Associate,2.0,31000.0,Junior Sales Associate High School 2.0 years experience Male 26.0 years old
33.0,Female,Master's Degree,Senior Software Engineer,8.0,105000.0,Senior Software Engineer Master's Degree 8.0 years experience Female 33.0 years old
28.0,Male,Bachelor's Degree,Junior Data Analyst,3.0,52000.0,Junior Data Analyst Bachelor's Degree 3.0 years experience Male 28.0 years old
30.0,Female,Bachelor's Degree,Junior Marketing Manager,4.0,57000.0,Junior Marketing Manager Bachelor's Degree 4.0 years experience Female 30.0 years old
36.0,Male,PhD,Senior Research Scientist,11.0,135000.0,Senior Research Scientist PhD 11.0 years experience Male 36.0 years old
27.0,Female,Bachelor's Degree,Junior Software Engineer,2.0,48000.0,Junior Software Engineer Bachelor's Degree 2.0 years experience Female 27.0 years old
26.0,Male,Bachelor's Degree,Senior Product Marketing Manager,5.0,85000.0,Senior Product Marketing Manager Bachelor's Degree 5.0 years experience Male 26.0 years old
28.0,Female,Master's Degree,Marketing Manager,7.0,110000.0,Marketing Manager Master's Degree 7.0 years experience Female 28.0 years old
34.0,Male,PhD,Director of Marketing,12.0,170000.0,Director of Marketing PhD 12.0 years experience Male 34.0 years old
31.0,Male,Bachelor's Degree,Sales Director,9.0,140000.0,Sales Director Bachelor's Degree 9.0 years experience Male 31.0 years old
24.0,Female,High School,Sales Associate,1.0,30000.0,Sales Associate High School 1.0 years experience Female 24.0 years old
29.0,Male,Bachelor's Degree,Digital Marketing Manager,6.0,95000.0,Digital Marketing Manager Bachelor's Degree 6.0 years experience Male 29.0 years old
27.0,Female,Master's Degree,Content Marketing Manager,4.0,80000.0,Content Marketing Manager Master's Degree 4.0 years experience Female 27.0 years old
33.0,Male,PhD,Sales Director,10.0,155000.0,Sales Director PhD 10.0 years experience Male 33.0 years old
21.0,Female,High School,Junior Sales Representative,0.0,25000.0,Junior Sales Representative High School 0.0 years experience Female 21.0 years old
36.0,Male,Bachelor's Degree,Sales Manager,11.0,160000.0,Sales Manager Bachelor's Degree 11.0 years experience Male 36.0 years old
25.0,Female,Bachelor's Degree,Marketing Manager,3.0,65000.0,Marketing Manager Bachelor's Degree 3.0 years experience Female 25.0 years old
30.0,Male,Master's Degree,Financial Manager,7.0,120000.0,Financial Manager Master's Degree 7.0 years experience Male 30.0 years old
28.0,Female,PhD,Director of Marketing,6.0,105000.0,Director of Marketing PhD 6.0 years experience Female 28.0 years old
26.0,Male,Bachelor's Degree,Senior Product Marketing Manager,5.0,85000.0,Senior Product Marketing Manager Bachelor's Degree 5.0 years experience Male 26.0 years old
28.0,Female,Master's Degree,Marketing Manager,7.0,110000.0,Marketing Manager Master's Degree 7.0 years experience Female 28.0 years old
34.0,Male,PhD,Director of Marketing,12.0,170000.0,Director of Marketing PhD 12.0 years experience Male 34.0 years old
31.0,Male,Bachelor's Degree,Sales Director,9.0,140000.0,Sales Director Bachelor's Degree 9.0 years experience Male 31.0 years old
24.0,Female,High School,Sales Associate,1.0,30000.0,Sales Associate High School 1.0 years experience Female 24.0 years old
29.0,Male,Bachelor's Degree,Digital Marketing Manager,6.0,95000.0,Digital Marketing Manager Bachelor's Degree 6.0 years experience Male 29.0 years old
27.0,Female,Master's Degree,Content Marketing Manager,4.0,80000.0,Content Marketing Manager Master's Degree 4.0 years experience Female 27.0 years old
33.0,Male,PhD,Sales Director,10.0,155000.0,Sales Director PhD 10.0 years experience Male 33.0 years old
21.0,Female,High School,Junior Sales Representative,0.0,25000.0,Junior Sales Representative High School 0.0 years experience Female 21.0 years old
36.0,Male,Bachelor's Degree,Sales Manager,11.0,160000.0,Sales Manager Bachelor's Degree 11.0 years experience Male 36.0 years old
25.0,Female,Bachelor's Degree,Marketing Manager,3.0,65000.0,Marketing Manager Bachelor's Degree 3.0 years experience Female 25.0 years old
30.0,Male,Master's Degree,Financial Manager,7.0,120000.0,Financial Manager Master's Degree 7.0 years experience Male 30.0 years old
28.0,Female,PhD,Director of Marketing,6.0,105000.0,Director of Marketing PhD 6.0 years experience Female 28.0 years old
26.0,Male,Bachelor's Degree,Senior Product Marketing Manager,5.0,85000.0,Senior Product Marketing Manager Bachelor's Degree 5.0 years experience Male 26.0 years old
28.0,Female,Master's Degree,Marketing Manager,7.0,110000.0,Marketing Manager Master's Degree 7.0 years experience Female 28.0 years old
34.0,Male,PhD,Director of Marketing,12.0,170000.0,Director of Marketing PhD 12.0 years experience Male 34.0 years old
31.0,Male,Bachelor's Degree,Sales Director,9.0,140000.0,Sales Director Bachelor's Degree 9.0 years experience Male 31.0 years old
24.0,Female,High School,Sales Associate,1.0,30000.0,Sales Associate High School 1.0 years experience Female 24.0 years old
29.0,Male,Bachelor's Degree,Digital Marketing Manager,6.0,95000.0,Digital Marketing Manager Bachelor's Degree 6.0 years experience Male 29.0 years old
27.0,Female,Master's Degree,Content Marketing Manager,4.0,80000.0,Content Marketing Manager Master's Degree 4.0 years experience Female 27.0 years old
33.0,Male,PhD,Sales Director,10.0,155000.0,Sales Director PhD 10.0 years experience Male 33.0 years old
21.0,Female,High School,Junior Sales Representative,0.0,25000.0,Junior Sales Representative High School 0.0 years experience Female 21.0 years old
36.0,Male,Bachelor's Degree,Sales Manager,11.0,160000.0,Sales Manager Bachelor's Degree 11.0 years experience Male 36.0 years old
25.0,Female,Bachelor's Degree,Marketing Manager,3.0,65000.0,Marketing Manager Bachelor's Degree 3.0 years experience Female 25.0 years old
30.0,Male,Master's Degree,Financial Manager,7.0,120000.0,Financial Manager Master's Degree 7.0 years experience Male 30.0 years old
28.0,Female,PhD,Director of Marketing,6.0,105000.0,Director of Marketing PhD 6.0 years experience Female 28.0 years old
26.0,Male,Bachelor's Degree,Senior Product Marketing Manager,5.0,85000.0,Senior Product Marketing Manager Bachelor's Degree 5.0 years experience Male 26.0 years old
28.0,Female,Master's Degree,Marketing Manager,7.0,110000.0,Marketing Manager Master's Degree 7.0 years experience Female 28.0 years old
34.0,Male,PhD,Director of Marketing,12.0,170000.0,Director of Marketing PhD 12.0 years experience Male 34.0 years old
31.0,Male,Bachelor's Degree,Sales Director,9.0,140000.0,Sales Director Bachelor's Degree 9.0 years experience Male 31.0 years old
24.0,Female,High School,Sales Associate,1.0,30000.0,Sales Associate High School 1.0 years experience Female 24.0 years old
29.0,Male,Bachelor's Degree,Digital Marketing Manager,6.0,95000.0,Digital Marketing Manager Bachelor's Degree 6.0 years experience Male 29.0 years old
27.0,Female,Master's Degree,Content Marketing Manager,4.0,80000.0,Content Marketing Manager Master's Degree 4.0 years experience Female 27.0 years old
33.0,Male,PhD,Sales Director,10.0,155000.0,Sales Director PhD 10.0 years experience Male 33.0 years old
21.0,Female,High School,Junior Sales Representative,0.0,25000.0,Junior Sales Representative High School 0.0 years experience Female 21.0 years old
36.0,Male,Bachelor's Degree,Sales Manager,11.0,160000.0,Sales Manager Bachelor's Degree 11.0 years experience Male 36.0 years old
25.0,Female,Bachelor's Degree,Marketing Manager,3.0,65000.0,Marketing Manager Bachelor's Degree 3.0 years experience Female 25.0 years old
30.0,Male,Master's Degree,Financial Manager,7.0,120000.0,Financial Manager Master's Degree 7.0 years experience Male 30.0 years old
28.0,Female,PhD,Director of Marketing,6.0,105000.0,Director of Marketing PhD 6.0 years experience Female 28.0 years old
26.0,Male,Bachelor's Degree,Senior Product Marketing Manager,5.0,85000.0,Senior Product Marketing Manager Bachelor's Degree 5.0 years experience Male 26.0 years old
28.0,Female,Master's Degree,Marketing Manager,7.0,110000.0,Marketing Manager Master's Degree 7.0 years experience Female 28.0 years old
34.0,Male,PhD,Director of Marketing,12.0,170000.0,Director of Marketing PhD 12.0 years experience Male 34.0 years old
31.0,Male,Bachelor's Degree,Sales Director,9.0,140000.0,Sales Director Bachelor's Degree 9.0 years experience Male 31.0 years old
24.0,Female,High School,Sales Associate,1.0,30000.0,Sales Associate High School 1.0 years experience Female 24.0 years old
29.0,Male,Bachelor's Degree,Digital Marketing Manager,6.0,95000.0,Digital Marketing Manager Bachelor's Degree 6.0 years experience Male 29.0 years old
27.0,Female,Master's Degree,Content Marketing Manager,4.0,80000.0,Content Marketing Manager Master's Degree 4.0 years experience Female 27.0 years old
33.0,Male,PhD,Sales Director,10.0,155000.0,Sales Director PhD 10.0 years experience Male 33.0 years old
21.0,Female,High School,Junior Sales Representative,0.0,25000.0,Junior Sales Representative High School 0.0 years experience Female 21.0 years old
36.0,Male,Bachelor's Degree,Sales Manager,11.0,160000.0,Sales Manager Bachelor's Degree 11.0 years experience Male 36.0 years old
25.0,Female,Bachelor's Degree,Marketing Manager,3.0,65000.0,Marketing Manager Bachelor's Degree 3.0 years experience Female 25.0 years old
30.0,Male,Master's Degree,Financial Manager,7.0,120000.0,Financial Manager Master's Degree 7.0 years experience Male 30.0 years old
28.0,Female,PhD,Director of Marketing,6.0,105000.0,Director of Marketing PhD 6.0 years experience Female 28.0 years old
26.0,Male,Bachelor's Degree,Senior Product Marketing Manager,5.0,85000.0,Senior Product Marketing Manager Bachelor's Degree 5.0 years experience Male 26.0 years old
28.0,Female,Master's Degree,Marketing Manager,7.0,110000.0,Marketing Manager Master's Degree 7.0 years experience Female 28.0 years old
34.0,Male,PhD,Director of Marketing,12.0,170000.0,Director of Marketing PhD 12.0 years experience Male 34.0 years old
31.0,Male,Bachelor's Degree,Sales Director,9.0,140000.0,Sales Director Bachelor's Degree 9.0 years experience Male 31.0 years old
24.0,Female,High School,Sales Associate,1.0,30000.0,Sales Associate High School 1.0 years experience Female 24.0 years old
29.0,Male,Bachelor's Degree,Digital Marketing Manager,6.0,95000.0,Digital Marketing Manager Bachelor's Degree 6.0 years experience Male 29.0 years old
27.0,Female,Master's Degree,Content Marketing Manager,4.0,80000.0,Content Marketing Manager Master's Degree 4.0 years experience Female 27.0 years old
33.0,Male,PhD,Sales Director,10.0,155000.0,Sales Director PhD 10.0 years experience Male 33.0 years old
21.0,Female,High School,Junior Sales Representative,0.0,25000.0,Junior Sales Representative High School 0.0 years experience Female 21.0 years old
36.0,Male,Bachelor's Degree,Sales Manager,11.0,160000.0,Sales Manager Bachelor's Degree 11.0 years experience Male 36.0 years old
25.0,Female,Bachelor's Degree,Marketing Manager,3.0,65000.0,Marketing Manager Bachelor's Degree 3.0 years experience Female 25.0 years old
30.0,Male,Master's Degree,Financial Manager,7.0,120000.0,Financial Manager Master's Degree 7.0 years experience Male 30.0 years old
28.0,Female,PhD,Director of Marketing,6.0,105000.0,Director of Marketing PhD 6.0 years experience Female 28.0 years old
26.0,Male,Bachelor's Degree,Senior Product Marketing Manager,5.0,85000.0,Senior Product Marketing Manager Bachelor's Degree 5.0 years experience Male 26.0 years old
28.0,Female,Master's Degree,Marketing Manager,7.0,110000.0,Marketing Manager Master's Degree 7.0 years experience Female 28.0 years old
34.0,Male,PhD,Director of Marketing,12.0,170000.0,Director of Marketing PhD 12.0 years experience Male 34.0 years old
31.0,Male,Bachelor's Degree,Sales Director,9.0,140000.0,Sales Director Bachelor's Degree 9.0 years experience Male 31.0 years old
24.0,Female,High School,Sales Associate,1.0,30000.0,Sales Associate High School 1.0 years experience Female 24.0 years old
29.0,Male,Bachelor's Degree,Digital Marketing Manager,6.0,95000.0,Digital Marketing Manager Bachelor's Degree 6.0 years experience Male 29.0 years old
27.0,Female,Master's Degree,Content Marketing Manager,4.0,80000.0,Content Marketing Manager Master's Degree 4.0 years experience Female 27.0 years old
33.0,Male,PhD,Sales Director,10.0,155000.0,Sales Director PhD 10.0 years experience Male 33.0 years old
21.0,Female,High School,Junior Sales Representative,0.0,25000.0,Junior Sales Representative High School 0.0 years experience Female 21.0 years old
36.0,Male,Bachelor's Degree,Sales Manager,11.0,160000.0,Sales Manager Bachelor's Degree 11.0 years experience Male 36.0 years old
25.0,Female,Bachelor's Degree,Marketing Manager,3.0,65000.0,Marketing Manager Bachelor's Degree 3.0 years experience Female 25.0 years old
30.0,Male,Master's Degree,Financial Manager,7.0,120000.0,Financial Manager Master's Degree 7.0 years experience Male 30.0 years old
28.0,Female,PhD,Director of Marketing,6.0,105000.0,Director of Marketing PhD 6.0 years experience Female 28.0 years old
26.0,Male,Bachelor's Degree,Senior Product Marketing Manager,5.0,85000.0,Senior Product Marketing Manager Bachelor's Degree 5.0 years experience Male 26.0 years old
28.0,Female,Master's Degree,Marketing Manager,7.0,110000.0,Marketing Manager Master's Degree 7.0 years experience Female 28.0 years old
34.0,Male,PhD,Director of Marketing,12.0,170000.0,Director of Marketing PhD 12.0 years experience Male 34.0 years old
31.0,Male,Bachelor's Degree,Sales Director,9.0,140000.0,Sales Director Bachelor's Degree 9.0 years experience Male 31.0 years old
24.0,Female,High School,Sales Associate,1.0,30000.0,Sales Associate High School 1.0 years experience Female 24.0 years old
29.0,Male,Bachelor's Degree,Digital Marketing Manager,6.0,95000.0,Digital Marketing Manager Bachelor's Degree 6.0 years experience Male 29.0 years old
27.0,Female,Master's Degree,Content Marketing Manager,4.0,80000.0,Content Marketing Manager Master's Degree 4.0 years experience Female 27.0 years old
33.0,Male,PhD,Sales Director,10.0,155000.0,Sales Director PhD 10.0 years experience Male 33.0 years old
21.0,Female,High School,Junior Sales Representative,0.0,25000.0,Junior Sales Representative High School 0.0 years experience Female 21.0 years old
36.0,Male,Bachelor's Degree,Sales Manager,11.0,160000.0,Sales Manager Bachelor's Degree 11.0 years experience Male 36.0 years old
25.0,Female,Bachelor's Degree,Marketing Manager,3.0,65000.0,Marketing Manager Bachelor's Degree 3.0 years experience Female 25.0 years old
30.0,Male,Master's Degree,Financial Manager,7.0,120000.0,Financial Manager Master's Degree 7.0 years experience Male 30.0 years old
28.0,Female,PhD,Director of Marketing,6.0,105000.0,Director of Marketing PhD 6.0 years experience Female 28.0 years old
26.0,Male,Bachelor's Degree,Senior Product Marketing Manager,5.0,85000.0,Senior Product Marketing Manager Bachelor's Degree 5.0 years experience Male 26.0 years old
28.0,Female,Master's Degree,Marketing Manager,7.0,110000.0,Marketing Manager Master's Degree 7.0 years experience Female 28.0 years old
34.0,Male,PhD,Director of Marketing,12.0,170000.0,Director of Marketing PhD 12.0 years experience Male 34.0 years old
31.0,Male,Bachelor's Degree,Sales Director,9.0,140000.0,Sales Director Bachelor's Degree 9.0 years experience Male 31.0 years old
24.0,Female,High School,Sales Associate,1.0,30000.0,Sales Associate High School 1.0 years experience Female 24.0 years old
29.0,Male,Bachelor's Degree,Digital Marketing Manager,6.0,95000.0,Digital Marketing Manager Bachelor's Degree 6.0 years experience Male 29.0 years old
27.0,Female,Master's Degree,Content Marketing Manager,4.0,80000.0,Content Marketing Manager Master's Degree 4.0 years experience Female 27.0 years old
33.0,Male,PhD,Sales Director,10.0,155000.0,Sales Director PhD 10.0 years experience Male 33.0 years old
21.0,Female,High School,Junior Sales Representative,0.0,25000.0,Junior Sales Representative High School 0.0 years experience Female 21.0 years old
36.0,Male,Bachelor's Degree,Sales Manager,11.0,160000.0,Sales Manager Bachelor's Degree 11.0 years experience Male 36.0 years old
25.0,Female,Bachelor's Degree,Marketing Manager,3.0,65000.0,Marketing Manager Bachelor's Degree 3.0 years experience Female 25.0 years old
30.0,Male,Master's Degree,Financial Manager,7.0,120000.0,Financial Manager Master's Degree 7.0 years experience Male 30.0 years old
28.0,Female,PhD,Director of Marketing,6.0,105000.0,Director of Marketing PhD 6.0 years experience Female 28.0 years old
26.0,Male,Bachelor's Degree,Senior Product Marketing Manager,5.0,85000.0,Senior Product Marketing Manager Bachelor's Degree 5.0 years experience Male 26.0 years old
28.0,Female,Master's Degree,Marketing Manager,7.0,110000.0,Marketing Manager Master's Degree 7.0 years experience Female 28.0 years old
34.0,Male,PhD,Director of Marketing,12.0,170000.0,Director of Marketing PhD 12.0 years experience Male 34.0 years old
31.0,Male,Bachelor's Degree,Sales Director,9.0,140000.0,Sales Director Bachelor's Degree 9.0 years experience Male 31.0 years old
24.0,Female,High School,Sales Associate,1.0,30000.0,Sales Associate High School 1.0 years experience Female 24.0 years old
29.0,Male,Bachelor's Degree,Digital Marketing Manager,6.0,95000.0,Digital Marketing Manager Bachelor's Degree 6.0 years experience Male 29.0 years old
27.0,Female,Master's Degree,Content Marketing Manager,4.0,80000.0,Content Marketing Manager Master's Degree 4.0 years experience Female 27.0 years old
22.0,Female,High School,Sales Associate,0.0,25000.0,Sales Associate High School 0.0 years experience Female 22.0 years old
45.0,Male,Bachelor's Degree,Financial Manager,21.0,250000.0,Financial Manager Bachelor's Degree 21.0 years experience Male 45.0 years old
31.0,Female,Master's Degree,Content Marketing Manager,8.0,120000.0,Content Marketing Manager Master's Degree 8.0 years experience Female 31.0 years old
28.0,Male,Bachelor's Degree,Digital Marketing Manager,4.0,80000.0,Digital Marketing Manager Bachelor's Degree 4.0 years experience Male 28.0 years old
29.0,Male,Bachelor's Degree,Senior Product Marketing Manager,6.0,100000.0,Senior Product Marketing Manager Bachelor's Degree 6.0 years experience Male 29.0 years old
35.0,Female,PhD,Director of Marketing,12.0,170000.0,Director of Marketing PhD 12.0 years experience Female 35.0 years old
27.0,Male,High School,Sales Representative,3.0,50000.0,Sales Representative High School 3.0 years experience Male 27.0 years old
33.0,Female,Bachelor's Degree,Marketing Manager,9.0,140000.0,Marketing Manager Bachelor's Degree 9.0 years experience Female 33.0 years old
30.0,Male,Master's Degree,Financial Manager,7.0,120000.0,Financial Manager Master's Degree 7.0 years experience Male 30.0 years old
25.0,Female,Bachelor's Degree,Marketing Manager,2.0,55000.0,Marketing Manager Bachelor's Degree 2.0 years experience Female 25.0 years old
26.0,Male,Bachelor's Degree,Senior Product Marketing Manager,5.0,85000.0,Senior Product Marketing Manager Bachelor's Degree 5.0 years experience Male 26.0 years old
29.0,Female,Master's Degree,Content Marketing Manager,4.0,80000.0,Content Marketing Manager Master's Degree 4.0 years experience Female 29.0 years old
34.0,Male,PhD,Director of Marketing,12.0,170000.0,Director of Marketing PhD 12.0 years experience Male 34.0 years old
31.0,Male,Bachelor's Degree,Sales Director,9.0,140000.0,Sales Director Bachelor's Degree 9.0 years experience Male 31.0 years old
24.0,Female,High School,Sales Associate,1.0,30000.0,Sales Associate High School 1.0 years experience Female 24.0 years old
29.0,Male,Bachelor's Degree,Digital Marketing Manager,6.0,95000.0,Digital Marketing Manager Bachelor's Degree 6.0 years experience Male 29.0 years old
27.0,Female,Master's Degree,Content Marketing Manager,4.0,80000.0,Content Marketing Manager Master's Degree 4.0 years experience Female 27.0 years old
33.0,Male,PhD,Sales Director,10.0,155000.0,Sales Director PhD 10.0 years experience Male 33.0 years old
21.0,Female,High School,Junior Sales Representative,0.0,25000.0,Junior Sales Representative High School 0.0 years experience Female 21.0 years old
36.0,Male,Bachelor's Degree,Sales Manager,11.0,160000.0,Sales Manager Bachelor's Degree 11.0 years experience Male 36.0 years old
25.0,Female,Bachelor's Degree,Marketing Manager,3.0,65000.0,Marketing Manager Bachelor's Degree 3.0 years experience Female 25.0 years old
30.0,Male,Master's Degree,Financial Manager,7.0,120000.0,Financial Manager Master's Degree 7.0 years experience Male 30.0 years old
28.0,Female,PhD,Director of Marketing,6.0,105000.0,Director of Marketing PhD 6.0 years experience Female 28.0 years old
26.0,Male,Bachelor's Degree,Senior Product Marketing Manager,5.0,85000.0,Senior Product Marketing Manager Bachelor's Degree 5.0 years experience Male 26.0 years old
28.0,Female,Master's Degree,Marketing Manager,7.0,110000.0,Marketing Manager Master's Degree 7.0 years experience Female 28.0 years old
34.0,Male,PhD,Director of Marketing,12.0,170000.0,Director of Marketing PhD 12.0 years experience Male 34.0 years old
31.0,Male,Bachelor's Degree,Sales Director,9.0,140000.0,Sales Director Bachelor's Degree 9.0 years experience Male 31.0 years old
24.0,Female,High School,Sales Associate,1.0,30000.0,Sales Associate High School 1.0 years experience Female 24.0 years old
29.0,Male,Bachelor's Degree,Digital Marketing Manager,6.0,95000.0,Digital Marketing Manager Bachelor's Degree 6.0 years experience Male 29.0 years old
27.0,Female,Master's Degree,Content Marketing Manager,4.0,80000.0,Content Marketing Manager Master's Degree 4.0 years experience Female 27.0 years old
33.0,Male,PhD,Sales Director,10.0,155000.0,Sales Director PhD 10.0 years experience Male 33.0 years old
21.0,Female,High School,Junior Sales Representative,0.0,25000.0,Junior Sales Representative High School 0.0 years experience Female 21.0 years old
36.0,Male,Bachelor's Degree,Sales Manager,11.0,160000.0,Sales Manager Bachelor's Degree 11.0 years experience Male 36.0 years old
25.0,Female,Bachelor's Degree,Marketing Manager,3.0,65000.0,Marketing Manager Bachelor's Degree 3.0 years experience Female 25.0 years old
30.0,Male,Master's Degree,Financial Manager,7.0,120000.0,Financial Manager Master's Degree 7.0 years experience Male 30.0 years old
28.0,Female,PhD,Director of Marketing,6.0,105000.0,Director of Marketing PhD 6.0 years experience Female 28.0 years old
26.0,Male,Bachelor's Degree,Senior Product Marketing Manager,5.0,85000.0,Senior Product Marketing Manager Bachelor's Degree 5.0 years experience Male 26.0 years old
28.0,Female,Master's Degree,Marketing Manager,7.0,110000.0,Marketing Manager Master's Degree 7.0 years experience Female 28.0 years old
34.0,Male,PhD,Director of Marketing,12.0,170000.0,Director of Marketing PhD 12.0 years experience Male 34.0 years old
31.0,Male,Bachelor's Degree,Sales Director,9.0,140000.0,Sales Director Bachelor's Degree 9.0 years experience Male 31.0 years old
24.0,Female,High School,Sales Associate,1.0,30000.0,Sales Associate High School 1.0 years experience Female 24.0 years old
29.0,Male,Bachelor's Degree,Digital Marketing Manager,6.0,95000.0,Digital Marketing Manager Bachelor's Degree 6.0 years experience Male 29.0 years old
27.0,Female,Master's Degree,Content Marketing Manager,4.0,80000.0,Content Marketing Manager Master's Degree 4.0 years experience Female 27.0 years old
33.0,Male,PhD,Sales Director,10.0,155000.0,Sales Director PhD 10.0 years experience Male 33.0 years old
21.0,Female,High School,Junior Sales Representative,0.0,25000.0,Junior Sales Representative High School 0.0 years experience Female 21.0 years old
36.0,Male,Bachelor's Degree,Sales Manager,11.0,160000.0,Sales Manager Bachelor's Degree 11.0 years experience Male 36.0 years old
25.0,Female,Bachelor's Degree,Marketing Manager,3.0,65000.0,Marketing Manager Bachelor's Degree 3.0 years experience Female 25.0 years old
30.0,Male,Master's Degree,Financial Manager,7.0,120000.0,Financial Manager Master's Degree 7.0 years experience Male 30.0 years old
28.0,Female,PhD,Director of Marketing,6.0,105000.0,Director of Marketing PhD 6.0 years experience Female 28.0 years old
26.0,Male,Bachelor's Degree,Senior Product Marketing Manager,5.0,85000.0,Senior Product Marketing Manager Bachelor's Degree 5.0 years experience Male 26.0 years old
28.0,Female,Master's Degree,Marketing Manager,7.0,110000.0,Marketing Manager Master's Degree 7.0 years experience Female 28.0 years old
34.0,Male,PhD,Director of Marketing,12.0,170000.0,Director of Marketing PhD 12.0 years experience Male 34.0 years old
31.0,Male,Bachelor's Degree,Sales Director,9.0,140000.0,Sales Director Bachelor's Degree 9.0 years experience Male 31.0 years old
24.0,Female,High School,Sales Associate,1.0,30000.0,Sales Associate High School 1.0 years experience Female 24.0 years old
29.0,Male,Bachelor's Degree,Digital Marketing Manager,6.0,95000.0,Digital Marketing Manager Bachelor's Degree 6.0 years experience Male 29.0 years old
27.0,Female,Master's Degree,Content Marketing Manager,4.0,80000.0,Content Marketing Manager Master's Degree 4.0 years experience Female 27.0 years old
33.0,Male,PhD,Sales Director,10.0,155000.0,Sales Director PhD 10.0 years experience Male 33.0 years old
21.0,Female,High School,Junior Sales Representative,0.0,25000.0,Junior Sales Representative High School 0.0 years experience Female 21.0 years old
36.0,Male,Bachelor's Degree,Sales Manager,11.0,160000.0,Sales Manager Bachelor's Degree 11.0 years experience Male 36.0 years old
25.0,Female,Bachelor's Degree,Marketing Manager,3.0,65000.0,Marketing Manager Bachelor's Degree 3.0 years experience Female 25.0 years old
30.0,Male,Master's Degree,Financial Manager,7.0,120000.0,Financial Manager Master's Degree 7.0 years experience Male 30.0 years old
28.0,Female,PhD,Director of Marketing,6.0,105000.0,Director of Marketing PhD 6.0 years experience Female 28.0 years old
26.0,Male,Bachelor's Degree,Senior Product Marketing Manager,5.0,85000.0,Senior Product Marketing Manager Bachelor's Degree 5.0 years experience Male 26.0 years old
28.0,Female,Master's Degree,Marketing Manager,7.0,110000.0,Marketing Manager Master's Degree 7.0 years experience Female 28.0 years old
34.0,Male,PhD,Director of Marketing,12.0,170000.0,Director of Marketing PhD 12.0 years experience Male 34.0 years old
31.0,Male,Bachelor's Degree,Sales Director,9.0,140000.0,Sales Director Bachelor's Degree 9.0 years experience Male 31.0 years old
24.0,Female,High School,Sales Associate,1.0,30000.0,Sales Associate High School 1.0 years experience Female 24.0 years old
29.0,Male,Bachelor's Degree,Digital Marketing Manager,6.0,95000.0,Digital Marketing Manager Bachelor's Degree 6.0 years experience Male 29.0 years old
27.0,Female,Master's Degree,Content Marketing Manager,4.0,80000.0,Content Marketing Manager Master's Degree 4.0 years experience Female 27.0 years old
33.0,Male,PhD,Sales Director,10.0,155000.0,Sales Director PhD 10.0 years experience Male 33.0 years old
21.0,Female,High School,Junior Sales Representative,0.0,25000.0,Junior Sales Representative High School 0.0 years experience Female 21.0 years old
36.0,Male,Bachelor's Degree,Sales Manager,11.0,160000.0,Sales Manager Bachelor's Degree 11.0 years experience Male 36.0 years old
25.0,Female,Bachelor's Degree,Marketing Manager,3.0,65000.0,Marketing Manager Bachelor's Degree 3.0 years experience Female 25.0 years old
30.0,Male,Master's Degree,Financial Manager,7.0,120000.0,Financial Manager Master's Degree 7.0 years experience Male 30.0 years old
28.0,Female,PhD,Director of Marketing,6.0,105000.0,Director of Marketing PhD 6.0 years experience Female 28.0 years old
26.0,Male,Bachelor's Degree,Senior Product Marketing Manager,5.0,85000.0,Senior Product Marketing Manager Bachelor's Degree 5.0 years experience Male 26.0 years old
28.0,Female,Master's Degree,Marketing Manager,7.0,110000.0,Marketing Manager Master's Degree 7.0 years experience Female 28.0 years old
34.0,Male,PhD,Director of Marketing,12.0,170000.0,Director of Marketing PhD 12.0 years experience Male 34.0 years old
31.0,Male,Bachelor's Degree,Sales Director,9.0,140000.0,Sales Director Bachelor's Degree 9.0 years experience Male 31.0 years old
24.0,Female,High School,Sales Associate,1.0,30000.0,Sales Associate High School 1.0 years experience Female 24.0 years old
29.0,Male,Bachelor's Degree,Digital Marketing Manager,6.0,95000.0,Digital Marketing Manager Bachelor's Degree 6.0 years experience Male 29.0 years old
27.0,Female,Master's Degree,Content Marketing Manager,4.0,80000.0,Content Marketing Manager Master's Degree 4.0 years experience Female 27.0 years old
33.0,Male,PhD,Sales Director,10.0,155000.0,Sales Director PhD 10.0 years experience Male 33.0 years old
21.0,Female,High School,Junior Sales Representative,0.0,25000.0,Junior Sales Representative High School 0.0 years experience Female 21.0 years old
36.0,Male,Bachelor's Degree,Sales Manager,11.0,160000.0,Sales Manager Bachelor's Degree 11.0 years experience Male 36.0 years old
25.0,Female,Bachelor's Degree,Marketing Manager,3.0,65000.0,Marketing Manager Bachelor's Degree 3.0 years experience Female 25.0 years old
30.0,Male,Master's Degree,Financial Manager,7.0,120000.0,Financial Manager Master's Degree 7.0 years experience Male 30.0 years old
28.0,Female,PhD,Director of Marketing,6.0,105000.0,Director of Marketing PhD 6.0 years experience Female 28.0 years old
26.0,Male,Bachelor's Degree,Senior Product Marketing Manager,5.0,85000.0,Senior Product Marketing Manager Bachelor's Degree 5.0 years experience Male 26.0 years old
28.0,Female,Master's Degree,Marketing Manager,7.0,110000.0,Marketing Manager Master's Degree 7.0 years experience Female 28.0 years old
34.0,Male,PhD,Director of Marketing,12.0,170000.0,Director of Marketing PhD 12.0 years experience Male 34.0 years old
31.0,Male,Bachelor's Degree,Sales Director,9.0,140000.0,Sales Director Bachelor's Degree 9.0 years experience Male 31.0 years old
24.0,Female,High School,Sales Associate,1.0,30000.0,Sales Associate High School 1.0 years experience Female 24.0 years old
29.0,Male,Bachelor's Degree,Digital Marketing Manager,6.0,95000.0,Digital Marketing Manager Bachelor's Degree 6.0 years experience Male 29.0 years old
27.0,Female,Master's Degree,Content Marketing Manager,4.0,80000.0,Content Marketing Manager Master's Degree 4.0 years experience Female 27.0 years old
33.0,Male,PhD,Sales Director,10.0,155000.0,Sales Director PhD 10.0 years experience Male 33.0 years old
21.0,Female,High School,Junior Sales Representative,0.0,25000.0,Junior Sales Representative High School 0.0 years experience Female 21.0 years old
36.0,Male,Bachelor's Degree,Sales Manager,11.0,160000.0,Sales Manager Bachelor's Degree 11.0 years experience Male 36.0 years old
25.0,Female,Bachelor's Degree,Marketing Manager,3.0,65000.0,Marketing Manager Bachelor's Degree 3.0 years experience Female 25.0 years old
30.0,Male,Master's Degree,Financial Manager,7.0,120000.0,Financial Manager Master's Degree 7.0 years experience Male 30.0 years old
28.0,Female,PhD,Director of Marketing,6.0,105000.0,Director of Marketing PhD 6.0 years experience Female 28.0 years old
26.0,Male,Bachelor's Degree,Senior Product Marketing Manager,5.0,85000.0,Senior Product Marketing Manager Bachelor's Degree 5.0 years experience Male 26.0 years old
28.0,Female,Master's Degree,Marketing Manager,7.0,110000.0,Marketing Manager Master's Degree 7.0 years experience Female 28.0 years old
34.0,Male,PhD,Director of Marketing,12.0,170000.0,Director of Marketing PhD 12.0 years experience Male 34.0 years old
31.0,Male,Bachelor's Degree,Sales Director,9.0,140000.0,Sales Director Bachelor's Degree 9.0 years experience Male 31.0 years old
24.0,Female,High School,Sales Associate,1.0,30000.0,Sales Associate High School 1.0 years experience Female 24.0 years old
29.0,Male,Bachelor's Degree,Digital Marketing Manager,6.0,95000.0,Digital Marketing Manager Bachelor's Degree 6.0 years experience Male 29.0 years old
27.0,Female,Master's Degree,Content Marketing Manager,4.0,80000.0,Content Marketing Manager Master's Degree 4.0 years experience Female 27.0 years old
33.0,Male,PhD,Sales Director,10.0,155000.0,Sales Director PhD 10.0 years experience Male 33.0 years old
21.0,Female,High School,Junior Sales Representative,0.0,25000.0,Junior Sales Representative High School 0.0 years experience Female 21.0 years old
36.0,Male,Bachelor's Degree,Sales Manager,11.0,160000.0,Sales Manager Bachelor's Degree 11.0 years experience Male 36.0 years old
25.0,Female,Bachelor's Degree,Marketing Manager,3.0,65000.0,Marketing Manager Bachelor's Degree 3.0 years experience Female 25.0 years old
30.0,Male,Master's Degree,Financial Manager,7.0,120000.0,Financial Manager Master's Degree 7.0 years experience Male 30.0 years old
28.0,Female,PhD,Director of Marketing,6.0,105000.0,Director of Marketing PhD 6.0 years experience Female 28.0 years old
26.0,Male,Bachelor's Degree,Senior Product Marketing Manager,5.0,85000.0,Senior Product Marketing Manager Bachelor's Degree 5.0 years experience Male 26.0 years old
28.0,Female,Master's Degree,Marketing Manager,7.0,110000.0,Marketing Manager Master's Degree 7.0 years experience Female 28.0 years old
34.0,Male,PhD,Director of Marketing,12.0,170000.0,Director of Marketing PhD 12.0 years experience Male 34.0 years old
31.0,Male,Bachelor's Degree,Sales Director,9.0,140000.0,Sales Director Bachelor's Degree 9.0 years experience Male 31.0 years old
24.0,Female,High School,Sales Associate,1.0,30000.0,Sales Associate High School 1.0 years experience Female 24.0 years old
29.0,Male,Bachelor's Degree,Digital Marketing Manager,6.0,95000.0,Digital Marketing Manager Bachelor's Degree 6.0 years experience Male 29.0 years old
27.0,Female,Master's Degree,Content Marketing Manager,4.0,80000.0,Content Marketing Manager Master's Degree 4.0 years experience Female 27.0 years old
33.0,Male,PhD,Sales Director,10.0,155000.0,Sales Director PhD 10.0 years experience Male 33.0 years old
21.0,Female,High School,Junior Sales Representative,0.0,25000.0,Junior Sales Representative High School 0.0 years experience Female 21.0 years old
36.0,Male,Bachelor's Degree,Sales Manager,11.0,160000.0,Sales Manager Bachelor's Degree 11.0 years experience Male 36.0 years old
23.0,Male,Bachelor's Degree,Software Engineer,1.0,60000.0,Software Engineer Bachelor's Degree 1.0 years experience Male 23.0 years old
39.0,Female,Master's Degree,Marketing Manager,12.0,150000.0,Marketing Manager Master's Degree 12.0 years experience Female 39.0 years old
28.0,Male,Bachelor's Degree,Financial Analyst,4.0,80000.0,Financial Analyst Bachelor's Degree 4.0 years experience Male 28.0 years old
31.0,Female,PhD,Research Scientist,8.0,120000.0,Research Scientist PhD 8.0 years experience Female 31.0 years old
35.0,Male,Bachelor's Degree,Project Manager,10.0,130000.0,Project Manager Bachelor's Degree 10.0 years experience Male 35.0 years old
27.0,Female,Bachelor's Degree,Graphic Designer,2.0,50000.0,Graphic Designer Bachelor's Degree 2.0 years experience Female 27.0 years old
42.0,Male,Master's Degree,Senior Software Engineer,18.0,180000.0,Senior Software Engineer Master's Degree 18.0 years experience Male 42.0 years old
29.0,Female,Bachelor's Degree,Digital Marketing Specialist,3.0,60000.0,Digital Marketing Specialist Bachelor's Degree 3.0 years experience Female 29.0 years old
33.0,Male,Bachelor's Degree,Marketing Manager,7.0,110000.0,Marketing Manager Bachelor's Degree 7.0 years experience Male 33.0 years old
24.0,Female,High School,Sales Associate,0.0,25000.0,Sales Associate High School 0.0 years experience Female 24.0 years old
30.0,Male,Master's Degree,Financial Analyst,6.0,100000.0,Financial Analyst Master's Degree 6.0 years experience Male 30.0 years old
26.0,Female,Bachelor's Degree,Social Media Manager,3.0,55000.0,Social Media Manager Bachelor's Degree 3.0 years experience Female 26.0 years old
32.0,Male,PhD,Data Scientist,9.0,140000.0,Data Scientist PhD 9.0 years experience Male 32.0 years old
22.0,Female,High School,Receptionist,0.0,25000.0,Receptionist High School 0.0 years experience Female 22.0 years old
37.0,Male,Bachelor's Degree,Product Manager,12.0,150000.0,Product Manager Bachelor's Degree 12.0 years experience Male 37.0 years old
38.0,Female,Master's Degree,Marketing Director,14.0,170000.0,Marketing Director Master's Degree 14.0 years experience Female 38.0 years old
25.0,Male,Bachelor's Degree,Junior Software Engineer,1.0,55000.0,Junior Software Engineer Bachelor's Degree 1.0 years experience Male 25.0 years old
29.0,Female,Bachelor's Degree,Marketing Coordinator,4.0,65000.0,Marketing Coordinator Bachelor's Degree 4.0 years experience Female 29.0 years old
27.0,Male,Bachelor's Degree,Product Designer,3.0,60000.0,Product Designer Bachelor's Degree 3.0 years experience Male 27.0 years old
34.0,Female,PhD,Research Director,10.0,150000.0,Research Director PhD 10.0 years experience Female 34.0 years old
26.0,Male,Bachelor's Degree,Marketing Analyst,2.0,50000.0,Marketing Analyst Bachelor's Degree 2.0 years experience Male 26.0 years old
31.0,Female,Master's Degree,Financial Manager,7.0,120000.0,Financial Manager Master's Degree 7.0 years experience Female 31.0 years old
25.0,Male,Bachelor's Degree,Junior Software Engineer,1.0,55000.0,Junior Software Engineer Bachelor's Degree 1.0 years experience Male 25.0 years old
29.0,Female,Bachelor's Degree,Marketing Coordinator,4.0,65000.0,Marketing Coordinator Bachelor's Degree 4.0 years experience Female 29.0 years old
27.0,Male,Bachelor's Degree,Product Designer,3.0,60000.0,Product Designer Bachelor's Degree 3.0 years experience Male 27.0 years old
34.0,Female,PhD,Research Director,10.0,150000.0,Research Director PhD 10.0 years experience Female 34.0 years old
26.0,Male,Bachelor's Degree,Marketing Analyst,2.0,50000.0,Marketing Analyst Bachelor's Degree 2.0 years experience Male 26.0 years old
31.0,Female,Master's Degree,Financial Manager,7.0,120000.0,Financial Manager Master's Degree 7.0 years experience Female 31.0 years old
23.0,Male,Bachelor's Degree,Software Engineer,1.0,60000.0,Software Engineer Bachelor's Degree 1.0 years experience Male 23.0 years old
39.0,Female,Master's Degree,Marketing Manager,12.0,150000.0,Marketing Manager Master's Degree 12.0 years experience Female 39.0 years old
28.0,Male,Bachelor's Degree,Financial Analyst,4.0,80000.0,Financial Analyst Bachelor's Degree 4.0 years experience Male 28.0 years old
31.0,Female,PhD,Research Scientist,8.0,120000.0,Research Scientist PhD 8.0 years experience Female 31.0 years old
35.0,Male,Bachelor's Degree,Project Manager,10.0,130000.0,Project Manager Bachelor's Degree 10.0 years experience Male 35.0 years old
27.0,Female,Bachelor's Degree,Graphic Designer,2.0,50000.0,Graphic Designer Bachelor's Degree 2.0 years experience Female 27.0 years old
42.0,Male,Master's Degree,Senior Software Engineer,18.0,180000.0,Senior Software Engineer Master's Degree 18.0 years experience Male 42.0 years old
29.0,Female,Bachelor's Degree,Digital Marketing Specialist,3.0,60000.0,Digital Marketing Specialist Bachelor's Degree 3.0 years experience Female 29.0 years old
33.0,Male,Bachelor's Degree,Marketing Manager,7.0,110000.0,Marketing Manager Bachelor's Degree 7.0 years experience Male 33.0 years old
24.0,Female,High School,Sales Associate,0.0,25000.0,Sales Associate High School 0.0 years experience Female 24.0 years old
30.0,Male,Master's Degree,Financial Analyst,6.0,100000.0,Financial Analyst Master's Degree 6.0 years experience Male 30.0 years old
26.0,Female,Bachelor's Degree,Social Media Manager,3.0,55000.0,Social Media Manager Bachelor's Degree 3.0 years experience Female 26.0 years old
32.0,Male,PhD,Data Scientist,9.0,140000.0,Data Scientist PhD 9.0 years experience Male 32.0 years old
22.0,Female,High School,Receptionist,0.0,25000.0,Receptionist High School 0.0 years experience Female 22.0 years old
37.0,Male,Bachelor's Degree,Product Manager,12.0,150000.0,Product Manager Bachelor's Degree 12.0 years experience Male 37.0 years old
38.0,Female,Master's Degree,Marketing Director,14.0,170000.0,Marketing Director Master's Degree 14.0 years experience Female 38.0 years old
25.0,Male,Bachelor's Degree,Junior Software Engineer,1.0,55000.0,Junior Software Engineer Bachelor's Degree 1.0 years experience Male 25.0 years old
29.0,Female,Bachelor's Degree,Marketing Coordinator,4.0,65000.0,Marketing Coordinator Bachelor's Degree 4.0 years experience Female 29.0 years old
27.0,Male,Bachelor's Degree,Product Designer,3.0,60000.0,Product Designer Bachelor's Degree 3.0 years experience Male 27.0 years old
34.0,Female,PhD,Research Director,10.0,150000.0,Research Director PhD 10.0 years experience Female 34.0 years old
26.0,Male,Bachelor's Degree,Marketing Analyst,2.0,50000.0,Marketing Analyst Bachelor's Degree 2.0 years experience Male 26.0 years old
31.0,Female,Master's Degree,Financial Manager,7.0,120000.0,Financial Manager Master's Degree 7.0 years experience Female 31.0 years old
25.0,Male,Bachelor's Degree,Junior Software Engineer,1.0,55000.0,Junior Software Engineer Bachelor's Degree 1.0 years experience Male 25.0 years old
29.0,Female,Bachelor's Degree,Marketing Coordinator,4.0,65000.0,Marketing Coordinator Bachelor's Degree 4.0 years experience Female 29.0 years old
27.0,Male,Bachelor's Degree,Product Designer,3.0,60000.0,Product Designer Bachelor's Degree 3.0 years experience Male 27.0 years old
34.0,Female,PhD,Research Director,10.0,150000.0,Research Director PhD 10.0 years experience Female 34.0 years old
26.0,Male,Bachelor's Degree,Marketing Analyst,2.0,50000.0,Marketing Analyst Bachelor's Degree 2.0 years experience Male 26.0 years old
31.0,Female,Master's Degree,Financial Manager,7.0,120000.0,Financial Manager Master's Degree 7.0 years experience Female 31.0 years old
23.0,Male,Bachelor's Degree,Software Engineer,1.0,60000.0,Software Engineer Bachelor's Degree 1.0 years experience Male 23.0 years old
39.0,Female,Master's Degree,Marketing Manager,12.0,150000.0,Marketing Manager Master's Degree 12.0 years experience Female 39.0 years old
28.0,Male,Bachelor's Degree,Financial Analyst,4.0,80000.0,Financial Analyst Bachelor's Degree 4.0 years experience Male 28.0 years old
31.0,Female,PhD,Research Scientist,8.0,120000.0,Research Scientist PhD 8.0 years experience Female 31.0 years old
35.0,Male,Bachelor's Degree,Project Manager,10.0,130000.0,Project Manager Bachelor's Degree 10.0 years experience Male 35.0 years old
27.0,Female,Bachelor's Degree,Graphic Designer,2.0,50000.0,Graphic Designer Bachelor's Degree 2.0 years experience Female 27.0 years old
42.0,Male,Master's Degree,Senior Software Engineer,18.0,180000.0,Senior Software Engineer Master's Degree 18.0 years experience Male 42.0 years old
29.0,Female,Bachelor's Degree,Digital Marketing Specialist,3.0,60000.0,Digital Marketing Specialist Bachelor's Degree 3.0 years experience Female 29.0 years old
33.0,Male,Bachelor's Degree,Marketing Manager,7.0,110000.0,Marketing Manager Bachelor's Degree 7.0 years experience Male 33.0 years old
24.0,Female,High School,Sales Associate,0.0,25000.0,Sales Associate High School 0.0 years experience Female 24.0 years old
30.0,Male,Master's Degree,Financial Analyst,6.0,100000.0,Financial Analyst Master's Degree 6.0 years experience Male 30.0 years old
26.0,Female,Bachelor's Degree,Social Media Manager,3.0,55000.0,Social Media Manager Bachelor's Degree 3.0 years experience Female 26.0 years old
32.0,Male,PhD,Data Scientist,9.0,140000.0,Data Scientist PhD 9.0 years experience Male 32.0 years old
22.0,Female,High School,Receptionist,0.0,25000.0,Receptionist High School 0.0 years experience Female 22.0 years old
37.0,Male,Bachelor's Degree,Product Manager,12.0,150000.0,Product Manager Bachelor's Degree 12.0 years experience Male 37.0 years old
38.0,Female,Master's Degree,Marketing Director,14.0,170000.0,Marketing Director Master's Degree 14.0 years experience Female 38.0 years old
25.0,Male,Bachelor's Degree,Junior Software Engineer,1.0,55000.0,Junior Software Engineer Bachelor's Degree 1.0 years experience Male 25.0 years old
29.0,Female,Bachelor's Degree,Marketing Coordinator,4.0,65000.0,Marketing Coordinator Bachelor's Degree 4.0 years experience Female 29.0 years old
27.0,Male,Bachelor's Degree,Product Designer,3.0,60000.0,Product Designer Bachelor's Degree 3.0 years experience Male 27.0 years old
34.0,Female,PhD,Research Director,10.0,150000.0,Research Director PhD 10.0 years experience Female 34.0 years old
26.0,Male,Bachelor's Degree,Marketing Analyst,2.0,50000.0,Marketing Analyst Bachelor's Degree 2.0 years experience Male 26.0 years old
31.0,Female,Master's Degree,Financial Manager,7.0,120000.0,Financial Manager Master's Degree 7.0 years experience Female 31.0 years old
25.0,Male,Bachelor's Degree,Junior Software Engineer,1.0,55000.0,Junior Software Engineer Bachelor's Degree 1.0 years experience Male 25.0 years old
29.0,Female,Bachelor's Degree,Marketing Coordinator,4.0,65000.0,Marketing Coordinator Bachelor's Degree 4.0 years experience Female 29.0 years old
27.0,Male,Bachelor's Degree,Product Designer,3.0,60000.0,Product Designer Bachelor's Degree 3.0 years experience Male 27.0 years old
34.0,Female,PhD,Research Director,10.0,150000.0,Research Director PhD 10.0 years experience Female 34.0 years old
26.0,Male,Bachelor's Degree,Marketing Analyst,2.0,50000.0,Marketing Analyst Bachelor's Degree 2.0 years experience Male 26.0 years old
31.0,Female,Master's Degree,Financial Manager,7.0,120000.0,Financial Manager Master's Degree 7.0 years experience Female 31.0 years old
23.0,Male,Bachelor's Degree,Software Engineer,1.0,60000.0,Software Engineer Bachelor's Degree 1.0 years experience Male 23.0 years old
39.0,Female,Master's Degree,Marketing Manager,12.0,150000.0,Marketing Manager Master's Degree 12.0 years experience Female 39.0 years old
28.0,Male,Bachelor's Degree,Financial Analyst,4.0,80000.0,Financial Analyst Bachelor's Degree 4.0 years experience Male 28.0 years old
31.0,Female,PhD,Research Scientist,8.0,120000.0,Research Scientist PhD 8.0 years experience Female 31.0 years old
35.0,Male,Bachelor's Degree,Project Manager,10.0,130000.0,Project Manager Bachelor's Degree 10.0 years experience Male 35.0 years old
27.0,Female,Bachelor's Degree,Graphic Designer,2.0,50000.0,Graphic Designer Bachelor's Degree 2.0 years experience Female 27.0 years old
42.0,Male,Master's Degree,Senior Software Engineer,18.0,180000.0,Senior Software Engineer Master's Degree 18.0 years experience Male 42.0 years old
29.0,Female,Bachelor's Degree,Digital Marketing Specialist,3.0,60000.0,Digital Marketing Specialist Bachelor's Degree 3.0 years experience Female 29.0 years old
33.0,Male,Bachelor's Degree,Marketing Manager,7.0,110000.0,Marketing Manager Bachelor's Degree 7.0 years experience Male 33.0 years old
24.0,Female,High School,Sales Associate,0.0,25000.0,Sales Associate High School 0.0 years experience Female 24.0 years old
30.0,Male,Master's Degree,Financial Analyst,6.0,100000.0,Financial Analyst Master's Degree 6.0 years experience Male 30.0 years old
26.0,Female,Bachelor's Degree,Social Media Manager,3.0,55000.0,Social Media Manager Bachelor's Degree 3.0 years experience Female 26.0 years old
32.0,Male,PhD,Data Scientist,9.0,140000.0,Data Scientist PhD 9.0 years experience Male 32.0 years old
22.0,Female,High School,Receptionist,0.0,25000.0,Receptionist High School 0.0 years experience Female 22.0 years old
37.0,Male,Bachelor's Degree,Product Manager,12.0,150000.0,Product Manager Bachelor's Degree 12.0 years experience Male 37.0 years old
38.0,Female,Master's Degree,Marketing Director,14.0,170000.0,Marketing Director Master's Degree 14.0 years experience Female 38.0 years old
25.0,Male,Bachelor's Degree,Junior Software Engineer,1.0,55000.0,Junior Software Engineer Bachelor's Degree 1.0 years experience Male 25.0 years old
29.0,Female,Bachelor's Degree,Marketing Coordinator,4.0,65000.0,Marketing Coordinator Bachelor's Degree 4.0 years experience Female 29.0 years old
27.0,Male,Bachelor's Degree,Product Designer,3.0,60000.0,Product Designer Bachelor's Degree 3.0 years experience Male 27.0 years old
34.0,Female,PhD,Research Director,10.0,150000.0,Research Director PhD 10.0 years experience Female 34.0 years old
26.0,Male,Bachelor's Degree,Marketing Analyst,2.0,50000.0,Marketing Analyst Bachelor's Degree 2.0 years experience Male 26.0 years old
31.0,Female,Master's Degree,Financial Manager,7.0,120000.0,Financial Manager Master's Degree 7.0 years experience Female 31.0 years old
25.0,Male,Bachelor's Degree,Junior Software Engineer,1.0,55000.0,Junior Software Engineer Bachelor's Degree 1.0 years experience Male 25.0 years old
29.0,Female,Bachelor's Degree,Marketing Coordinator,4.0,65000.0,Marketing Coordinator Bachelor's Degree 4.0 years experience Female 29.0 years old
27.0,Male,Bachelor's Degree,Product Designer,3.0,60000.0,Product Designer Bachelor's Degree 3.0 years experience Male 27.0 years old
34.0,Female,PhD,Research Director,10.0,150000.0,Research Director PhD 10.0 years experience Female 34.0 years old
26.0,Male,Bachelor's Degree,Marketing Analyst,2.0,50000.0,Marketing Analyst Bachelor's Degree 2.0 years experience Male 26.0 years old
31.0,Female,Master's Degree,Financial Manager,7.0,120000.0,Financial Manager Master's Degree 7.0 years experience Female 31.0 years old
23.0,Male,Bachelor's Degree,Software Engineer,1.0,60000.0,Software Engineer Bachelor's Degree 1.0 years experience Male 23.0 years old
39.0,Female,Master's Degree,Marketing Manager,12.0,150000.0,Marketing Manager Master's Degree 12.0 years experience Female 39.0 years old
28.0,Male,Bachelor's Degree,Financial Analyst,4.0,80000.0,Financial Analyst Bachelor's Degree 4.0 years experience Male 28.0 years old
31.0,Female,PhD,Research Scientist,8.0,120000.0,Research Scientist PhD 8.0 years experience Female 31.0 years old
35.0,Male,Bachelor's Degree,Project Manager,10.0,130000.0,Project Manager Bachelor's Degree 10.0 years experience Male 35.0 years old
27.0,Female,Bachelor's Degree,Graphic Designer,2.0,50000.0,Graphic Designer Bachelor's Degree 2.0 years experience Female 27.0 years old
42.0,Male,Master's Degree,Senior Software Engineer,18.0,180000.0,Senior Software Engineer Master's Degree 18.0 years experience Male 42.0 years old
29.0,Female,Bachelor's Degree,Digital Marketing Specialist,3.0,60000.0,Digital Marketing Specialist Bachelor's Degree 3.0 years experience Female 29.0 years old
33.0,Male,Bachelor's Degree,Marketing Manager,7.0,110000.0,Marketing Manager Bachelor's Degree 7.0 years experience Male 33.0 years old
24.0,Female,High School,Sales Associate,0.0,25000.0,Sales Associate High School 0.0 years experience Female 24.0 years old
30.0,Male,Master's Degree,Financial Analyst,6.0,100000.0,Financial Analyst Master's Degree 6.0 years experience Male 30.0 years old
26.0,Female,Bachelor's Degree,Social M,,,Social M Bachelor's Degree nan years experience Female 26.0 years old
28.0,Male,Bachelor's Degree,Software Engineer,3.0,85000.0,Software Engineer Bachelor's Degree 3.0 years experience Male 28.0 years old
36.0,Female,Master's Degree,Marketing Director,11.0,160000.0,Marketing Director Master's Degree 11.0 years experience Female 36.0 years old
25.0,Male,Bachelor's Degree,Financial Analyst,1.0,55000.0,Financial Analyst Bachelor's Degree 1.0 years experience Male 25.0 years old
29.0,Female,PhD,Data Scientist,5.0,100000.0,Data Scientist PhD 5.0 years experience Female 29.0 years old
33.0,Male,Bachelor's Degree,Project Manager,8.0,120000.0,Project Manager Bachelor's Degree 8.0 years experience Male 33.0 years old
27.0,Female,Bachelor's Degree,Graphic Designer,2.0,50000.0,Graphic Designer Bachelor's Degree 2.0 years experience Female 27.0 years old
43.0,Male,Master's Degree,Senior Software Engineer,19.0,185000.0,Senior Software Engineer Master's Degree 19.0 years experience Male 43.0 years old
30.0,Female,Bachelor's Degree,Digital Marketing Specialist,4.0,65000.0,Digital Marketing Specialist Bachelor's Degree 4.0 years experience Female 30.0 years old
34.0,Male,Bachelor's Degree,Marketing Manager,9.0,130000.0,Marketing Manager Bachelor's Degree 9.0 years experience Male 34.0 years old
25.0,Female,High School,Sales Associate,0.0,25000.0,Sales Associate High School 0.0 years experience Female 25.0 years old
31.0,Male,Master's Degree,Financial Analyst,6.0,100000.0,Financial Analyst Master's Degree 6.0 years experience Male 31.0 years old
27.0,Female,Bachelor's Degree,Social Media Manager,3.0,55000.0,Social Media Manager Bachelor's Degree 3.0 years experience Female 27.0 years old
33.0,Male,PhD,Research Scientist,10.0,150000.0,Research Scientist PhD 10.0 years experience Male 33.0 years old
23.0,Female,High School,Receptionist,0.0,25000.0,Receptionist High School 0.0 years experience Female 23.0 years old
38.0,Male,Bachelor's Degree,Product Manager,13.0,160000.0,Product Manager Bachelor's Degree 13.0 years experience Male 38.0 years old
39.0,Female,Master's Degree,Marketing Manager,14.0,170000.0,Marketing Manager Master's Degree 14.0 years experience Female 39.0 years old
26.0,Male,Bachelor's Degree,Junior Software Engineer,1.0,55000.0,Junior Software Engineer Bachelor's Degree 1.0 years experience Male 26.0 years old
30.0,Female,Bachelor's Degree,Marketing Coordinator,4.0,65000.0,Marketing Coordinator Bachelor's Degree 4.0 years experience Female 30.0 years old
28.0,Male,Bachelor's Degree,Product Designer,3.0,60000.0,Product Designer Bachelor's Degree 3.0 years experience Male 28.0 years old
35.0,Female,PhD,Research Director,11.0,160000.0,Research Director PhD 11.0 years experience Female 35.0 years old
27.0,Male,Bachelor's Degree,Marketing Analyst,2.0,50000.0,Marketing Analyst Bachelor's Degree 2.0 years experience Male 27.0 years old
32.0,Female,Master's Degree,Financial Manager,8.0,120000.0,Financial Manager Master's Degree 8.0 years experience Female 32.0 years old
26.0,Male,Bachelor's Degree,Junior Software Engineer,1.0,55000.0,Junior Software Engineer Bachelor's Degree 1.0 years experience Male 26.0 years old
30.0,Female,Bachelor's Degree,Marketing Coordinator,4.0,65000.0,Marketing Coordinator Bachelor's Degree 4.0 years experience Female 30.0 years old
28.0,Male,Bachelor's Degree,Product Designer,3.0,60000.0,Product Designer Bachelor's Degree 3.0 years experience Male 28.0 years old
35.0,Female,PhD,Research Director,11.0,160000.0,Research Director PhD 11.0 years experience Female 35.0 years old
27.0,Male,Bachelor's Degree,Marketing Analyst,2.0,50000.0,Marketing Analyst Bachelor's Degree 2.0 years experience Male 27.0 years old
32.0,Female,Master's Degree,Financial Manager,8.0,120000.0,Financial Manager Master's Degree 8.0 years experience Female 32.0 years old
28.0,Male,Bachelor's Degree,Software Engineer,3.0,85000.0,Software Engineer Bachelor's Degree 3.0 years experience Male 28.0 years old
36.0,Female,Master's Degree,Marketing Director,11.0,160000.0,Marketing Director Master's Degree 11.0 years experience Female 36.0 years old
25.0,Male,Bachelor's Degree,Financial Analyst,1.0,55000.0,Financial Analyst Bachelor's Degree 1.0 years experience Male 25.0 years old
29.0,Female,PhD,Data Scientist,5.0,100000.0,Data Scientist PhD 5.0 years experience Female 29.0 years old
33.0,Male,Bachelor's Degree,Project Manager,8.0,120000.0,Project Manager Bachelor's Degree 8.0 years experience Male 33.0 years old
27.0,Female,Bachelor's Degree,Graphic Designer,2.0,50000.0,Graphic Designer Bachelor's Degree 2.0 years experience Female 27.0 years old
43.0,Male,Master's Degree,Senior Software Engineer,19.0,185000.0,Senior Software Engineer Master's Degree 19.0 years experience Male 43.0 years old
30.0,Female,Bachelor's Degree,Digital Marketing Specialist,4.0,65000.0,Digital Marketing Specialist Bachelor's Degree 4.0 years experience Female 30.0 years old
34.0,Male,Bachelor's Degree,Marketing Manager,9.0,130000.0,Marketing Manager Bachelor's Degree 9.0 years experience Male 34.0 years old
25.0,Female,High School,Sales Associate,0.0,25000.0,Sales Associate High School 0.0 years experience Female 25.0 years old
31.0,Male,Master's Degree,Financial Analyst,6.0,100000.0,Financial Analyst Master's Degree 6.0 years experience Male 31.0 years old
27.0,Female,Bachelor's Degree,Social Media Manager,3.0,55000.0,Social Media Manager Bachelor's Degree 3.0 years experience Female 27.0 years old
33.0,Male,PhD,Research Scientist,10.0,150000.0,Research Scientist PhD 10.0 years experience Male 33.0 years old
23.0,Female,High School,Receptionist,0.0,25000.0,Receptionist High School 0.0 years experience Female 23.0 years old
38.0,Male,Bachelor's Degree,Product Manager,13.0,160000.0,Product Manager Bachelor's Degree 13.0 years experience Male 38.0 years old
39.0,Female,Master's Degree,Marketing Manager,14.0,170000.0,Marketing Manager Master's Degree 14.0 years experience Female 39.0 years old
26.0,Male,Bachelor's Degree,Junior Software Engineer,1.0,55000.0,Junior Software Engineer Bachelor's Degree 1.0 years experience Male 26.0 years old
30.0,Female,Bachelor's Degree,Marketing Coordinator,4.0,65000.0,Marketing Coordinator Bachelor's Degree 4.0 years experience Female 30.0 years old
28.0,Male,Bachelor's Degree,Product Designer,3.0,60000.0,Product Designer Bachelor's Degree 3.0 years experience Male 28.0 years old
35.0,Female,PhD,Research Director,11.0,160000.0,Research Director PhD 11.0 years experience Female 35.0 years old
27.0,Male,Bachelor's Degree,Marketing Analyst,2.0,50000.0,Marketing Analyst Bachelor's Degree 2.0 years experience Male 27.0 years old
32.0,Female,Master's Degree,Financial Manager,8.0,120000.0,Financial Manager Master's Degree 8.0 years experience Female 32.0 years old
26.0,Male,Bachelor's Degree,Junior Software Engineer,1.0,55000.0,Junior Software Engineer Bachelor's Degree 1.0 years experience Male 26.0 years old
30.0,Female,Bachelor's Degree,Marketing Coordinator,4.0,65000.0,Marketing Coordinator Bachelor's Degree 4.0 years experience Female 30.0 years old
28.0,Male,Bachelor's Degree,Product Designer,3.0,60000.0,Product Designer Bachelor's Degree 3.0 years experience Male 28.0 years old
35.0,Female,PhD,Research Director,11.0,160000.0,Research Director PhD 11.0 years experience Female 35.0 years old
27.0,Male,Bachelor's Degree,Marketing Analyst,2.0,50000.0,Marketing Analyst Bachelor's Degree 2.0 years experience Male 27.0 years old
32.0,Female,Master's Degree,Financial Manager,8.0,120000.0,Financial Manager Master's Degree 8.0 years experience Female 32.0 years old
28.0,Male,Bachelor's Degree,Software Engineer,3.0,85000.0,Software Engineer Bachelor's Degree 3.0 years experience Male 28.0 years old
36.0,Female,Master's Degree,Marketing Director,11.0,160000.0,Marketing Director Master's Degree 11.0 years experience Female 36.0 years old
25.0,Male,Bachelor's Degree,Financial Analyst,1.0,55000.0,Financial Analyst Bachelor's Degree 1.0 years experience Male 25.0 years old
29.0,Female,PhD,Data Scientist,5.0,100000.0,Data Scientist PhD 5.0 years experience Female 29.0 years old
33.0,Male,Bachelor's Degree,Project Manager,8.0,120000.0,Project Manager Bachelor's Degree 8.0 years experience Male 33.0 years old
27.0,Female,Bachelor's Degree,Graphic Designer,2.0,50000.0,Graphic Designer Bachelor's Degree 2.0 years experience Female 27.0 years old
43.0,Male,Master's Degree,Senior Software Engineer,19.0,185000.0,Senior Software Engineer Master's Degree 19.0 years experience Male 43.0 years old
30.0,Female,Bachelor's Degree,Digital Marketing Specialist,4.0,65000.0,Digital Marketing Specialist Bachelor's Degree 4.0 years experience Female 30.0 years old
34.0,Male,Bachelor's Degree,Marketing Manager,9.0,130000.0,Marketing Manager Bachelor's Degree 9.0 years experience Male 34.0 years old
25.0,Female,High School,Sales Associate,0.0,25000.0,Sales Associate High School 0.0 years experience Female 25.0 years old
31.0,Male,Master's Degree,Financial Analyst,6.0,100000.0,Financial Analyst Master's Degree 6.0 years experience Male 31.0 years old
27.0,Female,Bachelor's Degree,Social Media Manager,3.0,55000.0,Social Media Manager Bachelor's Degree 3.0 years experience Female 27.0 years old
33.0,Male,PhD,Research Scientist,10.0,150000.0,Research Scientist PhD 10.0 years experience Male 33.0 years old
23.0,Female,High School,Receptionist,0.0,25000.0,Receptionist High School 0.0 years experience Female 23.0 years old
38.0,Male,Bachelor's Degree,Product Manager,13.0,160000.0,Product Manager Bachelor's Degree 13.0 years experience Male 38.0 years old
39.0,Female,Master's Degree,Marketing Manager,14.0,170000.0,Marketing Manager Master's Degree 14.0 years experience Female 39.0 years old
26.0,Male,Bachelor's Degree,Junior Software Engineer,1.0,55000.0,Junior Software Engineer Bachelor's Degree 1.0 years experience Male 26.0 years old
30.0,Female,Bachelor's Degree,Marketing Coordinator,4.0,65000.0,Marketing Coordinator Bachelor's Degree 4.0 years experience Female 30.0 years old
28.0,Male,Bachelor's Degree,Product Designer,3.0,60000.0,Product Designer Bachelor's Degree 3.0 years experience Male 28.0 years old
35.0,Female,PhD,Research Director,11.0,160000.0,Research Director PhD 11.0 years experience Female 35.0 years old
27.0,Male,Bachelor's Degree,Marketing Analyst,2.0,50000.0,Marketing Analyst Bachelor's Degree 2.0 years experience Male 27.0 years old
32.0,Female,Master's Degree,Financial Manager,8.0,120000.0,Financial Manager Master's Degree 8.0 years experience Female 32.0 years old
26.0,Male,Bachelor's Degree,Junior Software Engineer,1.0,55000.0,Junior Software Engineer Bachelor's Degree 1.0 years experience Male 26.0 years old
30.0,Female,Bachelor's Degree,Marketing Coordinator,4.0,65000.0,Marketing Coordinator Bachelor's Degree 4.0 years experience Female 30.0 years old
28.0,Male,Bachelor's Degree,Product Designer,3.0,60000.0,Product Designer Bachelor's Degree 3.0 years experience Male 28.0 years old
35.0,Female,PhD,Research Director,11.0,160000.0,Research Director PhD 11.0 years experience Female 35.0 years old
27.0,Male,Bachelor's Degree,Marketing Analyst,2.0,50000.0,Marketing Analyst Bachelor's Degree 2.0 years experience Male 27.0 years old
32.0,Female,Master's Degree,Financial Manager,8.0,120000.0,Financial Manager Master's Degree 8.0 years experience Female 32.0 years old
28.0,Male,Bachelor's Degree,Software Engineer,3.0,85000.0,Software Engineer Bachelor's Degree 3.0 years experience Male 28.0 years old
36.0,Female,Master's Degree,Marketing Director,11.0,160000.0,Marketing Director Master's Degree 11.0 years experience Female 36.0 years old
25.0,Male,Bachelor's Degree,Financial Analyst,1.0,55000.0,Financial Analyst Bachelor's Degree 1.0 years experience Male 25.0 years old
29.0,Female,PhD,Data Scientist,5.0,100000.0,Data Scientist PhD 5.0 years experience Female 29.0 years old
33.0,Male,Bachelor's Degree,Project Manager,8.0,120000.0,Project Manager Bachelor's Degree 8.0 years experience Male 33.0 years old
27.0,Female,Bachelor's Degree,Graphic Designer,2.0,50000.0,Graphic Designer Bachelor's Degree 2.0 years experience Female 27.0 years old
43.0,Male,Master's Degree,Senior Software Engineer,19.0,185000.0,Senior Software Engineer Master's Degree 19.0 years experience Male 43.0 years old
30.0,Female,Bachelor's Degree,Digital Marketing Specialist,4.0,65000.0,Digital Marketing Specialist Bachelor's Degree 4.0 years experience Female 30.0 years old
34.0,Male,Bachelor's Degree,Marketing Manager,9.0,130000.0,Marketing Manager Bachelor's Degree 9.0 years experience Male 34.0 years old
25.0,Female,High School,Sales Associate,0.0,25000.0,Sales Associate High School 0.0 years experience Female 25.0 years old
31.0,Male,Master's Degree,Financial Analyst,6.0,100000.0,Financial Analyst Master's Degree 6.0 years experience Male 31.0 years old
27.0,Female,Bachelor's Degree,Social Media Manager,3.0,55000.0,Social Media Manager Bachelor's Degree 3.0 years experience Female 27.0 years old
33.0,Male,PhD,Research Scientist,10.0,150000.0,Research Scientist PhD 10.0 years experience Male 33.0 years old
23.0,Female,High School,Receptionist,0.0,25000.0,Receptionist High School 0.0 years experience Female 23.0 years old
38.0,Male,Bachelor's Degree,Product Manager,13.0,160000.0,Product Manager Bachelor's Degree 13.0 years experience Male 38.0 years old
39.0,Female,Master's Degree,Marketing Manager,14.0,170000.0,Marketing Manager Master's Degree 14.0 years experience Female 39.0 years old
26.0,Male,Bachelor's Degree,Junior Software Engineer,1.0,55000.0,Junior Software Engineer Bachelor's Degree 1.0 years experience Male 26.0 years old
30.0,Female,Bachelor's Degree,Marketing Coordinator,4.0,65000.0,Marketing Coordinator Bachelor's Degree 4.0 years experience Female 30.0 years old
28.0,Male,Bachelor's Degree,Product Designer,3.0,60000.0,Product Designer Bachelor's Degree 3.0 years experience Male 28.0 years old
35.0,Female,PhD,Research Director,11.0,160000.0,Research Director PhD 11.0 years experience Female 35.0 years old
27.0,Male,Bachelor's Degree,Marketing Analyst,2.0,50000.0,Marketing Analyst Bachelor's Degree 2.0 years experience Male 27.0 years old
32.0,Female,Master's Degree,Financial Manager,8.0,120000.0,Financial Manager Master's Degree 8.0 years experience Female 32.0 years old
26.0,Male,Bachelor's Degree,Junior Software Engineer,1.0,55000.0,Junior Software Engineer Bachelor's Degree 1.0 years experience Male 26.0 years old
30.0,Female,Bachelor's Degree,Marketing Coordinator,4.0,65000.0,Marketing Coordinator Bachelor's Degree 4.0 years experience Female 30.0 years old
28.0,Male,Bachelor's Degree,Product Designer,3.0,60000.0,Product Designer Bachelor's Degree 3.0 years experience Male 28.0 years old
35.0,Female,PhD,Research Director,11.0,160000.0,Research Director PhD 11.0 years experience Female 35.0 years old
27.0,Male,Bachelor's Degree,Marketing Analyst,2.0,50000.0,Marketing Analyst Bachelor's Degree 2.0 years experience Male 27.0 years old
32.0,Female,Master's Degree,Financial Manager,8.0,120000.0,Financial Manager Master's Degree 8.0 years experience Female 32.0 years old
28.0,Male,Bachelor's Degree,Software Engineer,3.0,85000.0,Software Engineer Bachelor's Degree 3.0 years experience Male 28.0 years old
36.0,Female,Master's Degree,Marketing Director,11.0,160000.0,Marketing Director Master's Degree 11.0 years experience Female 36.0 years old
25.0,Male,Bachelor's Degree,Financial Analyst,1.0,55000.0,Financial Analyst Bachelor's Degree 1.0 years experience Male 25.0 years old
29.0,Female,PhD,Data Scientist,5.0,100000.0,Data Scientist PhD 5.0 years experience Female 29.0 years old
33.0,Male,Bachelor's Degree,Project Manager,8.0,120000.0,Project Manager Bachelor's Degree 8.0 years experience Male 33.0 years old
27.0,Female,Bachelor's Degree,Graphic Designer,2.0,50000.0,Graphic Designer Bachelor's Degree 2.0 years experience Female 27.0 years old
43.0,Male,Master's Degree,Senior Software Engineer,19.0,185000.0,Senior Software Engineer Master's Degree 19.0 years experience Male 43.0 years old
30.0,Female,Bachelor's Degree,Digital Marketing Specialist,4.0,65000.0,Digital Marketing Specialist Bachelor's Degree 4.0 years experience Female 30.0 years old
34.0,Male,Bachelor's Degree,Marketing Manager,9.0,130000.0,Marketing Manager Bachelor's Degree 9.0 years experience Male 34.0 years old
25.0,Female,High School,Sales Associate,0.0,25000.0,Sales Associate High School 0.0 years experience Female 25.0 years old
31.0,Male,Master's Degree,Financial Analyst,6.0,100000.0,Financial Analyst Master's Degree 6.0 years experience Male 31.0 years old
27.0,Female,Bachelor's Degree,Social Media Manager,3.0,55000.0,Social Media Manager Bachelor's Degree 3.0 years experience Female 27.0 years old
33.0,Male,PhD,Research Scientist,10.0,150000.0,Research Scientist PhD 10.0 years experience Male 33.0 years old
27.0,Male,Bachelor's Degree,Software Engineer,3.0,85000.0,Software Engineer Bachelor's Degree 3.0 years experience Male 27.0 years old
35.0,Female,Master's Degree,Marketing Director,11.0,160000.0,Marketing Director Master's Degree 11.0 years experience Female 35.0 years old
24.0,Male,Bachelor's Degree,Financial Analyst,1.0,55000.0,Financial Analyst Bachelor's Degree 1.0 years experience Male 24.0 years old
28.0,Female,PhD,Data Scientist,5.0,100000.0,Data Scientist PhD 5.0 years experience Female 28.0 years old
32.0,Male,Bachelor's Degree,Project Manager,8.0,120000.0,Project Manager Bachelor's Degree 8.0 years experience Male 32.0 years old
26.0,Female,Bachelor's Degree,Graphic Designer,2.0,50000.0,Graphic Designer Bachelor's Degree 2.0 years experience Female 26.0 years old
41.0,Male,Master's Degree,Senior Software Engineer,19.0,185000.0,Senior Software Engineer Master's Degree 19.0 years experience Male 41.0 years old
29.0,Female,Bachelor's Degree,Digital Marketing Specialist,4.0,65000.0,Digital Marketing Specialist Bachelor's Degree 4.0 years experience Female 29.0 years old
33.0,Male,Bachelor's Degree,Marketing Manager,9.0,130000.0,Marketing Manager Bachelor's Degree 9.0 years experience Male 33.0 years old
24.0,Female,High School,Sales Associate,0.0,25000.0,Sales Associate High School 0.0 years experience Female 24.0 years old
30.0,Male,Master's Degree,Financial Analyst,6.0,100000.0,Financial Analyst Master's Degree 6.0 years experience Male 30.0 years old
26.0,Female,Bachelor's Degree,Social Media Manager,3.0,55000.0,Social Media Manager Bachelor's Degree 3.0 years experience Female 26.0 years old
32.0,Male,PhD,Research Scientist,10.0,150000.0,Research Scientist PhD 10.0 years experience Male 32.0 years old
22.0,Female,High School,Receptionist,0.0,25000.0,Receptionist High School 0.0 years experience Female 22.0 years old
37.0,Male,Bachelor's Degree,Product Manager,13.0,160000.0,Product Manager Bachelor's Degree 13.0 years experience Male 37.0 years old
38.0,Female,Master's Degree,Marketing Manager,14.0,170000.0,Marketing Manager Master's Degree 14.0 years experience Female 38.0 years old
27.0,Male,Bachelor's Degree,Junior Software Engineer,1.0,55000.0,Junior Software Engineer Bachelor's Degree 1.0 years experience Male 27.0 years old
31.0,Female,Bachelor's Degree,Marketing Coordinator,4.0,65000.0,Marketing Coordinator Bachelor's Degree 4.0 years experience Female 31.0 years old
29.0,Male,Bachelor's Degree,Product Designer,3.0,60000.0,Product Designer Bachelor's Degree 3.0 years experience Male 29.0 years old
34.0,Female,PhD,Research Director,11.0,160000.0,Research Director PhD 11.0 years experience Female 34.0 years old
26.0,Male,Bachelor's Degree,Marketing Analyst,2.0,50000.0,Marketing Analyst Bachelor's Degree 2.0 years experience Male 26.0 years old
31.0,Female,Master's Degree,Financial Manager,8.0,120000.0,Financial Manager Master's Degree 8.0 years experience Female 31.0 years old
27.0,Male,Bachelor's Degree,Junior Software Engineer,1.0,55000.0,Junior Software Engineer Bachelor's Degree 1.0 years experience Male 27.0 years old
31.0,Female,Bachelor's Degree,Marketing Coordinator,4.0,65000.0,Marketing Coordinator Bachelor's Degree 4.0 years experience Female 31.0 years old
29.0,Male,Bachelor's Degree,Product Designer,3.0,60000.0,Product Designer Bachelor's Degree 3.0 years experience Male 29.0 years old
34.0,Female,PhD,Research Director,11.0,160000.0,Research Director PhD 11.0 years experience Female 34.0 years old
26.0,Male,Bachelor's Degree,Marketing Analyst,2.0,50000.0,Marketing Analyst Bachelor's Degree 2.0 years experience Male 26.0 years old
31.0,Female,Master's Degree,Financial Manager,8.0,120000.0,Financial Manager Master's Degree 8.0 years experience Female 31.0 years old
27.0,Male,Bachelor's Degree,Software Engineer,3.0,85000.0,Software Engineer Bachelor's Degree 3.0 years experience Male 27.0 years old
35.0,Female,Master's Degree,Marketing Director,11.0,160000.0,Marketing Director Master's Degree 11.0 years experience Female 35.0 years old
24.0,Male,Bachelor's Degree,Financial Analyst,1.0,55000.0,Financial Analyst Bachelor's Degree 1.0 years experience Male 24.0 years old
28.0,Female,PhD,Data Scientist,5.0,100000.0,Data Scientist PhD 5.0 years experience Female 28.0 years old
32.0,Male,Bachelor's Degree,Project Manager,8.0,120000.0,Project Manager Bachelor's Degree 8.0 years experience Male 32.0 years old
26.0,Female,Bachelor's Degree,Graphic Designer,2.0,50000.0,Graphic Designer Bachelor's Degree 2.0 years experience Female 26.0 years old
41.0,Male,Master's Degree,Senior Software Engineer,19.0,185000.0,Senior Software Engineer Master's Degree 19.0 years experience Male 41.0 years old
29.0,Female,Bachelor's Degree,Digital Marketing Specialist,4.0,65000.0,Digital Marketing Specialist Bachelor's Degree 4.0 years experience Female 29.0 years old
33.0,Male,Bachelor's Degree,Marketing Manager,9.0,130000.0,Marketing Manager Bachelor's Degree 9.0 years experience Male 33.0 years old
24.0,Female,High School,Sales Associate,0.0,25000.0,Sales Associate High School 0.0 years experience Female 24.0 years old
30.0,Male,Master's Degree,Financial Analyst,6.0,100000.0,Financial Analyst Master's Degree 6.0 years experience Male 30.0 years old
26.0,Female,Bachelor's Degree,Social Media Manager,3.0,55000.0,Social Media Manager Bachelor's Degree 3.0 years experience Female 26.0 years old
32.0,Male,PhD,Research Scientist,10.0,150000.0,Research Scientist PhD 10.0 years experience Male 32.0 years old
22.0,Female,High School,Receptionist,0.0,25000.0,Receptionist High School 0.0 years experience Female 22.0 years old
37.0,Male,Bachelor's Degree,Product Manager,13.0,160000.0,Product Manager Bachelor's Degree 13.0 years experience Male 37.0 years old
38.0,Female,Master's Degree,Marketing Manager,14.0,170000.0,Marketing Manager Master's Degree 14.0 years experience Female 38.0 years old
27.0,Male,Bachelor's Degree,Junior Software Engineer,1.0,55000.0,Junior Software Engineer Bachelor's Degree 1.0 years experience Male 27.0 years old
31.0,Female,Bachelor's Degree,Marketing Coordinator,4.0,65000.0,Marketing Coordinator Bachelor's Degree 4.0 years experience Female 31.0 years old
29.0,Male,Bachelor's Degree,Product Designer,3.0,60000.0,Product Designer Bachelor's Degree 3.0 years experience Male 29.0 years old
34.0,Female,PhD,Research Director,11.0,160000.0,Research Director PhD 11.0 years experience Female 34.0 years old
26.0,Male,Bachelor's Degree,Marketing Analyst,2.0,50000.0,Marketing Analyst Bachelor's Degree 2.0 years experience Male 26.0 years old
31.0,Female,Master's Degree,Financial Manager,8.0,120000.0,Financial Manager Master's Degree 8.0 years experience Female 31.0 years old
27.0,Male,Bachelor's Degree,Junior Software Engineer,1.0,55000.0,Junior Software Engineer Bachelor's Degree 1.0 years experience Male 27.0 years old
31.0,Female,Bachelor's Degree,Marketing Coordinator,4.0,65000.0,Marketing Coordinator Bachelor's Degree 4.0 years experience Female 31.0 years old
29.0,Male,Bachelor's Degree,Product Designer,3.0,60000.0,Product Designer Bachelor's Degree 3.0 years experience Male 29.0 years old
34.0,Female,PhD,Research Director,11.0,160000.0,Research Director PhD 11.0 years experience Female 34.0 years old
26.0,Male,Bachelor's Degree,Marketing Analyst,2.0,50000.0,Marketing Analyst Bachelor's Degree 2.0 years experience Male 26.0 years old
31.0,Female,Master's Degree,Financial Manager,8.0,120000.0,Financial Manager Master's Degree 8.0 years experience Female 31.0 years old
27.0,Male,Bachelor's Degree,Software Engineer,3.0,85000.0,Software Engineer Bachelor's Degree 3.0 years experience Male 27.0 years old
35.0,Female,Master's Degree,Marketing Director,11.0,160000.0,Marketing Director Master's Degree 11.0 years experience Female 35.0 years old
24.0,Male,Bachelor's Degree,Financial Analyst,1.0,55000.0,Financial Analyst Bachelor's Degree 1.0 years experience Male 24.0 years old
28.0,Female,PhD,Data Scientist,5.0,100000.0,Data Scientist PhD 5.0 years experience Female 28.0 years old
32.0,Male,Bachelor's Degree,Project Manager,8.0,120000.0,Project Manager Bachelor's Degree 8.0 years experience Male 32.0 years old
26.0,Female,Bachelor's Degree,Graphic Designer,2.0,50000.0,Graphic Designer Bachelor's Degree 2.0 years experience Female 26.0 years old
41.0,Male,Master's Degree,Senior Software Engineer,19.0,185000.0,Senior Software Engineer Master's Degree 19.0 years experience Male 41.0 years old
29.0,Female,Bachelor's Degree,Digital Marketing Specialist,4.0,65000.0,Digital Marketing Specialist Bachelor's Degree 4.0 years experience Female 29.0 years old
33.0,Male,Bachelor's Degree,Marketing Manager,9.0,130000.0,Marketing Manager Bachelor's Degree 9.0 years experience Male 33.0 years old
24.0,Female,High School,Sales Associate,0.0,25000.0,Sales Associate High School 0.0 years experience Female 24.0 years old
30.0,Male,Master's Degree,Financial Analyst,6.0,100000.0,Financial Analyst Master's Degree 6.0 years experience Male 30.0 years old
26.0,Female,Bachelor's Degree,Social Media Manager,3.0,55000.0,Social Media Manager Bachelor's Degree 3.0 years experience Female 26.0 years old
32.0,Male,PhD,Research Scientist,10.0,150000.0,Research Scientist PhD 10.0 years experience Male 32.0 years old
22.0,Female,High School,Receptionist,0.0,25000.0,Receptionist High School 0.0 years experience Female 22.0 years old
37.0,Male,Bachelor's Degree,Product Manager,13.0,160000.0,Product Manager Bachelor's Degree 13.0 years experience Male 37.0 years old
38.0,Female,Master's Degree,Marketing Manager,14.0,170000.0,Marketing Manager Master's Degree 14.0 years experience Female 38.0 years old
27.0,Male,Bachelor's Degree,Junior Software Engineer,1.0,55000.0,Junior Software Engineer Bachelor's Degree 1.0 years experience Male 27.0 years old
31.0,Female,Bachelor's Degree,Marketing Coordinator,4.0,65000.0,Marketing Coordinator Bachelor's Degree 4.0 years experience Female 31.0 years old
29.0,Male,Bachelor's Degree,Product Designer,3.0,60000.0,Product Designer Bachelor's Degree 3.0 years experience Male 29.0 years old
34.0,Female,PhD,Research Director,11.0,160000.0,Research Director PhD 11.0 years experience Female 34.0 years old
26.0,Male,Bachelor's Degree,Marketing Analyst,2.0,50000.0,Marketing Analyst Bachelor's Degree 2.0 years experience Male 26.0 years old
31.0,Female,Master's Degree,Financial Manager,8.0,120000.0,Financial Manager Master's Degree 8.0 years experience Female 31.0 years old
27.0,Male,Bachelor's Degree,Junior Software Engineer,1.0,55000.0,Junior Software Engineer Bachelor's Degree 1.0 years experience Male 27.0 years old
31.0,Female,Bachelor's Degree,Marketing Coordinator,4.0,65000.0,Marketing Coordinator Bachelor's Degree 4.0 years experience Female 31.0 years old
29.0,Male,Bachelor's Degree,Product Designer,3.0,60000.0,Product Designer Bachelor's Degree 3.0 years experience Male 29.0 years old
34.0,Female,PhD,Research Director,11.0,160000.0,Research Director PhD 11.0 years experience Female 34.0 years old
26.0,Male,Bachelor's Degree,Marketing Analyst,2.0,50000.0,Marketing Analyst Bachelor's Degree 2.0 years experience Male 26.0 years old
31.0,Female,Master's Degree,Financial Manager,8.0,120000.0,Financial Manager Master's Degree 8.0 years experience Female 31.0 years old
27.0,Male,Bachelor's Degree,Software Engineer,3.0,85000.0,Software Engineer Bachelor's Degree 3.0 years experience Male 27.0 years old
35.0,Female,Master's Degree,Marketing Director,11.0,160000.0,Marketing Director Master's Degree 11.0 years experience Female 35.0 years old
24.0,Male,Bachelor's Degree,Financial Analyst,1.0,55000.0,Financial Analyst Bachelor's Degree 1.0 years experience Male 24.0 years old
28.0,Female,PhD,Data Scientist,5.0,100000.0,Data Scientist PhD 5.0 years experience Female 28.0 years old
32.0,Male,Bachelor's Degree,Project Manager,8.0,120000.0,Project Manager Bachelor's Degree 8.0 years experience Male 32.0 years old
26.0,Female,Bachelor's Degree,Graphic Designer,2.0,50000.0,Graphic Designer Bachelor's Degree 2.0 years experience Female 26.0 years old
41.0,Male,Master's Degree,Senior Software Engineer,19.0,185000.0,Senior Software Engineer Master's Degree 19.0 years experience Male 41.0 years old
29.0,Female,Bachelor's Degree,Digital Marketing Specialist,4.0,65000.0,Digital Marketing Specialist Bachelor's Degree 4.0 years experience Female 29.0 years old
33.0,Male,Bachelor's Degree,Marketing Manager,9.0,130000.0,Marketing Manager Bachelor's Degree 9.0 years experience Male 33.0 years old
24.0,Female,High School,Sales Associate,0.0,25000.0,Sales Associate High School 0.0 years experience Female 24.0 years old
30.0,Male,Master's Degree,Financial Analyst,6.0,100000.0,Financial Analyst Master's Degree 6.0 years experience Male 30.0 years old
26.0,Female,Bachelor's Degree,Social Media Manager,3.0,55000.0,Social Media Manager Bachelor's Degree 3.0 years experience Female 26.0 years old
32.0,Male,PhD,Research Scientist,10.0,150000.0,Research Scientist PhD 10.0 years experience Male 32.0 years old
22.0,Female,High School,Receptionist,0.0,25000.0,Receptionist High School 0.0 years experience Female 22.0 years old
37.0,Male,Bachelor's Degree,Product Manager,13.0,160000.0,Product Manager Bachelor's Degree 13.0 years experience Male 37.0 years old
38.0,Female,Master's Degree,Marketing Manager,14.0,170000.0,Marketing Manager Master's Degree 14.0 years experience Female 38.0 years old
27.0,Male,Bachelor's Degree,Junior Software Engineer,1.0,55000.0,Junior Software Engineer Bachelor's Degree 1.0 years experience Male 27.0 years old
31.0,Female,Bachelor's Degree,Marketing Coordinator,4.0,65000.0,Marketing Coordinator Bachelor's Degree 4.0 years experience Female 31.0 years old
29.0,Male,Bachelor's Degree,Product Designer,3.0,60000.0,Product Designer Bachelor's Degree 3.0 years experience Male 29.0 years old
34.0,Female,PhD,Research Director,11.0,160000.0,Research Director PhD 11.0 years experience Female 34.0 years old
26.0,Male,Bachelor's Degree,Marketing Analyst,2.0,50000.0,Marketing Analyst Bachelor's Degree 2.0 years experience Male 26.0 years old
31.0,Female,Master's Degree,Financial Manager,8.0,120000.0,Financial Manager Master's Degree 8.0 years experience Female 31.0 years old
27.0,Male,Bachelor's Degree,Junior Software Engineer,1.0,55000.0,Junior Software Engineer Bachelor's Degree 1.0 years experience Male 27.0 years old
31.0,Female,Bachelor's Degree,Marketing Coordinator,4.0,65000.0,Marketing Coordinator Bachelor's Degree 4.0 years experience Female 31.0 years old
29.0,Male,Bachelor's Degree,Product Designer,3.0,60000.0,Product Designer Bachelor's Degree 3.0 years experience Male 29.0 years old
34.0,Female,PhD,Research Director,11.0,160000.0,Research Director PhD 11.0 years experience Female 34.0 years old
26.0,Male,Bachelor's Degree,Marketing Analyst,2.0,50000.0,Marketing Analyst Bachelor's Degree 2.0 years experience Male 26.0 years old
31.0,Female,Master's Degree,Financial Manager,8.0,120000.0,Financial Manager Master's Degree 8.0 years experience Female 31.0 years old
27.0,Male,Bachelor's Degree,Software Engineer,3.0,85000.0,Software Engineer Bachelor's Degree 3.0 years experience Male 27.0 years old
35.0,Female,Master's Degree,Marketing Director,11.0,160000.0,Marketing Director Master's Degree 11.0 years experience Female 35.0 years old
24.0,Male,Bachelor's Degree,Financial Analyst,1.0,55000.0,Financial Analyst Bachelor's Degree 1.0 years experience Male 24.0 years old
28.0,Female,PhD,Data Scientist,5.0,100000.0,Data Scientist PhD 5.0 years experience Female 28.0 years old
32.0,Male,Bachelor's Degree,Project Manager,8.0,120000.0,Project Manager Bachelor's Degree 8.0 years experience Male 32.0 years old
26.0,Female,Bachelor's Degree,Graphic Designer,2.0,50000.0,Graphic Designer Bachelor's Degree 2.0 years experience Female 26.0 years old
41.0,Male,Master's Degree,Senior Software Engineer,19.0,185000.0,Senior Software Engineer Master's Degree 19.0 years experience Male 41.0 years old
29.0,Female,Bachelor's Degree,Digital Marketing Specialist,4.0,65000.0,Digital Marketing Specialist Bachelor's Degree 4.0 years experience Female 29.0 years old
33.0,Male,Bachelor's Degree,Marketing Manager,9.0,130000.0,Marketing Manager Bachelor's Degree 9.0 years experience Male 33.0 years old
24.0,Female,High School,Sales Associate,0.0,25000.0,Sales Associate High School 0.0 years experience Female 24.0 years old
30.0,Male,Master's Degree,Financial Analyst,6.0,100000.0,Financial Analyst Master's Degree 6.0 years experience Male 30.0 years old
26.0,Female,Bachelor's Degree,Social Media Man,7.0,100000.0,Social Media Man Bachelor's Degree 7.0 years experience Female 26.0 years old
31.0,Male,Bachelor's Degree,Software Engineer,7.0,120000.0,Software Engineer Bachelor's Degree 7.0 years experience Male 31.0 years old
26.0,Female,Bachelor's Degree,Graphic Designer,2.0,50000.0,Graphic Designer Bachelor's Degree 2.0 years experience Female 26.0 years old
33.0,Male,Master's Degree,Marketing Manager,9.0,130000.0,Marketing Manager Master's Degree 9.0 years experience Male 33.0 years old
29.0,Female,High School,Customer Service Representative,3.0,35000.0,Customer Service Representative High School 3.0 years experience Female 29.0 years old
36.0,Male,PhD,Research Scientist,13.0,160000.0,Research Scientist PhD 13.0 years experience Male 36.0 years old
27.0,Female,Bachelor's Degree,Marketing Coordinator,2.0,50000.0,Marketing Coordinator Bachelor's Degree 2.0 years experience Female 27.0 years old
31.0,Male,Bachelor's Degree,Project Manager,6.0,100000.0,Project Manager Bachelor's Degree 6.0 years experience Male 31.0 years old
28.0,Female,Master's Degree,Financial Analyst,4.0,80000.0,Financial Analyst Master's Degree 4.0 years experience Female 28.0 years old
25.0,Male,Bachelor's Degree,Software Engineer,1.0,60000.0,Software Engineer Bachelor's Degree 1.0 years experience Male 25.0 years old
30.0,Female,Bachelor's Degree,Sales Manager,5.0,90000.0,Sales Manager Bachelor's Degree 5.0 years experience Female 30.0 years old
34.0,Male,PhD,Research Director,11.0,170000.0,Research Director PhD 11.0 years experience Male 34.0 years old
28.0,Female,Bachelor's Degree,Marketing Analyst,3.0,60000.0,Marketing Analyst Bachelor's Degree 3.0 years experience Female 28.0 years old
32.0,Male,Bachelor's Degree,Product Manager,7.0,120000.0,Product Manager Bachelor's Degree 7.0 years experience Male 32.0 years old
24.0,Female,High School,Receptionist,0.0,25000.0,Receptionist High School 0.0 years experience Female 24.0 years old
37.0,Male,Master's Degree,Marketing Director,14.0,180000.0,Marketing Director Master's Degree 14.0 years experience Male 37.0 years old
39.0,Female,Bachelor's Degree,Financial Manager,16.0,200000.0,Financial Manager Bachelor's Degree 16.0 years experience Female 39.0 years old
26.0,Male,Bachelor's Degree,Product Designer,2.0,50000.0,Product Designer Bachelor's Degree 2.0 years experience Male 26.0 years old
31.0,Female,PhD,Data Scientist,8.0,140000.0,Data Scientist PhD 8.0 years experience Female 31.0 years old
29.0,Male,Bachelor's Degree,Marketing Analyst,4.0,70000.0,Marketing Analyst Bachelor's Degree 4.0 years experience Male 29.0 years old
33.0,Female,Master's Degree,Marketing Manager,9.0,130000.0,Marketing Manager Master's Degree 9.0 years experience Female 33.0 years old
27.0,Male,Bachelor's Degree,Software Engineer,3.0,80000.0,Software Engineer Bachelor's Degree 3.0 years experience Male 27.0 years old
36.0,Female,PhD,Research Scientist,12.0,160000.0,Research Scientist PhD 12.0 years experience Female 36.0 years old
25.0,Male,Bachelor's Degree,Product Manager,1.0,55000.0,Product Manager Bachelor's Degree 1.0 years experience Male 25.0 years old
30.0,Female,Bachelor's Degree,Marketing Coordinator,5.0,85000.0,Marketing Coordinator Bachelor's Degree 5.0 years experience Female 30.0 years old
34.0,Male,PhD,Research Director,11.0,170000.0,Research Director PhD 11.0 years experience Male 34.0 years old
28.0,Female,Bachelor's Degree,Marketing Analyst,3.0,60000.0,Marketing Analyst Bachelor's Degree 3.0 years experience Female 28.0 years old
32.0,Male,Bachelor's Degree,Product Manager,7.0,120000.0,Product Manager Bachelor's Degree 7.0 years experience Male 32.0 years old
24.0,Female,High School,Receptionist,0.0,25000.0,Receptionist High School 0.0 years experience Female 24.0 years old
37.0,Male,Master's Degree,Marketing Director,14.0,180000.0,Marketing Director Master's Degree 14.0 years experience Male 37.0 years old
39.0,Female,Bachelor's Degree,Financial Manager,16.0,200000.0,Financial Manager Bachelor's Degree 16.0 years experience Female 39.0 years old
26.0,Male,Bachelor's Degree,Product Designer,2.0,50000.0,Product Designer Bachelor's Degree 2.0 years experience Male 26.0 years old
31.0,Female,PhD,Data Scientist,8.0,140000.0,Data Scientist PhD 8.0 years experience Female 31.0 years old
29.0,Male,Bachelor's Degree,Marketing Analyst,4.0,70000.0,Marketing Analyst Bachelor's Degree 4.0 years experience Male 29.0 years old
33.0,Female,Master's Degree,Marketing Manager,9.0,130000.0,Marketing Manager Master's Degree 9.0 years experience Female 33.0 years old
27.0,Male,Bachelor's Degree,Software Engineer,3.0,80000.0,Software Engineer Bachelor's Degree 3.0 years experience Male 27.0 years old
36.0,Female,PhD,Research Scientist,12.0,160000.0,Research Scientist PhD 12.0 years experience Female 36.0 years old
25.0,Male,Bachelor's Degree,Product Manager,1.0,55000.0,Product Manager Bachelor's Degree 1.0 years experience Male 25.0 years old
30.0,Female,Bachelor's Degree,Marketing Coordinator,5.0,85000.0,Marketing Coordinator Bachelor's Degree 5.0 years experience Female 30.0 years old
34.0,Male,PhD,Research Director,11.0,170000.0,Research Director PhD 11.0 years experience Male 34.0 years old
28.0,Female,Bachelor's Degree,Marketing Analyst,3.0,60000.0,Marketing Analyst Bachelor's Degree 3.0 years experience Female 28.0 years old
32.0,Male,Bachelor's Degree,Product Manager,7.0,120000.0,Product Manager Bachelor's Degree 7.0 years experience Male 32.0 years old
24.0,Female,High School,Receptionist,0.0,25000.0,Receptionist High School 0.0 years experience Female 24.0 years old
37.0,Male,Master's Degree,Marketing Director,14.0,180000.0,Marketing Director Master's Degree 14.0 years experience Male 37.0 years old
39.0,Female,Bachelor's Degree,Financial Manager,16.0,200000.0,Financial Manager Bachelor's Degree 16.0 years experience Female 39.0 years old
26.0,Male,Bachelor's Degree,Product Designer,2.0,50000.0,Product Designer Bachelor's Degree 2.0 years experience Male 26.0 years old
31.0,Female,PhD,Data Scientist,8.0,140000.0,Data Scientist PhD 8.0 years experience Female 31.0 years old
29.0,Male,Bachelor's Degree,Marketing Analyst,4.0,70000.0,Marketing Analyst Bachelor's Degree 4.0 years experience Male 29.0 years old
33.0,Female,Master's Degree,Marketing Manager,9.0,130000.0,Marketing Manager Master's Degree 9.0 years experience Female 33.0 years old
27.0,Male,Bachelor's Degree,Software Engineer,3.0,80000.0,Software Engineer Bachelor's Degree 3.0 years experience Male 27.0 years old
36.0,Female,PhD,Research Scientist,12.0,160000.0,Research Scientist PhD 12.0 years experience Female 36.0 years old
25.0,Male,Bachelor's Degree,Product Manager,1.0,55000.0,Product Manager Bachelor's Degree 1.0 years experience Male 25.0 years old
30.0,Female,Bachelor's Degree,Marketing Coordinator,5.0,85000.0,Marketing Coordinator Bachelor's Degree 5.0 years experience Female 30.0 years old
34.0,Male,PhD,Research Director,11.0,170000.0,Research Director PhD 11.0 years experience Male 34.0 years old
28.0,Female,Bachelor's Degree,Marketing Analyst,3.0,60000.0,Marketing Analyst Bachelor's Degree 3.0 years experience Female 28.0 years old
32.0,Male,Bachelor's Degree,Product Manager,7.0,120000.0,Product Manager Bachelor's Degree 7.0 years experience Male 32.0 years old
24.0,Female,High School,Receptionist,0.0,25000.0,Receptionist High School 0.0 years experience Female 24.0 years old
37.0,Male,Master's Degree,Marketing Director,14.0,180000.0,Marketing Director Master's Degree 14.0 years experience Male 37.0 years old
39.0,Female,Bachelor's Degree,Financial Manager,16.0,200000.0,Financial Manager Bachelor's Degree 16.0 years experience Female 39.0 years old
26.0,Male,Bachelor's Degree,Product Designer,2.0,50000.0,Product Designer Bachelor's Degree 2.0 years experience Male 26.0 years old
31.0,Female,PhD,Data Scientist,8.0,140000.0,Data Scientist PhD 8.0 years experience Female 31.0 years old
29.0,Male,Bachelor's Degree,Marketing Analyst,4.0,70000.0,Marketing Analyst Bachelor's Degree 4.0 years experience Male 29.0 years old
33.0,Female,Master's Degree,Marketing Manager,9.0,130000.0,Marketing Manager Master's Degree 9.0 years experience Female 33.0 years old
27.0,Male,Bachelor's Degree,Software Engineer,3.0,80000.0,Software Engineer Bachelor's Degree 3.0 years experience Male 27.0 years old
36.0,Female,PhD,Research Scientist,12.0,160000.0,Research Scientist PhD 12.0 years experience Female 36.0 years old
25.0,Male,Bachelor's Degree,Product Manager,1.0,55000.0,Product Manager Bachelor's Degree 1.0 years experience Male 25.0 years old
30.0,Female,Bachelor's Degree,Marketing Coordinator,5.0,85000.0,Marketing Coordinator Bachelor's Degree 5.0 years experience Female 30.0 years old
34.0,Male,PhD,Research Director,11.0,170000.0,Research Director PhD 11.0 years experience Male 34.0 years old
28.0,Female,Bachelor's Degree,Marketing Analyst,3.0,60000.0,Marketing Analyst Bachelor's Degree 3.0 years experience Female 28.0 years old
32.0,Male,Bachelor's Degree,Product Manager,7.0,120000.0,Product Manager Bachelor's Degree 7.0 years experience Male 32.0 years old
24.0,Female,High School,Receptionist,0.0,25000.0,Receptionist High School 0.0 years experience Female 24.0 years old
37.0,Male,Master's Degree,Marketing Director,14.0,180000.0,Marketing Director Master's Degree 14.0 years experience Male 37.0 years old
39.0,Female,Bachelor's Degree,Financial Manager,16.0,200000.0,Financial Manager Bachelor's Degree 16.0 years experience Female 39.0 years old
26.0,Male,Bachelor's Degree,Product Designer,2.0,50000.0,Product Designer Bachelor's Degree 2.0 years experience Male 26.0 years old
31.0,Female,PhD,Data Scientist,8.0,140000.0,Data Scientist PhD 8.0 years experience Female 31.0 years old
29.0,Male,Bachelor's Degree,Marketing Analyst,4.0,70000.0,Marketing Analyst Bachelor's Degree 4.0 years experience Male 29.0 years old
33.0,Female,Master's Degree,Marketing Manager,9.0,130000.0,Marketing Manager Master's Degree 9.0 years experience Female 33.0 years old
27.0,Male,Bachelor's Degree,Software Engineer,3.0,80000.0,Software Engineer Bachelor's Degree 3.0 years experience Male 27.0 years old
36.0,Female,PhD,Research Scientist,12.0,160000.0,Research Scientist PhD 12.0 years experience Female 36.0 years old
25.0,Male,Bachelor's Degree,Product Manager,1.0,55000.0,Product Manager Bachelor's Degree 1.0 years experience Male 25.0 years old
30.0,Female,Bachelor's Degree,Marketing Coordinator,5.0,85000.0,Marketing Coordinator Bachelor's Degree 5.0 years experience Female 30.0 years old
34.0,Male,PhD,Research Director,11.0,170000.0,Research Director PhD 11.0 years experience Male 34.0 years old
28.0,Female,Bachelor's Degree,Marketing Analyst,3.0,60000.0,Marketing Analyst Bachelor's Degree 3.0 years experience Female 28.0 years old
32.0,Male,Bachelor's Degree,Product Manager,7.0,120000.0,Product Manager Bachelor's Degree 7.0 years experience Male 32.0 years old
24.0,Female,High School,Receptionist,0.0,25000.0,Receptionist High School 0.0 years experience Female 24.0 years old
37.0,Male,Master's Degree,Marketing Director,14.0,180000.0,Marketing Director Master's Degree 14.0 years experience Male 37.0 years old
39.0,Female,Bachelor's Degree,Financial Manager,16.0,200000.0,Financial Manager Bachelor's Degree 16.0 years experience Female 39.0 years old
26.0,Male,Bachelor's Degree,Product Designer,2.0,50000.0,Product Designer Bachelor's Degree 2.0 years experience Male 26.0 years old
31.0,Female,PhD,Data Scientist,8.0,140000.0,Data Scientist PhD 8.0 years experience Female 31.0 years old
29.0,Male,Bachelor's Degree,Marketing Analyst,4.0,70000.0,Marketing Analyst Bachelor's Degree 4.0 years experience Male 29.0 years old
33.0,Female,Master's Degree,Marketing Manager,9.0,130000.0,Marketing Manager Master's Degree 9.0 years experience Female 33.0 years old
27.0,Male,Bachelor's Degree,Software Engineer,3.0,80000.0,Software Engineer Bachelor's Degree 3.0 years experience Male 27.0 years old
36.0,Female,PhD,Research Scientist,12.0,160000.0,Research Scientist PhD 12.0 years experience Female 36.0 years old
25.0,Male,Bachelor's Degree,Product Manager,1.0,55000.0,Product Manager Bachelor's Degree 1.0 years experience Male 25.0 years old
30.0,Female,Bachelor's Degree,Marketing Coordinator,5.0,85000.0,Marketing Coordinator Bachelor's Degree 5.0 years experience Female 30.0 years old
34.0,Male,PhD,Research Director,11.0,170000.0,Research Director PhD 11.0 years experience Male 34.0 years old
28.0,Female,Bachelor's Degree,Marketing Analyst,3.0,60000.0,Marketing Analyst Bachelor's Degree 3.0 years experience Female 28.0 years old
32.0,Male,Bachelor's Degree,Product Manager,7.0,120000.0,Product Manager Bachelor's Degree 7.0 years experience Male 32.0 years old
24.0,Female,High School,Receptionist,0.0,25000.0,Receptionist High School 0.0 years experience Female 24.0 years old
37.0,Male,Master's Degree,Marketing Director,14.0,180000.0,Marketing Director Master's Degree 14.0 years experience Male 37.0 years old
39.0,Female,Bachelor's Degree,Financial Manager,16.0,200000.0,Financial Manager Bachelor's Degree 16.0 years experience Female 39.0 years old
26.0,Male,Bachelor's Degree,Product Designer,2.0,50000.0,Product Designer Bachelor's Degree 2.0 years experience Male 26.0 years old
31.0,Female,PhD,Data Scientist,8.0,140000.0,Data Scientist PhD 8.0 years experience Female 31.0 years old
29.0,Male,Bachelor's Degree,Marketing Analyst,4.0,70000.0,Marketing Analyst Bachelor's Degree 4.0 years experience Male 29.0 years old
33.0,Female,Master's Degree,Marketing Manager,9.0,130000.0,Marketing Manager Master's Degree 9.0 years experience Female 33.0 years old
27.0,Male,Bachelor's Degree,Software Engineer,3.0,80000.0,Software Engineer Bachelor's Degree 3.0 years experience Male 27.0 years old
36.0,Female,PhD,Research Scientist,12.0,160000.0,Research Scientist PhD 12.0 years experience Female 36.0 years old
25.0,Male,Bachelor's Degree,Product Manager,1.0,55000.0,Product Manager Bachelor's Degree 1.0 years experience Male 25.0 years old
30.0,Female,Bachelor's Degree,Marketing Coordinator,5.0,85000.0,Marketing Coordinator Bachelor's Degree 5.0 years experience Female 30.0 years old
34.0,Male,PhD,Research Director,11.0,170000.0,Research Director PhD 11.0 years experience Male 34.0 years old
28.0,Female,Bachelor's Degree,Marketing Analyst,3.0,60000.0,Marketing Analyst Bachelor's Degree 3.0 years experience Female 28.0 years old
32.0,Male,Bachelor's Degree,Product Manager,7.0,120000.0,Product Manager Bachelor's Degree 7.0 years experience Male 32.0 years old
24.0,Female,High School,Receptionist,0.0,25000.0,Receptionist High School 0.0 years experience Female 24.0 years old
37.0,Male,Master's Degree,Marketing Director,14.0,180000.0,Marketing Director Master's Degree 14.0 years experience Male 37.0 years old
39.0,Female,Bachelor's Degree,Financial Manager,16.0,200000.0,Financial Manager Bachelor's Degree 16.0 years experience Female 39.0 years old
26.0,Male,Bachelor's Degree,Product Designer,2.0,50000.0,Product Designer Bachelor's Degree 2.0 years experience Male 26.0 years old
31.0,Female,PhD,Data Scientist,8.0,140000.0,Data Scientist PhD 8.0 years experience Female 31.0 years old
29.0,Male,Bachelor's Degree,Marketing Analyst,4.0,70000.0,Marketing Analyst Bachelor's Degree 4.0 years experience Male 29.0 years old
33.0,Female,Master's Degree,Marketing Manager,9.0,130000.0,Marketing Manager Master's Degree 9.0 years experience Female 33.0 years old
27.0,Male,Bachelor's Degree,Software Engineer,3.0,80000.0,Software Engineer Bachelor's Degree 3.0 years experience Male 27.0 years old
36.0,Female,PhD,Research Scientist,12.0,160000.0,Research Scientist PhD 12.0 years experience Female 36.0 years old
25.0,Male,Bachelor's Degree,Product Manager,1.0,55000.0,Product Manager Bachelor's Degree 1.0 years experience Male 25.0 years old
30.0,Female,Bachelor's Degree,Marketing Coordinator,5.0,85000.0,Marketing Coordinator Bachelor's Degree 5.0 years experience Female 30.0 years old
34.0,Male,PhD,Research Director,11.0,170000.0,Research Director PhD 11.0 years experience Male 34.0 years old
28.0,Female,Bachelor's Degree,Marketing Analyst,3.0,60000.0,Marketing Analyst Bachelor's Degree 3.0 years experience Female 28.0 years old
32.0,Male,Bachelor's Degree,Product Manager,7.0,120000.0,Product Manager Bachelor's Degree 7.0 years experience Male 32.0 years old
24.0,Female,High School,Receptionist,0.0,25000.0,Receptionist High School 0.0 years experience Female 24.0 years old
37.0,Male,Master's Degree,Marketing Director,14.0,180000.0,Marketing Director Master's Degree 14.0 years experience Male 37.0 years old
28.0,Female,Bachelor's Degree,Marketing Coordinator,3.0,60000.0,Marketing Coordinator Bachelor's Degree 3.0 years experience Female 28.0 years old
33.0,Male,Master's Degree,Software Engineer,9.0,120000.0,Software Engineer Master's Degree 9.0 years experience Male 33.0 years old
26.0,Female,Bachelor's Degree,Graphic Designer,1.0,45000.0,Graphic Designer Bachelor's Degree 1.0 years experience Female 26.0 years old
29.0,Male,Bachelor's Degree,Product Manager,5.0,80000.0,Product Manager Bachelor's Degree 5.0 years experience Male 29.0 years old
35.0,Female,PhD,Research Scientist,11.0,150000.0,Research Scientist PhD 11.0 years experience Female 35.0 years old
27.0,Male,Bachelor's Degree,Software Engineer,2.0,65000.0,Software Engineer Bachelor's Degree 2.0 years experience Male 27.0 years old
31.0,Female,Bachelor's Degree,Marketing Manager,7.0,100000.0,Marketing Manager Bachelor's Degree 7.0 years experience Female 31.0 years old
28.0,Male,Master's Degree,Financial Analyst,4.0,90000.0,Financial Analyst Master's Degree 4.0 years experience Male 28.0 years old
24.0,Female,Bachelor's Degree,Marketing Analyst,0.0,40000.0,Marketing Analyst Bachelor's Degree 0.0 years experience Female 24.0 years old
30.0,Male,Bachelor's Degree,Project Manager,6.0,110000.0,Project Manager Bachelor's Degree 6.0 years experience Male 30.0 years old
34.0,Female,PhD,Research Director,12.0,170000.0,Research Director PhD 12.0 years experience Female 34.0 years old
27.0,Male,Bachelor's Degree,Software Engineer,3.0,75000.0,Software Engineer Bachelor's Degree 3.0 years experience Male 27.0 years old
33.0,Female,Master's Degree,Marketing Manager,8.0,120000.0,Marketing Manager Master's Degree 8.0 years experience Female 33.0 years old
29.0,Male,Bachelor's Degree,Marketing Analyst,4.0,70000.0,Marketing Analyst Bachelor's Degree 4.0 years experience Male 29.0 years old
25.0,Female,High School,Customer Service Representative,1.0,30000.0,Customer Service Representative High School 1.0 years experience Female 25.0 years old
36.0,Male,PhD,Research Scientist,13.0,180000.0,Research Scientist PhD 13.0 years experience Male 36.0 years old
39.0,Female,Bachelor's Degree,Financial Manager,15.0,200000.0,Financial Manager Bachelor's Degree 15.0 years experience Female 39.0 years old
26.0,Male,Bachelor's Degree,Product Designer,1.0,50000.0,Product Designer Bachelor's Degree 1.0 years experience Male 26.0 years old
31.0,Female,PhD,Data Scientist,8.0,140000.0,Data Scientist PhD 8.0 years experience Female 31.0 years old
28.0,Male,Bachelor's Degree,Marketing Analyst,3.0,65000.0,Marketing Analyst Bachelor's Degree 3.0 years experience Male 28.0 years old
32.0,Female,Bachelor's Degree,Product Manager,7.0,110000.0,Product Manager Bachelor's Degree 7.0 years experience Female 32.0 years old
24.0,Male,High School,Delivery Driver,0.0,28000.0,Delivery Driver High School 0.0 years experience Male 24.0 years old
37.0,Male,Master's Degree,Marketing Director,14.0,190000.0,Marketing Director Master's Degree 14.0 years experience Male 37.0 years old
39.0,Female,Bachelor's Degree,Financial Manager,16.0,210000.0,Financial Manager Bachelor's Degree 16.0 years experience Female 39.0 years old
26.0,Male,Bachelor's Degree,Product Designer,2.0,55000.0,Product Designer Bachelor's Degree 2.0 years experience Male 26.0 years old
31.0,Female,PhD,Data Scientist,8.0,140000.0,Data Scientist PhD 8.0 years experience Female 31.0 years old
29.0,Male,Bachelor's Degree,Marketing Analyst,4.0,70000.0,Marketing Analyst Bachelor's Degree 4.0 years experience Male 29.0 years old
33.0,Female,Master's Degree,Marketing Manager,9.0,130000.0,Marketing Manager Master's Degree 9.0 years experience Female 33.0 years old
27.0,Male,Bachelor's Degree,Software Engineer,3.0,80000.0,Software Engineer Bachelor's Degree 3.0 years experience Male 27.0 years old
36.0,Female,PhD,Research Scientist,12.0,170000.0,Research Scientist PhD 12.0 years experience Female 36.0 years old
25.0,Male,Bachelor's Degree,Product Manager,1.0,60000.0,Product Manager Bachelor's Degree 1.0 years experience Male 25.0 years old
30.0,Female,Bachelor's Degree,Marketing Coordinator,5.0,90000.0,Marketing Coordinator Bachelor's Degree 5.0 years experience Female 30.0 years old
34.0,Male,PhD,Research Director,11.0,160000.0,Research Director PhD 11.0 years experience Male 34.0 years old
28.0,Female,Bachelor's Degree,Marketing Analyst,3.0,60000.0,Marketing Analyst Bachelor's Degree 3.0 years experience Female 28.0 years old
32.0,Male,Bachelor's Degree,Product Manager,7.0,120000.0,Product Manager Bachelor's Degree 7.0 years experience Male 32.0 years old
24.0,Female,High School,Receptionist,0.0,25000.0,Receptionist High School 0.0 years experience Female 24.0 years old
37.0,Male,Master's Degree,Marketing Director,14.0,190000.0,Marketing Director Master's Degree 14.0 years experience Male 37.0 years old
39.0,Female,Bachelor's Degree,Financial Manager,16.0,200000.0,Financial Manager Bachelor's Degree 16.0 years experience Female 39.0 years old
26.0,Male,Bachelor's Degree,Product Designer,2.0,55000.0,Product Designer Bachelor's Degree 2.0 years experience Male 26.0 years old
31.0,Female,PhD,Data Scientist,8.0,140000.0,Data Scientist PhD 8.0 years experience Female 31.0 years old
29.0,Male,Bachelor's Degree,Marketing Analyst,4.0,70000.0,Marketing Analyst Bachelor's Degree 4.0 years experience Male 29.0 years old
33.0,Female,Master's Degree,Marketing Manager,9.0,130000.0,Marketing Manager Master's Degree 9.0 years experience Female 33.0 years old
27.0,Male,Bachelor's Degree,Software Engineer,3.0,80000.0,Software Engineer Bachelor's Degree 3.0 years experience Male 27.0 years old
36.0,Female,PhD,Research Scientist,12.0,170000.0,Research Scientist PhD 12.0 years experience Female 36.0 years old
25.0,Male,Bachelor's Degree,Product Manager,1.0,60000.0,Product Manager Bachelor's Degree 1.0 years experience Male 25.0 years old
30.0,Female,Bachelor's Degree,Marketing Coordinator,5.0,90000.0,Marketing Coordinator Bachelor's Degree 5.0 years experience Female 30.0 years old
34.0,Male,PhD,Research Director,11.0,160000.0,Research Director PhD 11.0 years experience Male 34.0 years old
28.0,Female,Bachelor's Degree,Marketing Analyst,3.0,60000.0,Marketing Analyst Bachelor's Degree 3.0 years experience Female 28.0 years old
32.0,Male,Bachelor's Degree,Product Manager,7.0,120000.0,Product Manager Bachelor's Degree 7.0 years experience Male 32.0 years old
24.0,Female,High School,Receptionist,0.0,25000.0,Receptionist High School 0.0 years experience Female 24.0 years old
37.0,Male,Master's Degree,Marketing Director,14.0,190000.0,Marketing Director Master's Degree 14.0 years experience Male 37.0 years old
39.0,Female,Bachelor's Degree,Financial Manager,16.0,200000.0,Financial Manager Bachelor's Degree 16.0 years experience Female 39.0 years old
26.0,Male,Bachelor's Degree,Product Designer,2.0,55000.0,Product Designer Bachelor's Degree 2.0 years experience Male 26.0 years old
31.0,Female,PhD,Data Scientist,8.0,140000.0,Data Scientist PhD 8.0 years experience Female 31.0 years old
29.0,Male,Bachelor's Degree,Marketing Analyst,4.0,70000.0,Marketing Analyst Bachelor's Degree 4.0 years experience Male 29.0 years old
33.0,Female,Master's Degree,Marketing Manager,9.0,130000.0,Marketing Manager Master's Degree 9.0 years experience Female 33.0 years old
27.0,Male,Bachelor's Degree,Software Engineer,3.0,80000.0,Software Engineer Bachelor's Degree 3.0 years experience Male 27.0 years old
36.0,Female,PhD,Research Scientist,12.0,170000.0,Research Scientist PhD 12.0 years experience Female 36.0 years old
25.0,Male,Bachelor's Degree,Product Manager,1.0,60000.0,Product Manager Bachelor's Degree 1.0 years experience Male 25.0 years old
30.0,Female,Bachelor's Degree,Marketing Coordinator,5.0,90000.0,Marketing Coordinator Bachelor's Degree 5.0 years experience Female 30.0 years old
34.0,Male,PhD,Research Director,11.0,160000.0,Research Director PhD 11.0 years experience Male 34.0 years old
28.0,Female,Bachelor's Degree,Marketing Analyst,3.0,60000.0,Marketing Analyst Bachelor's Degree 3.0 years experience Female 28.0 years old
32.0,Male,Bachelor's Degree,Product Manager,7.0,120000.0,Product Manager Bachelor's Degree 7.0 years experience Male 32.0 years old
24.0,Female,High School,Receptionist,0.0,25000.0,Receptionist High School 0.0 years experience Female 24.0 years old
37.0,Male,Master's Degree,Marketing Director,14.0,190000.0,Marketing Director Master's Degree 14.0 years experience Male 37.0 years old
39.0,Female,Bachelor's Degree,Financial Manager,16.0,200000.0,Financial Manager Bachelor's Degree 16.0 years experience Female 39.0 years old
26.0,Male,Bachelor's Degree,Product Designer,2.0,55000.0,Product Designer Bachelor's Degree 2.0 years experience Male 26.0 years old
31.0,Female,PhD,Data Scientist,8.0,140000.0,Data Scientist PhD 8.0 years experience Female 31.0 years old
29.0,Male,Bachelor's Degree,Marketing Analyst,4.0,70000.0,Marketing Analyst Bachelor's Degree 4.0 years experience Male 29.0 years old
33.0,Female,Master's Degree,Marketing Manager,9.0,130000.0,Marketing Manager Master's Degree 9.0 years experience Female 33.0 years old
27.0,Male,Bachelor's Degree,Software Engineer,3.0,80000.0,Software Engineer Bachelor's Degree 3.0 years experience Male 27.0 years old
36.0,Female,PhD,Research Scientist,12.0,170000.0,Research Scientist PhD 12.0 years experience Female 36.0 years old
25.0,Male,Bachelor's Degree,Product Manager,1.0,60000.0,Product Manager Bachelor's Degree 1.0 years experience Male 25.0 years old
30.0,Female,Bachelor's Degree,Marketing Coordinator,5.0,90000.0,Marketing Coordinator Bachelor's Degree 5.0 years experience Female 30.0 years old
34.0,Male,PhD,Research Director,11.0,160000.0,Research Director PhD 11.0 years experience Male 34.0 years old
28.0,Female,Bachelor's Degree,Marketing Analyst,3.0,60000.0,Marketing Analyst Bachelor's Degree 3.0 years experience Female 28.0 years old
32.0,Male,Bachelor's Degree,Product Manager,7.0,120000.0,Product Manager Bachelor's Degree 7.0 years experience Male 32.0 years old
24.0,Female,High School,Receptionist,0.0,25000.0,Receptionist High School 0.0 years experience Female 24.0 years old
37.0,Male,Master's Degree,Marketing Director,14.0,190000.0,Marketing Director Master's Degree 14.0 years experience Male 37.0 years old
39.0,Female,Bachelor's Degree,Financial Manager,16.0,200000.0,Financial Manager Bachelor's Degree 16.0 years experience Female 39.0 years old
26.0,Male,Bachelor's Degree,Product Designer,2.0,55000.0,Product Designer Bachelor's Degree 2.0 years experience Male 26.0 years old
31.0,Female,PhD,Data Scientist,8.0,140000.0,Data Scientist PhD 8.0 years experience Female 31.0 years old
29.0,Male,Bachelor's Degree,Marketing Analyst,4.0,70000.0,Marketing Analyst Bachelor's Degree 4.0 years experience Male 29.0 years old
33.0,Female,Master's Degree,Marketing Manager,9.0,130000.0,Marketing Manager Master's Degree 9.0 years experience Female 33.0 years old
27.0,Male,Bachelor's Degree,Software Engineer,3.0,80000.0,Software Engineer Bachelor's Degree 3.0 years experience Male 27.0 years old
36.0,Female,PhD,Research Scientist,12.0,170000.0,Research Scientist PhD 12.0 years experience Female 36.0 years old
25.0,Male,Bachelor's Degree,Product Manager,1.0,60000.0,Product Manager Bachelor's Degree 1.0 years experience Male 25.0 years old
30.0,Female,Bachelor's Degree,Marketing Coordinator,5.0,90000.0,Marketing Coordinator Bachelor's Degree 5.0 years experience Female 30.0 years old
34.0,Male,PhD,Research Director,11.0,160000.0,Research Director PhD 11.0 years experience Male 34.0 years old
28.0,Female,Bachelor's Degree,Marketing Analyst,3.0,60000.0,Marketing Analyst Bachelor's Degree 3.0 years experience Female 28.0 years old
32.0,Male,Bachelor's Degree,Product Manager,7.0,120000.0,Product Manager Bachelor's Degree 7.0 years experience Male 32.0 years old
24.0,Female,High School,Receptionist,0.0,25000.0,Receptionist High School 0.0 years experience Female 24.0 years old
37.0,Male,Master's Degree,Marketing Director,14.0,190000.0,Marketing Director Master's Degree 14.0 years experience Male 37.0 years old
39.0,Female,Bachelor's Degree,Financial Manager,16.0,200000.0,Financial Manager Bachelor's Degree 16.0 years experience Female 39.0 years old
26.0,Male,Bachelor's Degree,Product Designer,2.0,55000.0,Product Designer Bachelor's Degree 2.0 years experience Male 26.0 years old
31.0,Female,PhD,Data Scientist,8.0,140000.0,Data Scientist PhD 8.0 years experience Female 31.0 years old
29.0,Male,Bachelor's Degree,Marketing Analyst,4.0,70000.0,Marketing Analyst Bachelor's Degree 4.0 years experience Male 29.0 years old
33.0,Female,Master's Degree,Marketing Manager,9.0,130000.0,Marketing Manager Master's Degree 9.0 years experience Female 33.0 years old
27.0,Male,Bachelor's Degree,Software Engineer,3.0,80000.0,Software Engineer Bachelor's Degree 3.0 years experience Male 27.0 years old
36.0,Female,PhD,Research Scientist,12.0,170000.0,Research Scientist PhD 12.0 years experience Female 36.0 years old
25.0,Male,Bachelor's Degree,Product Manager,1.0,60000.0,Product Manager Bachelor's Degree 1.0 years experience Male 25.0 years old
30.0,Female,Bachelor's Degree,Marketing Coordinator,5.0,90000.0,Marketing Coordinator Bachelor's Degree 5.0 years experience Female 30.0 years old
34.0,Male,PhD,Research Director,11.0,160000.0,Research Director PhD 11.0 years experience Male 34.0 years old
28.0,Female,Bachelor's Degree,Marketing Analyst,3.0,60000.0,Marketing Analyst Bachelor's Degree 3.0 years experience Female 28.0 years old
32.0,Male,Bachelor's Degree,Product Manager,7.0,120000.0,Product Manager Bachelor's Degree 7.0 years experience Male 32.0 years old
24.0,Female,High School,Receptionist,0.0,25000.0,Receptionist High School 0.0 years experience Female 24.0 years old
37.0,Male,Master's Degree,Marketing Director,14.0,190000.0,Marketing Director Master's Degree 14.0 years experience Male 37.0 years old
39.0,Female,Bachelor's Degree,Financial Manager,16.0,200000.0,Financial Manager Bachelor's Degree 16.0 years experience Female 39.0 years old
26.0,Male,Bachelor's Degree,Product Designer,2.0,55000.0,Product Designer Bachelor's Degree 2.0 years experience Male 26.0 years old
31.0,Female,PhD,Data Scientist,8.0,140000.0,Data Scientist PhD 8.0 years experience Female 31.0 years old
29.0,Male,Bachelor's Degree,Marketing Analyst,4.0,70000.0,Marketing Analyst Bachelor's Degree 4.0 years experience Male 29.0 years old
33.0,Female,Master's Degree,Marketing Manager,9.0,130000.0,Marketing Manager Master's Degree 9.0 years experience Female 33.0 years old
27.0,Male,Bachelor's Degree,Software Engineer,3.0,80000.0,Software Engineer Bachelor's Degree 3.0 years experience Male 27.0 years old
36.0,Female,PhD,Research Scientist,12.0,170000.0,Research Scientist PhD 12.0 years experience Female 36.0 years old
25.0,Male,Bachelor's Degree,Product Manager,1.0,60000.0,Product Manager Bachelor's Degree 1.0 years experience Male 25.0 years old
30.0,Female,Bachelor's Degree,Marketing Coordinator,5.0,90000.0,Marketing Coordinator Bachelor's Degree 5.0 years experience Female 30.0 years old
34.0,Male,PhD,Research Director,11.0,160000.0,Research Director PhD 11.0 years experience Male 34.0 years old
28.0,Female,Bachelor's Degree,Marketing Analyst,3.0,60000.0,Marketing Analyst Bachelor's Degree 3.0 years experience Female 28.0 years old
32.0,Male,Bachelor's Degree,Product Manager,7.0,120000.0,Product Manager Bachelor's Degree 7.0 years experience Male 32.0 years old
24.0,Female,High School,Receptionist,0.0,25000.0,Receptionist High School 0.0 years experience Female 24.0 years old
37.0,Male,Master's Degree,Marketing Director,14.0,190000.0,Marketing Director Master's Degree 14.0 years experience Male 37.0 years old
39.0,Female,Bachelor's Degree,Financial Manager,16.0,200000.0,Financial Manager Bachelor's Degree 16.0 years experience Female 39.0 years old
26.0,Male,Bachelor's Degree,Product Designer,2.0,55000.0,Product Designer Bachelor's Degree 2.0 years experience Male 26.0 years old
31.0,Female,PhD,Data Scientist,8.0,140000.0,Data Scientist PhD 8.0 years experience Female 31.0 years old
29.0,Male,Bachelor's Degree,Marketing Analyst,4.0,70000.0,Marketing Analyst Bachelor's Degree 4.0 years experience Male 29.0 years old
33.0,Female,Master's Degree,Marketing Manager,9.0,130000.0,Marketing Manager Master's Degree 9.0 years experience Female 33.0 years old
27.0,Male,Bachelor's Degree,Software Engineer,3.0,80000.0,Software Engineer Bachelor's Degree 3.0 years experience Male 27.0 years old
29.0,Male,Bachelor's Degree,Software Engineer,3.0,75000.0,Software Engineer Bachelor's Degree 3.0 years experience Male 29.0 years old
32.0,Female,Master's Degree,Marketing Manager,8.0,120000.0,Marketing Manager Master's Degree 8.0 years experience Female 32.0 years old
27.0,Male,Bachelor's Degree,Product Manager,2.0,65000.0,Product Manager Bachelor's Degree 2.0 years experience Male 27.0 years old
30.0,Female,PhD,Data Scientist,6.0,100000.0,Data Scientist PhD 6.0 years experience Female 30.0 years old
36.0,Male,Bachelor's Degree,Financial Analyst,11.0,150000.0,Financial Analyst Bachelor's Degree 11.0 years experience Male 36.0 years old
28.0,Female,Bachelor's Degree,Marketing Coordinator,3.0,60000.0,Marketing Coordinator Bachelor's Degree 3.0 years experience Female 28.0 years old
33.0,Male,Master's Degree,Software Engineer,9.0,120000.0,Software Engineer Master's Degree 9.0 years experience Male 33.0 years old
26.0,Female,Bachelor's Degree,Graphic Designer,1.0,45000.0,Graphic Designer Bachelor's Degree 1.0 years experience Female 26.0 years old
29.0,Male,Bachelor's Degree,Product Manager,5.0,80000.0,Product Manager Bachelor's Degree 5.0 years experience Male 29.0 years old
35.0,Female,PhD,Research Scientist,11.0,150000.0,Research Scientist PhD 11.0 years experience Female 35.0 years old
27.0,Male,Bachelor's Degree,Software Engineer,2.0,65000.0,Software Engineer Bachelor's Degree 2.0 years experience Male 27.0 years old
31.0,Female,Bachelor's Degree,Marketing Manager,7.0,100000.0,Marketing Manager Bachelor's Degree 7.0 years experience Female 31.0 years old
28.0,Male,Master's Degree,Financial Analyst,4.0,90000.0,Financial Analyst Master's Degree 4.0 years experience Male 28.0 years old
24.0,Female,Bachelor's Degree,Marketing Analyst,0.0,40000.0,Marketing Analyst Bachelor's Degree 0.0 years experience Female 24.0 years old
30.0,Male,Bachelor's Degree,Project Manager,6.0,110000.0,Project Manager Bachelor's Degree 6.0 years experience Male 30.0 years old
34.0,Female,PhD,Research Director,12.0,170000.0,Research Director PhD 12.0 years experience Female 34.0 years old
27.0,Male,Bachelor's Degree,Software Engineer,3.0,75000.0,Software Engineer Bachelor's Degree 3.0 years experience Male 27.0 years old
33.0,Female,Master's Degree,Marketing Manager,8.0,120000.0,Marketing Manager Master's Degree 8.0 years experience Female 33.0 years old
29.0,Male,Bachelor's Degree,Marketing Analyst,4.0,70000.0,Marketing Analyst Bachelor's Degree 4.0 years experience Male 29.0 years old
25.0,Female,High School,Customer Service Representative,1.0,30000.0,Customer Service Representative High School 1.0 years experience Female 25.0 years old
36.0,Male,PhD,Research Scientist,13.0,180000.0,Research Scientist PhD 13.0 years experience Male 36.0 years old
39.0,Female,Bachelor's Degree,Financial Manager,15.0,200000.0,Financial Manager Bachelor's Degree 15.0 years experience Female 39.0 years old
26.0,Male,Bachelor's Degree,Product Designer,1.0,50000.0,Product Designer Bachelor's Degree 1.0 years experience Male 26.0 years old
31.0,Female,PhD,Data Scientist,8.0,140000.0,Data Scientist PhD 8.0 years experience Female 31.0 years old
28.0,Male,Bachelor's Degree,Marketing Analyst,3.0,65000.0,Marketing Analyst Bachelor's Degree 3.0 years experience Male 28.0 years old
32.0,Female,Bachelor's Degree,Product Manager,7.0,110000.0,Product Manager Bachelor's Degree 7.0 years experience Female 32.0 years old
24.0,Male,High School,Delivery Driver,0.0,28000.0,Delivery Driver High School 0.0 years experience Male 24.0 years old
37.0,Male,Master's Degree,Marketing Director,14.0,190000.0,Marketing Director Master's Degree 14.0 years experience Male 37.0 years old
39.0,Female,Bachelor's Degree,Financial Manager,16.0,210000.0,Financial Manager Bachelor's Degree 16.0 years experience Female 39.0 years old
26.0,Male,Bachelor's Degree,Product Designer,2.0,55000.0,Product Designer Bachelor's Degree 2.0 years experience Male 26.0 years old
31.0,Female,PhD,Data Scientist,8.0,140000.0,Data Scientist PhD 8.0 years experience Female 31.0 years old
29.0,Male,Bachelor's Degree,Marketing Analyst,4.0,70000.0,Marketing Analyst Bachelor's Degree 4.0 years experience Male 29.0 years old
33.0,Female,Master's Degree,Marketing Manager,9.0,130000.0,Marketing Manager Master's Degree 9.0 years experience Female 33.0 years old
27.0,Male,Bachelor's Degree,Software Engineer,3.0,80000.0,Software Engineer Bachelor's Degree 3.0 years experience Male 27.0 years old
36.0,Female,PhD,Research Scientist,12.0,170000.0,Research Scientist PhD 12.0 years experience Female 36.0 years old
25.0,Male,Bachelor's Degree,Product Manager,1.0,60000.0,Product Manager Bachelor's Degree 1.0 years experience Male 25.0 years old
30.0,Female,Bachelor's Degree,Marketing Coordinator,5.0,90000.0,Marketing Coordinator Bachelor's Degree 5.0 years experience Female 30.0 years old
34.0,Male,PhD,Research Director,11.0,160000.0,Research Director PhD 11.0 years experience Male 34.0 years old
28.0,Female,Bachelor's Degree,Marketing Analyst,3.0,60000.0,Marketing Analyst Bachelor's Degree 3.0 years experience Female 28.0 years old
32.0,Male,Bachelor's Degree,Product Manager,7.0,120000.0,Product Manager Bachelor's Degree 7.0 years experience Male 32.0 years old
24.0,Female,High School,Receptionist,0.0,25000.0,Receptionist High School 0.0 years experience Female 24.0 years old
37.0,Male,Master's Degree,Marketing Director,14.0,190000.0,Marketing Director Master's Degree 14.0 years experience Male 37.0 years old
39.0,Female,Bachelor's Degree,Financial Manager,16.0,200000.0,Financial Manager Bachelor's Degree 16.0 years experience Female 39.0 years old
26.0,Male,Bachelor's Degree,Product Designer,2.0,55000.0,Product Designer Bachelor's Degree 2.0 years experience Male 26.0 years old
31.0,Female,PhD,Data Scientist,8.0,140000.0,Data Scientist PhD 8.0 years experience Female 31.0 years old
29.0,Male,Bachelor's Degree,Marketing Analyst,4.0,70000.0,Marketing Analyst Bachelor's Degree 4.0 years experience Male 29.0 years old
33.0,Female,Master's Degree,Marketing Manager,9.0,130000.0,Marketing Manager Master's Degree 9.0 years experience Female 33.0 years old
27.0,Male,Bachelor's Degree,Software Engineer,3.0,80000.0,Software Engineer Bachelor's Degree 3.0 years experience Male 27.0 years old
36.0,Female,PhD,Research Scientist,12.0,170000.0,Research Scientist PhD 12.0 years experience Female 36.0 years old
25.0,Male,Bachelor's Degree,Product Manager,1.0,60000.0,Product Manager Bachelor's Degree 1.0 years experience Male 25.0 years old
30.0,Female,Bachelor's Degree,Marketing Coordinator,5.0,90000.0,Marketing Coordinator Bachelor's Degree 5.0 years experience Female 30.0 years old
34.0,Male,PhD,Research Director,11.0,160000.0,Research Director PhD 11.0 years experience Male 34.0 years old
28.0,Female,Bachelor's Degree,Marketing Analyst,3.0,60000.0,Marketing Analyst Bachelor's Degree 3.0 years experience Female 28.0 years old
32.0,Male,Bachelor's Degree,Product Manager,7.0,120000.0,Product Manager Bachelor's Degree 7.0 years experience Male 32.0 years old
24.0,Female,High School,Receptionist,0.0,25000.0,Receptionist High School 0.0 years experience Female 24.0 years old
37.0,Male,Master's Degree,Marketing Director,14.0,190000.0,Marketing Director Master's Degree 14.0 years experience Male 37.0 years old
39.0,Female,Bachelor's Degree,Financial Manager,16.0,200000.0,Financial Manager Bachelor's Degree 16.0 years experience Female 39.0 years old
26.0,Male,Bachelor's Degree,Product Designer,2.0,55000.0,Product Designer Bachelor's Degree 2.0 years experience Male 26.0 years old
31.0,Female,PhD,Data Scientist,8.0,140000.0,Data Scientist PhD 8.0 years experience Female 31.0 years old
29.0,Male,Bachelor's Degree,Marketing Analyst,4.0,70000.0,Marketing Analyst Bachelor's Degree 4.0 years experience Male 29.0 years old
33.0,Female,Master's Degree,Marketing Manager,9.0,130000.0,Marketing Manager Master's Degree 9.0 years experience Female 33.0 years old
27.0,Male,Bachelor's Degree,Software Engineer,3.0,80000.0,Software Engineer Bachelor's Degree 3.0 years experience Male 27.0 years old
36.0,Female,PhD,Research Scientist,12.0,170000.0,Research Scientist PhD 12.0 years experience Female 36.0 years old
25.0,Male,Bachelor's Degree,Product Manager,1.0,60000.0,Product Manager Bachelor's Degree 1.0 years experience Male 25.0 years old
30.0,Female,Bachelor's Degree,Marketing Coordinator,5.0,90000.0,Marketing Coordinator Bachelor's Degree 5.0 years experience Female 30.0 years old
34.0,Male,PhD,Research Director,11.0,160000.0,Research Director PhD 11.0 years experience Male 34.0 years old
28.0,Female,Bachelor's Degree,Marketing Analyst,3.0,60000.0,Marketing Analyst Bachelor's Degree 3.0 years experience Female 28.0 years old
32.0,Male,Bachelor's Degree,Product Manager,7.0,120000.0,Product Manager Bachelor's Degree 7.0 years experience Male 32.0 years old
24.0,Female,High School,Receptionist,0.0,25000.0,Receptionist High School 0.0 years experience Female 24.0 years old
37.0,Male,Master's Degree,Marketing Director,14.0,190000.0,Marketing Director Master's Degree 14.0 years experience Male 37.0 years old
39.0,Female,Bachelor's Degree,Financial Manager,16.0,200000.0,Financial Manager Bachelor's Degree 16.0 years experience Female 39.0 years old
26.0,Male,Bachelor's Degree,Product Designer,2.0,55000.0,Product Designer Bachelor's Degree 2.0 years experience Male 26.0 years old
31.0,Female,PhD,Data Scientist,8.0,140000.0,Data Scientist PhD 8.0 years experience Female 31.0 years old
29.0,Male,Bachelor's Degree,Marketing Analyst,4.0,70000.0,Marketing Analyst Bachelor's Degree 4.0 years experience Male 29.0 years old
33.0,Female,Master's Degree,Marketing Manager,9.0,130000.0,Marketing Manager Master's Degree 9.0 years experience Female 33.0 years old
27.0,Male,Bachelor's Degree,Software Engineer,3.0,80000.0,Software Engineer Bachelor's Degree 3.0 years experience Male 27.0 years old
36.0,Female,PhD,Research Scientist,12.0,170000.0,Research Scientist PhD 12.0 years experience Female 36.0 years old
25.0,Male,Bachelor's Degree,Product Manager,1.0,60000.0,Product Manager Bachelor's Degree 1.0 years experience Male 25.0 years old
30.0,Female,Bachelor's Degree,Marketing Coordinator,5.0,90000.0,Marketing Coordinator Bachelor's Degree 5.0 years experience Female 30.0 years old
34.0,Male,PhD,Research Director,11.0,160000.0,Research Director PhD 11.0 years experience Male 34.0 years old
28.0,Female,Bachelor's Degree,Marketing Analyst,3.0,60000.0,Marketing Analyst Bachelor's Degree 3.0 years experience Female 28.0 years old
32.0,Male,Bachelor's Degree,Product Manager,7.0,120000.0,Product Manager Bachelor's Degree 7.0 years experience Male 32.0 years old
24.0,Female,High School,Receptionist,0.0,25000.0,Receptionist High School 0.0 years experience Female 24.0 years old
37.0,Male,Master's Degree,Marketing Director,14.0,190000.0,Marketing Director Master's Degree 14.0 years experience Male 37.0 years old
39.0,Female,Bachelor's Degree,Financial Manager,16.0,200000.0,Financial Manager Bachelor's Degree 16.0 years experience Female 39.0 years old
26.0,Male,Bachelor's Degree,Product Designer,2.0,55000.0,Product Designer Bachelor's Degree 2.0 years experience Male 26.0 years old
31.0,Female,PhD,Data Scientist,8.0,140000.0,Data Scientist PhD 8.0 years experience Female 31.0 years old
29.0,Male,Bachelor's Degree,Marketing Analyst,4.0,70000.0,Marketing Analyst Bachelor's Degree 4.0 years experience Male 29.0 years old
33.0,Female,Master's Degree,Marketing Manager,9.0,130000.0,Marketing Manager Master's Degree 9.0 years experience Female 33.0 years old
27.0,Male,Bachelor's Degree,Software Engineer,3.0,80000.0,Software Engineer Bachelor's Degree 3.0 years experience Male 27.0 years old
36.0,Female,PhD,Research Scientist,12.0,170000.0,Research Scientist PhD 12.0 years experience Female 36.0 years old
25.0,Male,Bachelor's Degree,Product Manager,1.0,60000.0,Product Manager Bachelor's Degree 1.0 years experience Male 25.0 years old
30.0,Female,Bachelor's Degree,Marketing Coordinator,5.0,90000.0,Marketing Coordinator Bachelor's Degree 5.0 years experience Female 30.0 years old
34.0,Male,PhD,Research Director,11.0,160000.0,Research Director PhD 11.0 years experience Male 34.0 years old
28.0,Female,Bachelor's Degree,Marketing Analyst,3.0,60000.0,Marketing Analyst Bachelor's Degree 3.0 years experience Female 28.0 years old
32.0,Male,Bachelor's Degree,Product Manager,7.0,120000.0,Product Manager Bachelor's Degree 7.0 years experience Male 32.0 years old
24.0,Female,High School,Receptionist,0.0,25000.0,Receptionist High School 0.0 years experience Female 24.0 years old
37.0,Male,Master's Degree,Marketing Director,14.0,190000.0,Marketing Director Master's Degree 14.0 years experience Male 37.0 years old
39.0,Female,Bachelor's Degree,Financial Manager,16.0,200000.0,Financial Manager Bachelor's Degree 16.0 years experience Female 39.0 years old
26.0,Male,Bachelor's Degree,Product Designer,2.0,55000.0,Product Designer Bachelor's Degree 2.0 years experience Male 26.0 years old
31.0,Female,PhD,Data Scientist,8.0,140000.0,Data Scientist PhD 8.0 years experience Female 31.0 years old
29.0,Male,Bachelor's Degree,Marketing Analyst,4.0,70000.0,Marketing Analyst Bachelor's Degree 4.0 years experience Male 29.0 years old
33.0,Female,Master's Degree,Marketing Manager,9.0,130000.0,Marketing Manager Master's Degree 9.0 years experience Female 33.0 years old
27.0,Male,Bachelor's Degree,Software Engineer,3.0,80000.0,Software Engineer Bachelor's Degree 3.0 years experience Male 27.0 years old
36.0,Female,PhD,Research Scientist,12.0,170000.0,Research Scientist PhD 12.0 years experience Female 36.0 years old
25.0,Male,Bachelor's Degree,Product Manager,1.0,60000.0,Product Manager Bachelor's Degree 1.0 years experience Male 25.0 years old
30.0,Female,Bachelor's Degree,Marketing Coordinator,5.0,90000.0,Marketing Coordinator Bachelor's Degree 5.0 years experience Female 30.0 years old
34.0,Male,PhD,Research Director,11.0,160000.0,Research Director PhD 11.0 years experience Male 34.0 years old
28.0,Female,Bachelor's Degree,Marketing Analyst,3.0,60000.0,Marketing Analyst Bachelor's Degree 3.0 years experience Female 28.0 years old
32.0,Male,Bachelor's Degree,Product Manager,7.0,120000.0,Product Manager Bachelor's Degree 7.0 years experience Male 32.0 years old
24.0,Female,High School,Receptionist,0.0,25000.0,Receptionist High School 0.0 years experience Female 24.0 years old
37.0,Male,Master's Degree,Marketing Director,14.0,190000.0,Marketing Director Master's Degree 14.0 years experience Male 37.0 years old
39.0,Female,Bachelor's Degree,Financial Manager,16.0,200000.0,Financial Manager Bachelor's Degree 16.0 years experience Female 39.0 years old
26.0,Male,Bachelor's Degree,Product Designer,2.0,55000.0,Product Designer Bachelor's Degree 2.0 years experience Male 26.0 years old
31.0,Female,PhD,Data Scientist,8.0,140000.0,Data Scientist PhD 8.0 years experience Female 31.0 years old
29.0,Male,Bachelor's Degree,Marketing Analyst,4.0,70000.0,Marketing Analyst Bachelor's Degree 4.0 years experience Male 29.0 years old
33.0,Female,Master's Degree,Marketing Manager,9.0,130000.0,Marketing Manager Master's Degree 9.0 years experience Female 33.0 years old
27.0,Male,Bachelor's Degree,Software Engineer,3.0,80000.0,Software Engineer Bachelor's Degree 3.0 years experience Male 27.0 years old
36.0,Female,PhD,Research Scientist,12.0,170000.0,Research Scientist PhD 12.0 years experience Female 36.0 years old
25.0,Male,Bachelor's Degree,Product Manager,1.0,60000.0,Product Manager Bachelor's Degree 1.0 years experience Male 25.0 years old
30.0,Female,Bachelor's Degree,Marketing Coordinator,5.0,90000.0,Marketing Coordinator Bachelor's Degree 5.0 years experience Female 30.0 years old
34.0,Male,PhD,Research Director,11.0,160000.0,Research Director PhD 11.0 years experience Male 34.0 years old
28.0,Female,Bachelor's Degree,Marketing Analyst,3.0,60000.0,Marketing Analyst Bachelor's Degree 3.0 years experience Female 28.0 years old
32.0,Male,Bachelor's Degree,Product Manager,7.0,120000.0,Product Manager Bachelor's Degree 7.0 years experience Male 32.0 years old
24.0,Female,High School,Receptionist,0.0,25000.0,Receptionist High School 0.0 years experience Female 24.0 years old
37.0,Male,Master's Degree,Marketing Director,14.0,190000.0,Marketing Director Master's Degree 14.0 years experience Male 37.0 years old
39.0,Female,Bachelor's Degree,Financial Manager,16.0,200000.0,Financial Manager Bachelor's Degree 16.0 years experience Female 39.0 years old
27.0,Male,phD,Marketing Coordinator,7.0,120000.0,Marketing Coordinator phD 7.0 years experience Male 27.0 years old
28.0,Female,Bachelor's Degree,Marketing Coordinator,3.0,60000.0,Marketing Coordinator Bachelor's Degree 3.0 years experience Female 28.0 years old
33.0,Male,Master's Degree,Software Engineer,8.0,120000.0,Software Engineer Master's Degree 8.0 years experience Male 33.0 years old
27.0,Female,Bachelor's Degree,Product Manager,2.0,65000.0,Product Manager Bachelor's Degree 2.0 years experience Female 27.0 years old
30.0,Male,PhD,Data Scientist,6.0,100000.0,Data Scientist PhD 6.0 years experience Male 30.0 years old
36.0,Female,Bachelor's Degree,Financial Analyst,11.0,150000.0,Financial Analyst Bachelor's Degree 11.0 years experience Female 36.0 years old
29.0,Male,Bachelor's Degree,Marketing Analyst,3.0,65000.0,Marketing Analyst Bachelor's Degree 3.0 years experience Male 29.0 years old
32.0,Female,Master's Degree,Software Engineer,9.0,120000.0,Software Engineer Master's Degree 9.0 years experience Female 32.0 years old
26.0,Male,Bachelor's Degree,Graphic Designer,1.0,45000.0,Graphic Designer Bachelor's Degree 1.0 years experience Male 26.0 years old
29.0,Female,Bachelor's Degree,Product Manager,5.0,80000.0,Product Manager Bachelor's Degree 5.0 years experience Female 29.0 years old
35.0,Male,PhD,Research Scientist,11.0,150000.0,Research Scientist PhD 11.0 years experience Male 35.0 years old
27.0,Male,Bachelor's Degree,Software Engineer,2.0,65000.0,Software Engineer Bachelor's Degree 2.0 years experience Male 27.0 years old
31.0,Female,Bachelor's Degree,Marketing Manager,7.0,100000.0,Marketing Manager Bachelor's Degree 7.0 years experience Female 31.0 years old
28.0,Male,Master's Degree,Financial Analyst,4.0,90000.0,Financial Analyst Master's Degree 4.0 years experience Male 28.0 years old
24.0,Female,Bachelor's Degree,Marketing Analyst,0.0,40000.0,Marketing Analyst Bachelor's Degree 0.0 years experience Female 24.0 years old
30.0,Male,Bachelor's Degree,Project Manager,6.0,110000.0,Project Manager Bachelor's Degree 6.0 years experience Male 30.0 years old
34.0,Female,PhD,Research Director,12.0,170000.0,Research Director PhD 12.0 years experience Female 34.0 years old
27.0,Male,Bachelor's Degree,Software Engineer,3.0,75000.0,Software Engineer Bachelor's Degree 3.0 years experience Male 27.0 years old
33.0,Female,Master's Degree,Marketing Manager,8.0,120000.0,Marketing Manager Master's Degree 8.0 years experience Female 33.0 years old
29.0,Male,Bachelor's Degree,Marketing Analyst,4.0,70000.0,Marketing Analyst Bachelor's Degree 4.0 years experience Male 29.0 years old
25.0,Female,High School,Customer Service Representative,1.0,30000.0,Customer Service Representative High School 1.0 years experience Female 25.0 years old
36.0,Male,PhD,Research Scientist,13.0,180000.0,Research Scientist PhD 13.0 years experience Male 36.0 years old
39.0,Female,Bachelor's Degree,Financial Manager,15.0,200000.0,Financial Manager Bachelor's Degree 15.0 years experience Female 39.0 years old
26.0,Male,Bachelor's Degree,Product Designer,1.0,50000.0,Product Designer Bachelor's Degree 1.0 years experience Male 26.0 years old
31.0,Female,PhD,Data Scientist,8.0,140000.0,Data Scientist PhD 8.0 years experience Female 31.0 years old
28.0,Male,Bachelor's Degree,Marketing Analyst,3.0,65000.0,Marketing Analyst Bachelor's Degree 3.0 years experience Male 28.0 years old
32.0,Female,Bachelor's Degree,Product Manager,7.0,110000.0,Product Manager Bachelor's Degree 7.0 years experience Female 32.0 years old
24.0,Male,High School,Delivery Driver,0.0,28000.0,Delivery Driver High School 0.0 years experience Male 24.0 years old
37.0,Male,Master's Degree,Marketing Director,14.0,190000.0,Marketing Director Master's Degree 14.0 years experience Male 37.0 years old
39.0,Female,Bachelor's Degree,Financial Manager,16.0,210000.0,Financial Manager Bachelor's Degree 16.0 years experience Female 39.0 years old
26.0,Male,Bachelor's Degree,Product Designer,2.0,55000.0,Product Designer Bachelor's Degree 2.0 years experience Male 26.0 years old
31.0,Female,PhD,Data Scientist,8.0,140000.0,Data Scientist PhD 8.0 years experience Female 31.0 years old
29.0,Male,Bachelor's Degree,Marketing Analyst,4.0,70000.0,Marketing Analyst Bachelor's Degree 4.0 years experience Male 29.0 years old
33.0,Female,Master's Degree,Marketing Manager,9.0,130000.0,Marketing Manager Master's Degree 9.0 years experience Female 33.0 years old
27.0,Male,Bachelor's Degree,Software Engineer,3.0,80000.0,Software Engineer Bachelor's Degree 3.0 years experience Male 27.0 years old
36.0,Female,PhD,Research Scientist,12.0,170000.0,Research Scientist PhD 12.0 years experience Female 36.0 years old
25.0,Male,Bachelor's Degree,Product Manager,1.0,60000.0,Product Manager Bachelor's Degree 1.0 years experience Male 25.0 years old
30.0,Female,Bachelor's Degree,Marketing Coordinator,5.0,90000.0,Marketing Coordinator Bachelor's Degree 5.0 years experience Female 30.0 years old
34.0,Male,PhD,Research Director,11.0,160000.0,Research Director PhD 11.0 years experience Male 34.0 years old
28.0,Female,Bachelor's Degree,Marketing Analyst,3.0,60000.0,Marketing Analyst Bachelor's Degree 3.0 years experience Female 28.0 years old
32.0,Male,Bachelor's Degree,Product Manager,7.0,120000.0,Product Manager Bachelor's Degree 7.0 years experience Male 32.0 years old
24.0,Female,High School,Receptionist,0.0,25000.0,Receptionist High School 0.0 years experience Female 24.0 years old
37.0,Male,Master's Degree,Marketing Director,14.0,190000.0,Marketing Director Master's Degree 14.0 years experience Male 37.0 years old
39.0,Female,Bachelor's Degree,Financial Manager,16.0,200000.0,Financial Manager Bachelor's Degree 16.0 years experience Female 39.0 years old
26.0,Male,Bachelor's Degree,Product Designer,2.0,55000.0,Product Designer Bachelor's Degree 2.0 years experience Male 26.0 years old
31.0,Female,PhD,Data Scientist,8.0,140000.0,Data Scientist PhD 8.0 years experience Female 31.0 years old
29.0,Male,Bachelor's Degree,Marketing Analyst,4.0,70000.0,Marketing Analyst Bachelor's Degree 4.0 years experience Male 29.0 years old
33.0,Female,Master's Degree,Marketing Manager,9.0,130000.0,Marketing Manager Master's Degree 9.0 years experience Female 33.0 years old
27.0,Male,Bachelor's Degree,Software Engineer,3.0,80000.0,Software Engineer Bachelor's Degree 3.0 years experience Male 27.0 years old
36.0,Female,PhD,Research Scientist,12.0,170000.0,Research Scientist PhD 12.0 years experience Female 36.0 years old
25.0,Male,Bachelor's Degree,Product Manager,1.0,60000.0,Product Manager Bachelor's Degree 1.0 years experience Male 25.0 years old
30.0,Female,Bachelor's Degree,Marketing Coordinator,5.0,90000.0,Marketing Coordinator Bachelor's Degree 5.0 years experience Female 30.0 years old
34.0,Male,PhD,Research Director,11.0,160000.0,Research Director PhD 11.0 years experience Male 34.0 years old
28.0,Female,Bachelor's Degree,Marketing Analyst,3.0,60000.0,Marketing Analyst Bachelor's Degree 3.0 years experience Female 28.0 years old
32.0,Male,Bachelor's Degree,Product Manager,7.0,120000.0,Product Manager Bachelor's Degree 7.0 years experience Male 32.0 years old
24.0,Female,High School,Receptionist,0.0,25000.0,Receptionist High School 0.0 years experience Female 24.0 years old
37.0,Male,Master's Degree,Marketing Director,14.0,190000.0,Marketing Director Master's Degree 14.0 years experience Male 37.0 years old
39.0,Female,Bachelor's Degree,Financial Manager,16.0,200000.0,Financial Manager Bachelor's Degree 16.0 years experience Female 39.0 years old
26.0,Male,Bachelor's Degree,Product Designer,2.0,55000.0,Product Designer Bachelor's Degree 2.0 years experience Male 26.0 years old
31.0,Female,PhD,Data Scientist,8.0,140000.0,Data Scientist PhD 8.0 years experience Female 31.0 years old
29.0,Male,Bachelor's Degree,Marketing Analyst,4.0,70000.0,Marketing Analyst Bachelor's Degree 4.0 years experience Male 29.0 years old
33.0,Female,Master's Degree,Marketing Manager,9.0,130000.0,Marketing Manager Master's Degree 9.0 years experience Female 33.0 years old
27.0,Male,Bachelor's Degree,Software Engineer,3.0,80000.0,Software Engineer Bachelor's Degree 3.0 years experience Male 27.0 years old
36.0,Female,PhD,Research Scientist,12.0,170000.0,Research Scientist PhD 12.0 years experience Female 36.0 years old
25.0,Male,Bachelor's Degree,Product Manager,1.0,60000.0,Product Manager Bachelor's Degree 1.0 years experience Male 25.0 years old
30.0,Female,Bachelor's Degree,Marketing Coordinator,5.0,90000.0,Marketing Coordinator Bachelor's Degree 5.0 years experience Female 30.0 years old
34.0,Male,PhD,Research Director,11.0,160000.0,Research Director PhD 11.0 years experience Male 34.0 years old
28.0,Female,Bachelor's Degree,Marketing Analyst,3.0,60000.0,Marketing Analyst Bachelor's Degree 3.0 years experience Female 28.0 years old
32.0,Male,Bachelor's Degree,Product Manager,7.0,120000.0,Product Manager Bachelor's Degree 7.0 years experience Male 32.0 years old
24.0,Female,High School,Receptionist,0.0,25000.0,Receptionist High School 0.0 years experience Female 24.0 years old
37.0,Male,Master's Degree,Marketing Director,14.0,190000.0,Marketing Director Master's Degree 14.0 years experience Male 37.0 years old
39.0,Female,Bachelor's Degree,Financial Manager,16.0,200000.0,Financial Manager Bachelor's Degree 16.0 years experience Female 39.0 years old
26.0,Male,Bachelor's Degree,Product Designer,2.0,55000.0,Product Designer Bachelor's Degree 2.0 years experience Male 26.0 years old
31.0,Female,PhD,Data Scientist,8.0,140000.0,Data Scientist PhD 8.0 years experience Female 31.0 years old
29.0,Male,Bachelor's Degree,Marketing Analyst,4.0,70000.0,Marketing Analyst Bachelor's Degree 4.0 years experience Male 29.0 years old
33.0,Female,Master's Degree,Marketing Manager,9.0,130000.0,Marketing Manager Master's Degree 9.0 years experience Female 33.0 years old
27.0,Male,Bachelor's Degree,Software Engineer,3.0,80000.0,Software Engineer Bachelor's Degree 3.0 years experience Male 27.0 years old
36.0,Female,PhD,Research Scientist,12.0,170000.0,Research Scientist PhD 12.0 years experience Female 36.0 years old
25.0,Male,Bachelor's Degree,Product Manager,1.0,60000.0,Product Manager Bachelor's Degree 1.0 years experience Male 25.0 years old
30.0,Female,Bachelor's Degree,Marketing Coordinator,5.0,90000.0,Marketing Coordinator Bachelor's Degree 5.0 years experience Female 30.0 years old
34.0,Male,PhD,Research Director,11.0,160000.0,Research Director PhD 11.0 years experience Male 34.0 years old
28.0,Female,Bachelor's Degree,Marketing Analyst,3.0,60000.0,Marketing Analyst Bachelor's Degree 3.0 years experience Female 28.0 years old
32.0,Male,Bachelor's Degree,Product Manager,7.0,120000.0,Product Manager Bachelor's Degree 7.0 years experience Male 32.0 years old
24.0,Female,High School,Receptionist,0.0,25000.0,Receptionist High School 0.0 years experience Female 24.0 years old
37.0,Male,Master's Degree,Marketing Director,14.0,190000.0,Marketing Director Master's Degree 14.0 years experience Male 37.0 years old
39.0,Female,Bachelor's Degree,Financial Manager,16.0,200000.0,Financial Manager Bachelor's Degree 16.0 years experience Female 39.0 years old
26.0,Male,Bachelor's Degree,Product Designer,2.0,55000.0,Product Designer Bachelor's Degree 2.0 years experience Male 26.0 years old
31.0,Female,PhD,Data Scientist,8.0,140000.0,Data Scientist PhD 8.0 years experience Female 31.0 years old
29.0,Male,Bachelor's Degree,Marketing Analyst,4.0,70000.0,Marketing Analyst Bachelor's Degree 4.0 years experience Male 29.0 years old
33.0,Female,Master's Degree,Marketing Manager,9.0,130000.0,Marketing Manager Master's Degree 9.0 years experience Female 33.0 years old
27.0,Male,Bachelor's Degree,Software Engineer,3.0,80000.0,Software Engineer Bachelor's Degree 3.0 years experience Male 27.0 years old
36.0,Female,PhD,Research Scientist,12.0,170000.0,Research Scientist PhD 12.0 years experience Female 36.0 years old
25.0,Male,Bachelor's Degree,Product Manager,1.0,60000.0,Product Manager Bachelor's Degree 1.0 years experience Male 25.0 years old
30.0,Female,Bachelor's Degree,Marketing Coordinator,5.0,90000.0,Marketing Coordinator Bachelor's Degree 5.0 years experience Female 30.0 years old
34.0,Male,PhD,Research Director,11.0,160000.0,Research Director PhD 11.0 years experience Male 34.0 years old
28.0,Female,Bachelor's Degree,Marketing Analyst,3.0,60000.0,Marketing Analyst Bachelor's Degree 3.0 years experience Female 28.0 years old
32.0,Male,Bachelor's Degree,Product Manager,7.0,120000.0,Product Manager Bachelor's Degree 7.0 years experience Male 32.0 years old
24.0,Female,High School,Receptionist,0.0,25000.0,Receptionist High School 0.0 years experience Female 24.0 years old
37.0,Male,Master's Degree,Marketing Director,14.0,190000.0,Marketing Director Master's Degree 14.0 years experience Male 37.0 years old
39.0,Female,Bachelor's Degree,Financial Manager,16.0,200000.0,Financial Manager Bachelor's Degree 16.0 years experience Female 39.0 years old
26.0,Male,Bachelor's Degree,Product Designer,2.0,55000.0,Product Designer Bachelor's Degree 2.0 years experience Male 26.0 years old
31.0,Female,PhD,Data Scientist,8.0,140000.0,Data Scientist PhD 8.0 years experience Female 31.0 years old
29.0,Male,Bachelor's Degree,Marketing Analyst,4.0,70000.0,Marketing Analyst Bachelor's Degree 4.0 years experience Male 29.0 years old
33.0,Female,Master's Degree,Marketing Manager,9.0,130000.0,Marketing Manager Master's Degree 9.0 years experience Female 33.0 years old
27.0,Male,Bachelor's Degree,Software Engineer,3.0,80000.0,Software Engineer Bachelor's Degree 3.0 years experience Male 27.0 years old
36.0,Female,PhD,Research Scientist,12.0,170000.0,Research Scientist PhD 12.0 years experience Female 36.0 years old
25.0,Male,Bachelor's Degree,Product Manager,1.0,60000.0,Product Manager Bachelor's Degree 1.0 years experience Male 25.0 years old
30.0,Female,Bachelor's Degree,Marketing Coordinator,5.0,90000.0,Marketing Coordinator Bachelor's Degree 5.0 years experience Female 30.0 years old
34.0,Male,PhD,Research Director,11.0,160000.0,Research Director PhD 11.0 years experience Male 34.0 years old
28.0,Female,Bachelor's Degree,Marketing Analyst,3.0,60000.0,Marketing Analyst Bachelor's Degree 3.0 years experience Female 28.0 years old
32.0,Male,Bachelor's Degree,Product Manager,7.0,120000.0,Product Manager Bachelor's Degree 7.0 years experience Male 32.0 years old
24.0,Female,High School,Receptionist,0.0,25000.0,Receptionist High School 0.0 years experience Female 24.0 years old
37.0,Male,Master's Degree,Marketing Director,14.0,190000.0,Marketing Director Master's Degree 14.0 years experience Male 37.0 years old
39.0,Female,Bachelor's Degree,Financial Manager,16.0,200000.0,Financial Manager Bachelor's Degree 16.0 years experience Female 39.0 years old
26.0,Male,Bachelor's Degree,Product Designer,2.0,55000.0,Product Designer Bachelor's Degree 2.0 years experience Male 26.0 years old
31.0,Female,PhD,Data Scientist,8.0,140000.0,Data Scientist PhD 8.0 years experience Female 31.0 years old
29.0,Male,Bachelor's Degree,Marketing Analyst,4.0,70000.0,Marketing Analyst Bachelor's Degree 4.0 years experience Male 29.0 years old
33.0,Female,Master's Degree,Marketing Manager,9.0,130000.0,Marketing Manager Master's Degree 9.0 years experience Female 33.0 years old
27.0,Male,Bachelor's Degree,Software Engineer,3.0,80000.0,Software Engineer Bachelor's Degree 3.0 years experience Male 27.0 years old
36.0,Female,PhD,Research Scientist,12.0,170000.0,Research Scientist PhD 12.0 years experience Female 36.0 years old
25.0,Male,Bachelor's Degree,Product Manager,1.0,60000.0,Product Manager Bachelor's Degree 1.0 years experience Male 25.0 years old
30.0,Female,Bachelor's Degree,Marketing Coordinator,5.0,90000.0,Marketing Coordinator Bachelor's Degree 5.0 years experience Female 30.0 years old
34.0,Male,PhD,Research Director,11.0,160000.0,Research Director PhD 11.0 years experience Male 34.0 years old
28.0,Female,Bachelor's Degree,Marketing Analyst,3.0,60000.0,Marketing Analyst Bachelor's Degree 3.0 years experience Female 28.0 years old
32.0,Male,Bachelor's Degree,Product Manager,7.0,120000.0,Product Manager Bachelor's Degree 7.0 years experience Male 32.0 years old
24.0,Female,High School,Receptionist,0.0,25000.0,Receptionist High School 0.0 years experience Female 24.0 years old
37.0,Male,Master's Degree,Marketing Director,14.0,190000.0,Marketing Director Master's Degree 14.0 years experience Male 37.0 years old
39.0,Female,Bachelor's Degree,Financial Manager,16.0,200000.0,Financial Manager Bachelor's Degree 16.0 years experience Female 39.0 years old
29.0,Female,Bachelor's Degree,Marketing Coordinator,4.0,65000.0,Marketing Coordinator Bachelor's Degree 4.0 years experience Female 29.0 years old
34.0,Male,Master's Degree,Software Engineer,9.0,125000.0,Software Engineer Master's Degree 9.0 years experience Male 34.0 years old
28.0,Female,Bachelor's Degree,Product Manager,3.0,70000.0,Product Manager Bachelor's Degree 3.0 years experience Female 28.0 years old
31.0,Male,PhD,Data Scientist,7.0,110000.0,Data Scientist PhD 7.0 years experience Male 31.0 years old
37.0,Female,Bachelor's Degree,Financial Analyst,12.0,160000.0,Financial Analyst Bachelor's Degree 12.0 years experience Female 37.0 years old
30.0,Male,Bachelor's Degree,Marketing Analyst,4.0,75000.0,Marketing Analyst Bachelor's Degree 4.0 years experience Male 30.0 years old
33.0,Female,Master's Degree,Software Engineer,8.0,120000.0,Software Engineer Master's Degree 8.0 years experience Female 33.0 years old
27.0,Male,Bachelor's Degree,Graphic Designer,2.0,50000.0,Graphic Designer Bachelor's Degree 2.0 years experience Male 27.0 years old
30.0,Female,Bachelor's Degree,Product Manager,5.0,85000.0,Product Manager Bachelor's Degree 5.0 years experience Female 30.0 years old
36.0,Male,PhD,Research Scientist,11.0,155000.0,Research Scientist PhD 11.0 years experience Male 36.0 years old
28.0,Male,Bachelor's Degree,Software Engineer,3.0,70000.0,Software Engineer Bachelor's Degree 3.0 years experience Male 28.0 years old
32.0,Female,Bachelor's Degree,Marketing Manager,8.0,115000.0,Marketing Manager Bachelor's Degree 8.0 years experience Female 32.0 years old
29.0,Male,Master's Degree,Financial Analyst,5.0,95000.0,Financial Analyst Master's Degree 5.0 years experience Male 29.0 years old
25.0,Female,Bachelor's Degree,Marketing Analyst,0.0,40000.0,Marketing Analyst Bachelor's Degree 0.0 years experience Female 25.0 years old
31.0,Male,Bachelor's Degree,Project Manager,6.0,115000.0,Project Manager Bachelor's Degree 6.0 years experience Male 31.0 years old
35.0,Female,PhD,Research Director,12.0,175000.0,Research Director PhD 12.0 years experience Female 35.0 years old
28.0,Male,Bachelor's Degree,Software Engineer,3.0,70000.0,Software Engineer Bachelor's Degree 3.0 years experience Male 28.0 years old
33.0,Female,Master's Degree,Marketing Manager,9.0,135000.0,Marketing Manager Master's Degree 9.0 years experience Female 33.0 years old
29.0,Male,Bachelor's Degree,Marketing Analyst,4.0,75000.0,Marketing Analyst Bachelor's Degree 4.0 years experience Male 29.0 years old
25.0,Female,High School,Customer Service Representative,1.0,30000.0,Customer Service Representative High School 1.0 years experience Female 25.0 years old
36.0,Male,PhD,Research Scientist,13.0,185000.0,Research Scientist PhD 13.0 years experience Male 36.0 years old
40.0,Female,Bachelor's Degree,Financial Manager,15.0,210000.0,Financial Manager Bachelor's Degree 15.0 years experience Female 40.0 years old
27.0,Male,Bachelor's Degree,Product Designer,1.0,45000.0,Product Designer Bachelor's Degree 1.0 years experience Male 27.0 years old
32.0,Female,PhD,Data Scientist,9.0,145000.0,Data Scientist PhD 9.0 years experience Female 32.0 years old
28.0,Male,Bachelor's Degree,Marketing Analyst,3.0,70000.0,Marketing Analyst Bachelor's Degree 3.0 years experience Male 28.0 years old
32.0,Female,Bachelor's Degree,Product Manager,7.0,120000.0,Product Manager Bachelor's Degree 7.0 years experience Female 32.0 years old
24.0,Male,High School,Delivery Driver,0.0,28000.0,Delivery Driver High School 0.0 years experience Male 24.0 years old
38.0,Male,Master's Degree,Marketing Director,14.0,195000.0,Marketing Director Master's Degree 14.0 years experience Male 38.0 years old
40.0,Female,Bachelor's Degree,Financial Manager,16.0,215000.0,Financial Manager Bachelor's Degree 16.0 years experience Female 40.0 years old
27.0,Male,Bachelor's Degree,Product Designer,2.0,55000.0,Product Designer Bachelor's Degree 2.0 years experience Male 27.0 years old
32.0,Female,PhD,Data Scientist,9.0,145000.0,Data Scientist PhD 9.0 years experience Female 32.0 years old
29.0,Male,Bachelor's Degree,Marketing Analyst,4.0,75000.0,Marketing Analyst Bachelor's Degree 4.0 years experience Male 29.0 years old
33.0,Female,Master's Degree,Marketing Manager,9.0,135000.0,Marketing Manager Master's Degree 9.0 years experience Female 33.0 years old
27.0,Male,Bachelor's Degree,Software Engineer,3.0,80000.0,Software Engineer Bachelor's Degree 3.0 years experience Male 27.0 years old
36.0,Female,PhD,Research Scientist,13.0,185000.0,Research Scientist PhD 13.0 years experience Female 36.0 years old
25.0,Male,Bachelor's Degree,Product Manager,1.0,60000.0,Product Manager Bachelor's Degree 1.0 years experience Male 25.0 years old
30.0,Female,Bachelor's Degree,Marketing Coordinator,5.0,95000.0,Marketing Coordinator Bachelor's Degree 5.0 years experience Female 30.0 years old
34.0,Male,PhD,Research Director,12.0,170000.0,Research Director PhD 12.0 years experience Male 34.0 years old
28.0,Female,Bachelor's Degree,Marketing Analyst,3.0,65000.0,Marketing Analyst Bachelor's Degree 3.0 years experience Female 28.0 years old
32.0,Male,Bachelor's Degree,Product Manager,7.0,120000.0,Product Manager Bachelor's Degree 7.0 years experience Male 32.0 years old
24.0,Female,High School,Receptionist,0.0,25000.0,Receptionist High School 0.0 years experience Female 24.0 years old
38.0,Male,Master's Degree,Marketing Director,14.0,195000.0,Marketing Director Master's Degree 14.0 years experience Male 38.0 years old
40.0,Female,Bachelor's Degree,Financial Manager,16.0,215000.0,Financial Manager Bachelor's Degree 16.0 years experience Female 40.0 years old
27.0,Male,Bachelor's Degree,Product Designer,2.0,55000.0,Product Designer Bachelor's Degree 2.0 years experience Male 27.0 years old
32.0,Female,PhD,Data Scientist,9.0,145000.0,Data Scientist PhD 9.0 years experience Female 32.0 years old
29.0,Male,Bachelor's Degree,Marketing Analyst,4.0,75000.0,Marketing Analyst Bachelor's Degree 4.0 years experience Male 29.0 years old
33.0,Female,Master's Degree,Marketing Manager,9.0,135000.0,Marketing Manager Master's Degree 9.0 years experience Female 33.0 years old
27.0,Male,Bachelor's Degree,Software Engineer,3.0,80000.0,Software Engineer Bachelor's Degree 3.0 years experience Male 27.0 years old
36.0,Female,PhD,Research Scientist,13.0,185000.0,Research Scientist PhD 13.0 years experience Female 36.0 years old
25.0,Male,Bachelor's Degree,Product Manager,1.0,60000.0,Product Manager Bachelor's Degree 1.0 years experience Male 25.0 years old
30.0,Female,Bachelor's Degree,Marketing Coordinator,5.0,95000.0,Marketing Coordinator Bachelor's Degree 5.0 years experience Female 30.0 years old
34.0,Male,PhD,Research Director,12.0,170000.0,Research Director PhD 12.0 years experience Male 34.0 years old
28.0,Female,Bachelor's Degree,Marketing Analyst,3.0,65000.0,Marketing Analyst Bachelor's Degree 3.0 years experience Female 28.0 years old
32.0,Male,Bachelor's Degree,Product Manager,7.0,120000.0,Product Manager Bachelor's Degree 7.0 years experience Male 32.0 years old
24.0,Female,High School,Receptionist,0.0,25000.0,Receptionist High School 0.0 years experience Female 24.0 years old
38.0,Male,Master's Degree,Marketing Director,14.0,195000.0,Marketing Director Master's Degree 14.0 years experience Male 38.0 years old
40.0,Female,Bachelor's Degree,Financial Manager,16.0,215000.0,Financial Manager Bachelor's Degree 16.0 years experience Female 40.0 years old
27.0,Male,Bachelor's Degree,Product Designer,2.0,55000.0,Product Designer Bachelor's Degree 2.0 years experience Male 27.0 years old
32.0,Female,PhD,Data Scientist,9.0,145000.0,Data Scientist PhD 9.0 years experience Female 32.0 years old
29.0,Male,Bachelor's Degree,Marketing Analyst,4.0,75000.0,Marketing Analyst Bachelor's Degree 4.0 years experience Male 29.0 years old
33.0,Female,Master's Degree,Marketing Manager,9.0,135000.0,Marketing Manager Master's Degree 9.0 years experience Female 33.0 years old
27.0,Male,Bachelor's Degree,Software Engineer,3.0,80000.0,Software Engineer Bachelor's Degree 3.0 years experience Male 27.0 years old
36.0,Female,PhD,Research Scientist,13.0,185000.0,Research Scientist PhD 13.0 years experience Female 36.0 years old
25.0,Male,Bachelor's Degree,Product Manager,1.0,60000.0,Product Manager Bachelor's Degree 1.0 years experience Male 25.0 years old
30.0,Female,Bachelor's Degree,Marketing Coordinator,5.0,95000.0,Marketing Coordinator Bachelor's Degree 5.0 years experience Female 30.0 years old
34.0,Male,PhD,Research Director,12.0,170000.0,Research Director PhD 12.0 years experience Male 34.0 years old
28.0,Female,Bachelor's Degree,Marketing Analyst,3.0,65000.0,Marketing Analyst Bachelor's Degree 3.0 years experience Female 28.0 years old
32.0,Male,Bachelor's Degree,Product Manager,7.0,120000.0,Product Manager Bachelor's Degree 7.0 years experience Male 32.0 years old
24.0,Female,High School,Receptionist,0.0,25000.0,Receptionist High School 0.0 years experience Female 24.0 years old
38.0,Male,Master's Degree,Marketing Director,14.0,195000.0,Marketing Director Master's Degree 14.0 years experience Male 38.0 years old
40.0,Female,Bachelor's Degree,Financial Manager,16.0,215000.0,Financial Manager Bachelor's Degree 16.0 years experience Female 40.0 years old
27.0,Male,Bachelor's Degree,Product Designer,2.0,55000.0,Product Designer Bachelor's Degree 2.0 years experience Male 27.0 years old
32.0,Female,PhD,Data Scientist,9.0,145000.0,Data Scientist PhD 9.0 years experience Female 32.0 years old
29.0,Male,Bachelor's Degree,Marketing Analyst,4.0,75000.0,Marketing Analyst Bachelor's Degree 4.0 years experience Male 29.0 years old
33.0,Female,Master's Degree,Marketing Manager,9.0,135000.0,Marketing Manager Master's Degree 9.0 years experience Female 33.0 years old
27.0,Male,Bachelor's Degree,Software Engineer,3.0,80000.0,Software Engineer Bachelor's Degree 3.0 years experience Male 27.0 years old
36.0,Female,PhD,Research Scientist,13.0,185000.0,Research Scientist PhD 13.0 years experience Female 36.0 years old
25.0,Male,Bachelor's Degree,Product Manager,1.0,60000.0,Product Manager Bachelor's Degree 1.0 years experience Male 25.0 years old
30.0,Female,Bachelor's Degree,Marketing Coordinator,5.0,95000.0,Marketing Coordinator Bachelor's Degree 5.0 years experience Female 30.0 years old
34.0,Male,PhD,Research Director,12.0,170000.0,Research Director PhD 12.0 years experience Male 34.0 years old
28.0,Female,Bachelor's Degree,Marketing Analyst,3.0,65000.0,Marketing Analyst Bachelor's Degree 3.0 years experience Female 28.0 years old
32.0,Male,Bachelor's Degree,Product Manager,7.0,120000.0,Product Manager Bachelor's Degree 7.0 years experience Male 32.0 years old
24.0,Female,High School,Receptionist,0.0,25000.0,Receptionist High School 0.0 years experience Female 24.0 years old
38.0,Male,Master's Degree,Marketing Director,14.0,195000.0,Marketing Director Master's Degree 14.0 years experience Male 38.0 years old
40.0,Female,Bachelor's Degree,Financial Manager,16.0,215000.0,Financial Manager Bachelor's Degree 16.0 years experience Female 40.0 years old
27.0,Male,Bachelor's Degree,Product Designer,2.0,55000.0,Product Designer Bachelor's Degree 2.0 years experience Male 27.0 years old
32.0,Female,PhD,Data Scientist,9.0,145000.0,Data Scientist PhD 9.0 years experience Female 32.0 years old
29.0,Male,Bachelor's Degree,Marketing Analyst,4.0,75000.0,Marketing Analyst Bachelor's Degree 4.0 years experience Male 29.0 years old
33.0,Female,Master's Degree,Marketing Manager,9.0,135000.0,Marketing Manager Master's Degree 9.0 years experience Female 33.0 years old
27.0,Male,Bachelor's Degree,Software Engineer,3.0,80000.0,Software Engineer Bachelor's Degree 3.0 years experience Male 27.0 years old
36.0,Female,PhD,Research Scientist,13.0,185000.0,Research Scientist PhD 13.0 years experience Female 36.0 years old
25.0,Male,Bachelor's Degree,Product Manager,1.0,60000.0,Product Manager Bachelor's Degree 1.0 years experience Male 25.0 years old
30.0,Female,Bachelor's Degree,Marketing Coordinator,5.0,95000.0,Marketing Coordinator Bachelor's Degree 5.0 years experience Female 30.0 years old
34.0,Male,PhD,Research Director,12.0,170000.0,Research Director PhD 12.0 years experience Male 34.0 years old
28.0,Female,Bachelor's Degree,Marketing Analyst,3.0,65000.0,Marketing Analyst Bachelor's Degree 3.0 years experience Female 28.0 years old
32.0,Male,Bachelor's Degree,Product Manager,7.0,120000.0,Product Manager Bachelor's Degree 7.0 years experience Male 32.0 years old
24.0,Female,High School,Receptionist,0.0,25000.0,Receptionist High School 0.0 years experience Female 24.0 years old
38.0,Male,Master's Degree,Marketing Director,14.0,195000.0,Marketing Director Master's Degree 14.0 years experience Male 38.0 years old
40.0,Female,Bachelor's Degree,Financial Manager,16.0,215000.0,Financial Manager Bachelor's Degree 16.0 years experience Female 40.0 years old
27.0,Male,Bachelor's Degree,Product Designer,2.0,55000.0,Product Designer Bachelor's Degree 2.0 years experience Male 27.0 years old
32.0,Female,PhD,Data Scientist,9.0,145000.0,Data Scientist PhD 9.0 years experience Female 32.0 years old
29.0,Male,Bachelor's Degree,Marketing Analyst,4.0,75000.0,Marketing Analyst Bachelor's Degree 4.0 years experience Male 29.0 years old
33.0,Female,Master's Degree,Marketing Manager,9.0,135000.0,Marketing Manager Master's Degree 9.0 years experience Female 33.0 years old
27.0,Male,Bachelor's Degree,Software Engineer,3.0,80000.0,Software Engineer Bachelor's Degree 3.0 years experience Male 27.0 years old
36.0,Female,PhD,Research Scientist,13.0,185000.0,Research Scientist PhD 13.0 years experience Female 36.0 years old
25.0,Male,Bachelor's Degree,Product Manager,1.0,60000.0,Product Manager Bachelor's Degree 1.0 years experience Male 25.0 years old
30.0,Female,Bachelor's Degree,Marketing Coordinator,5.0,95000.0,Marketing Coordinator Bachelor's Degree 5.0 years experience Female 30.0 years old
34.0,Male,PhD,Research Director,12.0,170000.0,Research Director PhD 12.0 years experience Male 34.0 years old
28.0,Female,Bachelor's Degree,Marketing Analyst,3.0,65000.0,Marketing Analyst Bachelor's Degree 3.0 years experience Female 28.0 years old
32.0,Male,Bachelor's Degree,Product Manager,7.0,120000.0,Product Manager Bachelor's Degree 7.0 years experience Male 32.0 years old
24.0,Female,High School,Receptionist,0.0,25000.0,Receptionist High School 0.0 years experience Female 24.0 years old
38.0,Male,Master's Degree,Marketing Director,14.0,195000.0,Marketing Director Master's Degree 14.0 years experience Male 38.0 years old
40.0,Female,Bachelor's Degree,Financial Manager,16.0,215000.0,Financial Manager Bachelor's Degree 16.0 years experience Female 40.0 years old
27.0,Male,Bachelor's Degree,Product Designer,2.0,55000.0,Product Designer Bachelor's Degree 2.0 years experience Male 27.0 years old
32.0,Female,PhD,Data Scientist,9.0,145000.0,Data Scientist PhD 9.0 years experience Female 32.0 years old
29.0,Male,Bachelor's Degree,Marketing Analyst,4.0,75000.0,Marketing Analyst Bachelor's Degree 4.0 years experience Male 29.0 years old
33.0,Female,Master's Degree,Marketing Manager,9.0,135000.0,Marketing Manager Master's Degree 9.0 years experience Female 33.0 years old
27.0,Male,Bachelor's Degree,Software Engineer,3.0,80000.0,Software Engineer Bachelor's Degree 3.0 years experience Male 27.0 years old
36.0,Female,PhD,Research Scientist,13.0,185000.0,Research Scientist PhD 13.0 years experience Female 36.0 years old
25.0,Male,Bachelor's Degree,Product Manager,1.0,60000.0,Product Manager Bachelor's Degree 1.0 years experience Male 25.0 years old
30.0,Female,Bachelor's Degree,Marketing Coordinator,5.0,95000.0,Marketing Coordinator Bachelor's Degree 5.0 years experience Female 30.0 years old
34.0,Male,PhD,Research Director,12.0,170000.0,Research Director PhD 12.0 years experience Male 34.0 years old
28.0,Female,Bachelor's Degree,Marketing Analyst,3.0,65000.0,Marketing Analyst Bachelor's Degree 3.0 years experience Female 28.0 years old
32.0,Male,Bachelor's Degree,Product Manager,7.0,120000.0,Product Manager Bachelor's Degree 7.0 years experience Male 32.0 years old
24.0,Female,High School,Receptionist,0.0,25000.0,Receptionist High School 0.0 years experience Female 24.0 years old
38.0,Male,Master's Degree,Marketing Director,14.0,195000.0,Marketing Director Master's Degree 14.0 years experience Male 38.0 years old
40.0,Female,Bachelor's Degree,Financial Manager,16.0,215000.0,Financial Manager Bachelor's Degree 16.0 years experience Female 40.0 years old
26.0,Female,Master's Degree,Software Engineer,2.0,75000.0,Software Engineer Master's Degree 2.0 years experience Female 26.0 years old
39.0,Male,PhD,Research Scientist,14.0,185000.0,Research Scientist PhD 14.0 years experience Male 39.0 years old
32.0,Female,Bachelor's Degree,Marketing Manager,7.0,120000.0,Marketing Manager Bachelor's Degree 7.0 years experience Female 32.0 years old
28.0,Male,Bachelor's Degree,Graphic Designer,3.0,60000.0,Graphic Designer Bachelor's Degree 3.0 years experience Male 28.0 years old
35.0,Female,Master's Degree,Data Scientist,10.0,145000.0,Data Scientist Master's Degree 10.0 years experience Female 35.0 years old
29.0,Male,Bachelor's Degree,Marketing Analyst,4.0,75000.0,Marketing Analyst Bachelor's Degree 4.0 years experience Male 29.0 years old
33.0,Female,Master's Degree,Product Manager,8.0,135000.0,Product Manager Master's Degree 8.0 years experience Female 33.0 years old
27.0,Male,Bachelor's Degree,Software Engineer,2.0,70000.0,Software Engineer Bachelor's Degree 2.0 years experience Male 27.0 years old
36.0,Female,PhD,Research Director,12.0,175000.0,Research Director PhD 12.0 years experience Female 36.0 years old
24.0,Male,High School,Delivery Driver,0.0,28000.0,Delivery Driver High School 0.0 years experience Male 24.0 years old
38.0,Male,Master's Degree,Marketing Director,14.0,195000.0,Marketing Director Master's Degree 14.0 years experience Male 38.0 years old
40.0,Female,Bachelor's Degree,Financial Manager,16.0,215000.0,Financial Manager Bachelor's Degree 16.0 years experience Female 40.0 years old
27.0,Male,Bachelor's Degree,Product Designer,2.0,55000.0,Product Designer Bachelor's Degree 2.0 years experience Male 27.0 years old
32.0,Female,PhD,Data Scientist,9.0,145000.0,Data Scientist PhD 9.0 years experience Female 32.0 years old
29.0,Male,Bachelor's Degree,Marketing Analyst,4.0,75000.0,Marketing Analyst Bachelor's Degree 4.0 years experience Male 29.0 years old
33.0,Female,Master's Degree,Marketing Manager,9.0,135000.0,Marketing Manager Master's Degree 9.0 years experience Female 33.0 years old
27.0,Male,Bachelor's Degree,Software Engineer,3.0,80000.0,Software Engineer Bachelor's Degree 3.0 years experience Male 27.0 years old
36.0,Female,PhD,Research Scientist,13.0,185000.0,Research Scientist PhD 13.0 years experience Female 36.0 years old
25.0,Male,Bachelor's Degree,Product Manager,1.0,60000.0,Product Manager Bachelor's Degree 1.0 years experience Male 25.0 years old
30.0,Female,Bachelor's Degree,Marketing Coordinator,5.0,95000.0,Marketing Coordinator Bachelor's Degree 5.0 years experience Female 30.0 years old
34.0,Male,PhD,Research Director,12.0,170000.0,Research Director PhD 12.0 years experience Male 34.0 years old
28.0,Female,Bachelor's Degree,Marketing Analyst,3.0,65000.0,Marketing Analyst Bachelor's Degree 3.0 years experience Female 28.0 years old
32.0,Male,Bachelor's Degree,Product Manager,7.0,120000.0,Product Manager Bachelor's Degree 7.0 years experience Male 32.0 years old
24.0,Female,High School,Receptionist,0.0,25000.0,Receptionist High School 0.0 years experience Female 24.0 years old
38.0,Male,Master's Degree,Marketing Director,14.0,195000.0,Marketing Director Master's Degree 14.0 years experience Male 38.0 years old
40.0,Female,Bachelor's Degree,Financial Manager,16.0,215000.0,Financial Manager Bachelor's Degree 16.0 years experience Female 40.0 years old
27.0,Male,Bachelor's Degree,Product Designer,2.0,55000.0,Product Designer Bachelor's Degree 2.0 years experience Male 27.0 years old
32.0,Female,PhD,Data Scientist,9.0,145000.0,Data Scientist PhD 9.0 years experience Female 32.0 years old
29.0,Male,Bachelor's Degree,Marketing Analyst,4.0,75000.0,Marketing Analyst Bachelor's Degree 4.0 years experience Male 29.0 years old
33.0,Female,Master's Degree,Marketing Manager,9.0,135000.0,Marketing Manager Master's Degree 9.0 years experience Female 33.0 years old
27.0,Male,Bachelor's Degree,Software Engineer,3.0,80000.0,Software Engineer Bachelor's Degree 3.0 years experience Male 27.0 years old
36.0,Female,PhD,Research Scientist,13.0,185000.0,Research Scientist PhD 13.0 years experience Female 36.0 years old
25.0,Male,Bachelor's Degree,Product Manager,1.0,60000.0,Product Manager Bachelor's Degree 1.0 years experience Male 25.0 years old
30.0,Female,Bachelor's Degree,Marketing Coordinator,5.0,95000.0,Marketing Coordinator Bachelor's Degree 5.0 years experience Female 30.0 years old
34.0,Male,PhD,Research Director,12.0,170000.0,Research Director PhD 12.0 years experience Male 34.0 years old
28.0,Female,Bachelor's Degree,Marketing Analyst,3.0,65000.0,Marketing Analyst Bachelor's Degree 3.0 years experience Female 28.0 years old
32.0,Male,Bachelor's Degree,Product Manager,7.0,120000.0,Product Manager Bachelor's Degree 7.0 years experience Male 32.0 years old
24.0,Female,High School,Receptionist,0.0,25000.0,Receptionist High School 0.0 years experience Female 24.0 years old
38.0,Male,Master's Degree,Marketing Director,14.0,195000.0,Marketing Director Master's Degree 14.0 years experience Male 38.0 years old
40.0,Female,Bachelor's Degree,Financial Manager,16.0,215000.0,Financial Manager Bachelor's Degree 16.0 years experience Female 40.0 years old
27.0,Male,Bachelor's Degree,Product Designer,2.0,55000.0,Product Designer Bachelor's Degree 2.0 years experience Male 27.0 years old
32.0,Female,PhD,Data Scientist,9.0,145000.0,Data Scientist PhD 9.0 years experience Female 32.0 years old
29.0,Male,Bachelor's Degree,Marketing Analyst,4.0,75000.0,Marketing Analyst Bachelor's Degree 4.0 years experience Male 29.0 years old
33.0,Female,Master's Degree,Marketing Manager,9.0,135000.0,Marketing Manager Master's Degree 9.0 years experience Female 33.0 years old
27.0,Male,Bachelor's Degree,Software Engineer,3.0,80000.0,Software Engineer Bachelor's Degree 3.0 years experience Male 27.0 years old
36.0,Female,PhD,Research Scientist,13.0,185000.0,Research Scientist PhD 13.0 years experience Female 36.0 years old
25.0,Male,Bachelor's Degree,Product Manager,1.0,60000.0,Product Manager Bachelor's Degree 1.0 years experience Male 25.0 years old
30.0,Female,Bachelor's Degree,Marketing Coordinator,5.0,95000.0,Marketing Coordinator Bachelor's Degree 5.0 years experience Female 30.0 years old
34.0,Male,PhD,Research Director,12.0,170000.0,Research Director PhD 12.0 years experience Male 34.0 years old
28.0,Female,Bachelor's Degree,Marketing Analyst,3.0,65000.0,Marketing Analyst Bachelor's Degree 3.0 years experience Female 28.0 years old
32.0,Male,Bachelor's Degree,Product Manager,7.0,120000.0,Product Manager Bachelor's Degree 7.0 years experience Male 32.0 years old
24.0,Female,High School,Receptionist,0.0,25000.0,Receptionist High School 0.0 years experience Female 24.0 years old
38.0,Male,Master's Degree,Marketing Director,14.0,195000.0,Marketing Director Master's Degree 14.0 years experience Male 38.0 years old
40.0,Female,Bachelor's Degree,Financial Manager,16.0,215000.0,Financial Manager Bachelor's Degree 16.0 years experience Female 40.0 years old
27.0,Male,Bachelor's Degree,Product Designer,2.0,55000.0,Product Designer Bachelor's Degree 2.0 years experience Male 27.0 years old
32.0,Female,PhD,Data Scientist,9.0,145000.0,Data Scientist PhD 9.0 years experience Female 32.0 years old
29.0,Male,Bachelor's Degree,Marketing Analyst,4.0,75000.0,Marketing Analyst Bachelor's Degree 4.0 years experience Male 29.0 years old
33.0,Female,Master's Degree,Marketing Manager,9.0,135000.0,Marketing Manager Master's Degree 9.0 years experience Female 33.0 years old
27.0,Male,Bachelor's Degree,Software Engineer,3.0,80000.0,Software Engineer Bachelor's Degree 3.0 years experience Male 27.0 years old
36.0,Female,PhD,Research Scientist,13.0,185000.0,Research Scientist PhD 13.0 years experience Female 36.0 years old
25.0,Male,Bachelor's Degree,Product Manager,1.0,60000.0,Product Manager Bachelor's Degree 1.0 years experience Male 25.0 years old
30.0,Female,Bachelor's Degree,Marketing Coordinator,5.0,95000.0,Marketing Coordinator Bachelor's Degree 5.0 years experience Female 30.0 years old
34.0,Male,PhD,Research Director,12.0,170000.0,Research Director PhD 12.0 years experience Male 34.0 years old
28.0,Female,Bachelor's Degree,Marketing Analyst,3.0,65000.0,Marketing Analyst Bachelor's Degree 3.0 years experience Female 28.0 years old
32.0,Male,Bachelor's Degree,Product Manager,7.0,120000.0,Product Manager Bachelor's Degree 7.0 years experience Male 32.0 years old
24.0,Female,High School,Receptionist,0.0,25000.0,Receptionist High School 0.0 years experience Female 24.0 years old
38.0,Male,Master's Degree,Marketing Director,14.0,195000.0,Marketing Director Master's Degree 14.0 years experience Male 38.0 years old
40.0,Female,Bachelor's Degree,Financial Manager,16.0,215000.0,Financial Manager Bachelor's Degree 16.0 years experience Female 40.0 years old
27.0,Male,Bachelor's Degree,Product Designer,2.0,55000.0,Product Designer Bachelor's Degree 2.0 years experience Male 27.0 years old
32.0,Female,PhD,Data Scientist,9.0,145000.0,Data Scientist PhD 9.0 years experience Female 32.0 years old
29.0,Male,Bachelor's Degree,Marketing Analyst,4.0,75000.0,Marketing Analyst Bachelor's Degree 4.0 years experience Male 29.0 years old
33.0,Female,Master's Degree,Marketing Manager,9.0,135000.0,Marketing Manager Master's Degree 9.0 years experience Female 33.0 years old
27.0,Male,Bachelor's Degree,Software Engineer,3.0,80000.0,Software Engineer Bachelor's Degree 3.0 years experience Male 27.0 years old
36.0,Female,PhD,Research Scientist,13.0,185000.0,Research Scientist PhD 13.0 years experience Female 36.0 years old
25.0,Male,Bachelor's Degree,Product Manager,1.0,60000.0,Product Manager Bachelor's Degree 1.0 years experience Male 25.0 years old
30.0,Female,Bachelor's Degree,Marketing Coordinator,5.0,95000.0,Marketing Coordinator Bachelor's Degree 5.0 years experience Female 30.0 years old
34.0,Male,PhD,Research Director,12.0,170000.0,Research Director PhD 12.0 years experience Male 34.0 years old
28.0,Female,Bachelor's Degree,Marketing Analyst,3.0,65000.0,Marketing Analyst Bachelor's Degree 3.0 years experience Female 28.0 years old
32.0,Male,Bachelor's Degree,Product Manager,7.0,120000.0,Product Manager Bachelor's Degree 7.0 years experience Male 32.0 years old
24.0,Female,High School,Receptionist,0.0,25000.0,Receptionist High School 0.0 years experience Female 24.0 years old
38.0,Male,Master's Degree,Marketing Director,14.0,195000.0,Marketing Director Master's Degree 14.0 years experience Male 38.0 years old
40.0,Female,Bachelor's Degree,Financial Manager,16.0,215000.0,Financial Manager Bachelor's Degree 16.0 years experience Female 40.0 years old
27.0,Male,Bachelor's Degree,Product Designer,2.0,55000.0,Product Designer Bachelor's Degree 2.0 years experience Male 27.0 years old
32.0,Female,PhD,Data Scientist,9.0,145000.0,Data Scientist PhD 9.0 years experience Female 32.0 years old
29.0,Male,Bachelor's Degree,Marketing Analyst,4.0,75000.0,Marketing Analyst Bachelor's Degree 4.0 years experience Male 29.0 years old
33.0,Female,Master's Degree,Marketing Manager,9.0,135000.0,Marketing Manager Master's Degree 9.0 years experience Female 33.0 years old
27.0,Male,Bachelor's Degree,Software Engineer,3.0,80000.0,Software Engineer Bachelor's Degree 3.0 years experience Male 27.0 years old
36.0,Female,PhD,Research Scientist,13.0,185000.0,Research Scientist PhD 13.0 years experience Female 36.0 years old
25.0,Male,Bachelor's Degree,Product Manager,1.0,60000.0,Product Manager Bachelor's Degree 1.0 years experience Male 25.0 years old
30.0,Female,Bachelor's Degree,Marketing Coordinator,5.0,95000.0,Marketing Coordinator Bachelor's Degree 5.0 years experience Female 30.0 years old
34.0,Male,PhD,Research Director,12.0,170000.0,Research Director PhD 12.0 years experience Male 34.0 years old
28.0,Female,Bachelor's Degree,Marketing Analyst,3.0,65000.0,Marketing Analyst Bachelor's Degree 3.0 years experience Female 28.0 years old
32.0,Male,Bachelor's Degree,Product Manager,7.0,120000.0,Product Manager Bachelor's Degree 7.0 years experience Male 32.0 years old
24.0,Female,High School,Receptionist,0.0,25000.0,Receptionist High School 0.0 years experience Female 24.0 years old
38.0,Male,Master's Degree,Marketing Director,14.0,195000.0,Marketing Director Master's Degree 14.0 years experience Male 38.0 years old
40.0,Female,Bachelor's Degree,Financial Manager,16.0,215000.0,Financial Manager Bachelor's Degree 16.0 years experience Female 40.0 years old
27.0,Male,Bachelor's Degree,Product Designer,2.0,55000.0,Product Designer Bachelor's Degree 2.0 years experience Male 27.0 years old
32.0,Female,PhD,Data Scientist,9.0,145000.0,Data Scientist PhD 9.0 years experience Female 32.0 years old
29.0,Male,Bachelor's Degree,Marketing Analyst,4.0,75000.0,Marketing Analyst Bachelor's Degree 4.0 years experience Male 29.0 years old
33.0,Female,Master's Degree,Marketing Manager,9.0,135000.0,Marketing Manager Master's Degree 9.0 years experience Female 33.0 years old
27.0,Male,Bachelor's Degree,Software Engineer,3.0,80000.0,Software Engineer Bachelor's Degree 3.0 years experience Male 27.0 years old
36.0,Female,PhD,Research Scientist,13.0,185000.0,Research Scientist PhD 13.0 years experience Female 36.0 years old
25.0,Male,Bachelor's Degree,Product Manager,1.0,60000.0,Product Manager Bachelor's Degree 1.0 years experience Male 25.0 years old
30.0,Female,Bachelor's Degree,Marketing Coordinator,5.0,95000.0,Marketing Coordinator Bachelor's Degree 5.0 years experience Female 30.0 years old
34.0,Male,PhD,Research Director,12.0,170000.0,Research Director PhD 12.0 years experience Male 34.0 years old
28.0,Female,Bachelor's Degree,Marketing Analyst,3.0,65000.0,Marketing Analyst Bachelor's Degree 3.0 years experience Female 28.0 years old
32.0,Male,Bachelor's Degree,Product Manager,7.0,120000.0,Product Manager Bachelor's Degree 7.0 years experience Male 32.0 years old
24.0,Female,High School,Receptionist,0.0,25000.0,Receptionist High School 0.0 years experience Female 24.0 years old
38.0,Male,Master's Degree,Marketing Director,14.0,195000.0,Marketing Director Master's Degree 14.0 years experience Male 38.0 years old
40.0,Female,Bachelor's Degree,Financial Manager,16.0,215000.0,Financial Manager Bachelor's Degree 16.0 years experience Female 40.0 years old
27.0,Male,Bachelor's Degree,Product Designer,2.0,55000.0,Product Designer Bachelor's Degree 2.0 years experience Male 27.0 years old
32.0,Female,PhD,Data Scientist,9.0,145000.0,Data Scientist PhD 9.0 years experience Female 32.0 years old
29.0,Male,Bachelor's Degree,Marketing Analyst,4.0,75000.0,Marketing Analyst Bachelor's Degree 4.0 years experience Male 29.0 years old
33.0,Female,Master's Degree,Marketing Manager,9.0,135000.0,Marketing Manager Master's Degree 9.0 years experience Female 33.0 years old
27.0,Male,Bachelor's Degree,Software Engineer,3.0,80000.0,Software Engineer Bachelor's Degree 3.0 years experience Male 27.0 years old
36.0,Female,PhD,Research Scientist,13.0,185000.0,Research Scientist PhD 13.0 years experience Female 36.0 years old
25.0,Male,Bachelor's Degree,Product Manager,1.0,60000.0,Product Manager Bachelor's Degree 1.0 years experience Male 25.0 years old
30.0,Female,Bachelor's Degree,Marketing Coordinator,5.0,95000.0,Marketing Coordinator Bachelor's Degree 5.0 years experience Female 30.0 years old
34.0,Male,PhD,Research Director,12.0,170000.0,Research Director PhD 12.0 years experience Male 34.0 years old
28.0,Female,Bachelor's Degree,Marketing Analyst,3.0,65000.0,Marketing Analyst Bachelor's Degree 3.0 years experience Female 28.0 years old
32.0,Male,Bachelor's Degree,Product Manager,7.0,120000.0,Product Manager Bachelor's Degree 7.0 years experience Male 32.0 years old
24.0,Female,High School,Receptionist,0.0,25000.0,Receptionist High School 0.0 years experience Female 24.0 years old
38.0,Male,Master's Degree,Marketing Director,14.0,195000.0,Marketing Director Master's Degree 14.0 years experience Male 38.0 years old
40.0,Female,Bachelor's Degree,Financial Manager,16.0,215000.0,Financial Manager Bachelor's Degree 16.0 years experience Female 40.0 years old
27.0,Male,Bachelor's Degree,Product Designer,2.0,55000.0,Product Designer Bachelor's Degree 2.0 years experience Male 27.0 years old
32.0,Female,PhD,Data Scientist,9.0,145000.0,Data Scientist PhD 9.0 years experience Female 32.0 years old
29.0,Male,Bachelor's Degree,Marketing Analyst,4.0,75000.0,Marketing Analyst Bachelor's Degree 4.0 years experience Male 29.0 years old
29.0,Male,Bachelor's Degree,Sales Associate,2.0,45000.0,Sales Associate Bachelor's Degree 2.0 years experience Male 29.0 years old
45.0,Female,Master's Degree,Sales Manager,8.0,80000.0,Sales Manager Master's Degree 8.0 years experience Female 45.0 years old
37.0,Male,PhD,Marketing Manager,7.0,90000.0,Marketing Manager PhD 7.0 years experience Male 37.0 years old
23.0,Female,High School,Sales Executive,1.0,35000.0,Sales Executive High School 1.0 years experience Female 23.0 years old
41.0,Male,Bachelor's Degree,Financial Manager,12.0,120000.0,Financial Manager Bachelor's Degree 12.0 years experience Male 41.0 years old
26.0,Female,Bachelor's Degree,Digital Marketing Manager,4.0,60000.0,Digital Marketing Manager Bachelor's Degree 4.0 years experience Female 26.0 years old
33.0,Male,Master's Degree,Content Marketing Manager,5.0,70000.0,Content Marketing Manager Master's Degree 5.0 years experience Male 33.0 years old
28.0,Female,High School,Sales Representative,3.0,40000.0,Sales Representative High School 3.0 years experience Female 28.0 years old
50.0,Male,PhD,Senior Product Marketing Manager,15.0,150000.0,Senior Product Marketing Manager PhD 15.0 years experience Male 50.0 years old
35.0,Female,Bachelor's Degree,Junior Sales Representative,2.0,35000.0,Junior Sales Representative Bachelor's Degree 2.0 years experience Female 35.0 years old
42.0,Male,Master's Degree,Director of Marketing,13.0,130000.0,Director of Marketing Master's Degree 13.0 years experience Male 42.0 years old
27.0,Female,Bachelor's Degree,Sales Associate,1.0,35000.0,Sales Associate Bachelor's Degree 1.0 years experience Female 27.0 years old
48.0,Male,PhD,Sales Director,18.0,180000.0,Sales Director PhD 18.0 years experience Male 48.0 years old
31.0,Female,High School,Financial Manager,4.0,60000.0,Financial Manager High School 4.0 years experience Female 31.0 years old
36.0,Male,Bachelor's Degree,Sales Manager,6.0,75000.0,Sales Manager Bachelor's Degree 6.0 years experience Male 36.0 years old
25.0,Female,Master's Degree,Digital Marketing Manager,3.0,50000.0,Digital Marketing Manager Master's Degree 3.0 years experience Female 25.0 years old
39.0,Male,PhD,Marketing Manager,10.0,100000.0,Marketing Manager PhD 10.0 years experience Male 39.0 years old
30.0,Female,High School,Sales Executive,2.0,40000.0,Sales Executive High School 2.0 years experience Female 30.0 years old
44.0,Male,Bachelor's Degree,Content Marketing Manager,11.0,110000.0,Content Marketing Manager Bachelor's Degree 11.0 years experience Male 44.0 years old
29.0,Female,Master's Degree,Sales Representative,4.0,55000.0,Sales Representative Master's Degree 4.0 years experience Female 29.0 years old
47.0,Male,PhD,Senior Product Marketing Manager,17.0,170000.0,Senior Product Marketing Manager PhD 17.0 years experience Male 47.0 years old
32.0,Female,Bachelor's Degree,Junior Sales Representative,3.0,40000.0,Junior Sales Representative Bachelor's Degree 3.0 years experience Female 32.0 years old
38.0,Male,Master's Degree,Director of Marketing,9.0,95000.0,Director of Marketing Master's Degree 9.0 years experience Male 38.0 years old
24.0,Female,High School,Sales Associate,1.0,35000.0,Sales Associate High School 1.0 years experience Female 24.0 years old
40.0,Male,PhD,Sales Director,14.0,140000.0,Sales Director PhD 14.0 years experience Male 40.0 years old
34.0,Female,Bachelor's Degree,Financial Manager,5.0,70000.0,Financial Manager Bachelor's Degree 5.0 years experience Female 34.0 years old
26.0,Male,Master's Degree,Digital Marketing Manager,3.0,50000.0,Digital Marketing Manager Master's Degree 3.0 years experience Male 26.0 years old
31.0,Female,PhD,Marketing Manager,6.0,75000.0,Marketing Manager PhD 6.0 years experience Female 31.0 years old
27.0,Male,High School,Sales Executive,2.0,40000.0,Sales Executive High School 2.0 years experience Male 27.0 years old
43.0,Female,Bachelor's Degree,Content Marketing Manager,12.0,120000.0,Content Marketing Manager Bachelor's Degree 12.0 years experience Female 43.0 years old
28.0,Male,Master's Degree,Sales Representative,2.0,40000.0,Sales Representative Master's Degree 2.0 years experience Male 28.0 years old
46.0,Female,PhD,Senior Product Marketing Manager,16.0,160000.0,Senior Product Marketing Manager PhD 16.0 years experience Female 46.0 years old
33.0,Male,Bachelor's Degree,Junior Sales Representative,4.0,55000.0,Junior Sales Representative Bachelor's Degree 4.0 years experience Male 33.0 years old
39.0,Female,Master's Degree,Director of Marketing,10.0,100000.0,Director of Marketing Master's Degree 10.0 years experience Female 39.0 years old
25.0,Male,High School,Sales Associate,1.0,35000.0,Sales Associate High School 1.0 years experience Male 25.0 years old
41.0,Female,Bachelor's Degree,Sales Manager,8.0,80000.0,Sales Manager Bachelor's Degree 8.0 years experience Female 41.0 years old
35.0,Male,PhD,Marketing Manager,7.0,90000.0,Marketing Manager PhD 7.0 years experience Male 35.0 years old
23.0,Female,Bachelor's Degree,Sales Executive,1.0,35000.0,Sales Executive Bachelor's Degree 1.0 years experience Female 23.0 years old
42.0,Male,Master's Degree,Financial Manager,13.0,130000.0,Financial Manager Master's Degree 13.0 years experience Male 42.0 years old
26.0,Female,Bachelor's Degree,Digital Marketing Manager,4.0,60000.0,Digital Marketing Manager Bachelor's Degree 4.0 years experience Female 26.0 years old
32.0,Male,Master's Degree,Content Marketing Manager,5.0,70000.0,Content Marketing Manager Master's Degree 5.0 years experience Male 32.0 years old
27.0,Female,High School,Sales Representative,3.0,40000.0,Sales Representative High School 3.0 years experience Female 27.0 years old
50.0,Male,PhD,Senior Product Marketing Manager,15.0,150000.0,Senior Product Marketing Manager PhD 15.0 years experience Male 50.0 years old
36.0,Female,Bachelor's Degree,Junior Sales Representative,2.0,35000.0,Junior Sales Representative Bachelor's Degree 2.0 years experience Female 36.0 years old
48.0,Male,Master's Degree,Director of Marketing,18.0,180000.0,Director of Marketing Master's Degree 18.0 years experience Male 48.0 years old
31.0,Female,High School,Sales Associate,2.0,40000.0,Sales Associate High School 2.0 years experience Female 31.0 years old
29.0,Male,Bachelor's Degree,Sales Director,6.0,75000.0,Sales Director Bachelor's Degree 6.0 years experience Male 29.0 years old
45.0,Female,PhD,Financial Manager,12.0,120000.0,Financial Manager PhD 12.0 years experience Female 45.0 years old
25.0,Male,Master's Degree,Digital Marketing Manager,3.0,50000.0,Digital Marketing Manager Master's Degree 3.0 years experience Male 25.0 years old
37.0,Female,Bachelor's Degree,Marketing Manager,7.0,90000.0,Marketing Manager Bachelor's Degree 7.0 years experience Female 37.0 years old
23.0,Male,High School,Sales Executive,1.0,35000.0,Sales Executive High School 1.0 years experience Male 23.0 years old
41.0,Female,Bachelor's Degree,Content Marketing Manager,11.0,110000.0,Content Marketing Manager Bachelor's Degree 11.0 years experience Female 41.0 years old
26.0,Male,Master's Degree,Sales Representative,3.0,45000.0,Sales Representative Master's Degree 3.0 years experience Male 26.0 years old
33.0,Female,PhD,Senior Product Marketing Manager,5.0,70000.0,Senior Product Marketing Manager PhD 5.0 years experience Female 33.0 years old
28.0,Male,Bachelor's Degree,Junior Sales Representative,1.0,30000.0,Junior Sales Representative Bachelor's Degree 1.0 years experience Male 28.0 years old
42.0,Female,Master's Degree,Director of Marketing,13.0,130000.0,Director of Marketing Master's Degree 13.0 years experience Female 42.0 years old
27.0,Male,High School,Financial Manager,4.0,60000.0,Financial Manager High School 4.0 years experience Male 27.0 years old
50.0,Female,Bachelor's Degree,Sales Manager,15.0,150000.0,Sales Manager Bachelor's Degree 15.0 years experience Female 50.0 years old
35.0,Male,PhD,Marketing Manager,8.0,80000.0,Marketing Manager PhD 8.0 years experience Male 35.0 years old
24.0,Female,Bachelor's Degree,Sales Executive,1.0,35000.0,Sales Executive Bachelor's Degree 1.0 years experience Female 24.0 years old
46.0,Male,Master's Degree,Content Marketing Manager,16.0,160000.0,Content Marketing Manager Master's Degree 16.0 years experience Male 46.0 years old
29.0,Female,High School,Sales Representative,2.0,40000.0,Sales Representative High School 2.0 years experience Female 29.0 years old
47.0,Male,PhD,Senior Product Marketing Manager,17.0,170000.0,Senior Product Marketing Manager PhD 17.0 years experience Male 47.0 years old
31.0,Female,Bachelor's Degree,Junior Sales Representative,3.0,40000.0,Junior Sales Representative Bachelor's Degree 3.0 years experience Female 31.0 years old
38.0,Male,Master's Degree,Director of Marketing,9.0,95000.0,Director of Marketing Master's Degree 9.0 years experience Male 38.0 years old
25.0,Female,High School,Sales Associate,1.0,35000.0,Sales Associate High School 1.0 years experience Female 25.0 years old
39.0,Male,Bachelor's Degree,Sales Director,10.0,100000.0,Sales Director Bachelor's Degree 10.0 years experience Male 39.0 years old
33.0,Female,PhD,Financial Manager,5.0,70000.0,Financial Manager PhD 5.0 years experience Female 33.0 years old
27.0,Male,Master's Degree,Digital Marketing Manager,3.0,50000.0,Digital Marketing Manager Master's Degree 3.0 years experience Male 27.0 years old
43.0,Female,Bachelor's Degree,Marketing Manager,12.0,120000.0,Marketing Manager Bachelor's Degree 12.0 years experience Female 43.0 years old
28.0,Male,High School,Sales Executive,2.0,40000.0,Sales Executive High School 2.0 years experience Male 28.0 years old
31.0,Male,Bachelor's Degree,Sales Associate,3.0,50000.0,Sales Associate Bachelor's Degree 3.0 years experience Male 31.0 years old
46.0,Female,Master's Degree,Marketing Manager,14.0,140000.0,Marketing Manager Master's Degree 14.0 years experience Female 46.0 years old
27.0,Male,High School,Sales Executive,2.0,40000.0,Sales Executive High School 2.0 years experience Male 27.0 years old
38.0,Female,Bachelor's Degree,Financial Manager,10.0,100000.0,Financial Manager Bachelor's Degree 10.0 years experience Female 38.0 years old
24.0,Male,PhD,Digital Marketing Manager,1.0,30000.0,Digital Marketing Manager PhD 1.0 years experience Male 24.0 years old
33.0,Female,Master's Degree,Content Marketing Manager,6.0,75000.0,Content Marketing Manager Master's Degree 6.0 years experience Female 33.0 years old
29.0,Male,High School,Sales Representative,2.0,40000.0,Sales Representative High School 2.0 years experience Male 29.0 years old
50.0,Female,Bachelor's Degree,Sales Manager,18.0,180000.0,Sales Manager Bachelor's Degree 18.0 years experience Female 50.0 years old
35.0,Male,PhD,Senior Product Marketing Manager,8.0,80000.0,Senior Product Marketing Manager PhD 8.0 years experience Male 35.0 years old
23.0,Female,Bachelor's Degree,Sales Executive,1.0,35000.0,Sales Executive Bachelor's Degree 1.0 years experience Female 23.0 years old
41.0,Male,Master's Degree,Director of Marketing,12.0,120000.0,Director of Marketing Master's Degree 12.0 years experience Male 41.0 years old
26.0,Female,High School,Financial Manager,3.0,45000.0,Financial Manager High School 3.0 years experience Female 26.0 years old
32.0,Male,Bachelor's Degree,Sales Director,7.0,90000.0,Sales Director Bachelor's Degree 7.0 years experience Male 32.0 years old
27.0,Female,PhD,Marketing Manager,4.0,55000.0,Marketing Manager PhD 4.0 years experience Female 27.0 years old
43.0,Male,Master's Degree,Content Marketing Manager,16.0,160000.0,Content Marketing Manager Master's Degree 16.0 years experience Male 43.0 years old
28.0,Female,Bachelor's Degree,Sales Representative,2.0,40000.0,Sales Representative Bachelor's Degree 2.0 years experience Female 28.0 years old
47.0,Male,PhD,Senior Product Marketing Manager,17.0,170000.0,Senior Product Marketing Manager PhD 17.0 years experience Male 47.0 years old
31.0,Female,High School,Junior Sales Representative,3.0,40000.0,Junior Sales Representative High School 3.0 years experience Female 31.0 years old
38.0,Male,Master's Degree,Director of Marketing,9.0,95000.0,Director of Marketing Master's Degree 9.0 years experience Male 38.0 years old
25.0,Female,High School,Sales Associate,1.0,35000.0,Sales Associate High School 1.0 years experience Female 25.0 years old
39.0,Male,Bachelor's Degree,Sales Manager,11.0,110000.0,Sales Manager Bachelor's Degree 11.0 years experience Male 39.0 years old
33.0,Female,PhD,Financial Manager,6.0,75000.0,Financial Manager PhD 6.0 years experience Female 33.0 years old
27.0,Male,Master's Degree,Digital Marketing Manager,3.0,50000.0,Digital Marketing Manager Master's Degree 3.0 years experience Male 27.0 years old
43.0,Female,Bachelor's Degree,Marketing Manager,12.0,120000.0,Marketing Manager Bachelor's Degree 12.0 years experience Female 43.0 years old
28.0,Male,High School,Sales Executive,2.0,40000.0,Sales Executive High School 2.0 years experience Male 28.0 years old
50.0,Female,Master's Degree,Content Marketing Manager,15.0,150000.0,Content Marketing Manager Master's Degree 15.0 years experience Female 50.0 years old
36.0,Male,Bachelor's Degree,Sales Representative,5.0,70000.0,Sales Representative Bachelor's Degree 5.0 years experience Male 36.0 years old
48.0,Female,PhD,Senior Product Marketing Manager,19.0,190000.0,Senior Product Marketing Manager PhD 19.0 years experience Female 48.0 years old
31.0,Male,High School,Junior Sales Representative,3.0,40000.0,Junior Sales Representative High School 3.0 years experience Male 31.0 years old
29.0,Female,Bachelor's Degree,Sales Director,6.0,75000.0,Sales Director Bachelor's Degree 6.0 years experience Female 29.0 years old
45.0,Male,Master's Degree,Director of Marketing,14.0,140000.0,Director of Marketing Master's Degree 14.0 years experience Male 45.0 years old
25.0,Female,High School,Sales Associate,1.0,35000.0,Sales Associate High School 1.0 years experience Female 25.0 years old
41.0,Male,Bachelor's Degree,Financial Manager,12.0,120000.0,Financial Manager Bachelor's Degree 12.0 years experience Male 41.0 years old
35.0,Female,PhD,Marketing Manager,8.0,80000.0,Marketing Manager PhD 8.0 years experience Female 35.0 years old
23.0,Male,Bachelor's Degree,Sales Executive,1.0,35000.0,Sales Executive Bachelor's Degree 1.0 years experience Male 23.0 years old
42.0,Female,Master's Degree,Sales Manager,13.0,130000.0,Sales Manager Master's Degree 13.0 years experience Female 42.0 years old
26.0,Male,High School,Digital Marketing Manager,2.0,40000.0,Digital Marketing Manager High School 2.0 years experience Male 26.0 years old
32.0,Female,Bachelor's Degree,Content Marketing Manager,7.0,90000.0,Content Marketing Manager Bachelor's Degree 7.0 years experience Female 32.0 years old
27.0,Male,PhD,Sales Representative,4.0,55000.0,Sales Representative PhD 4.0 years experience Male 27.0 years old
50.0,Female,Master's Degree,Senior Product Marketing Manager,18.0,180000.0,Senior Product Marketing Manager Master's Degree 18.0 years experience Female 50.0 years old
36.0,Male,Bachelor's Degree,Junior Sales Representative,3.0,45000.0,Junior Sales Representative Bachelor's Degree 3.0 years experience Male 36.0 years old
48.0,Female,PhD,Director of Marketing,19.0,190000.0,Director of Marketing PhD 19.0 years experience Female 48.0 years old
31.0,Male,High School,Sales Associate,3.0,50000.0,Sales Associate High School 3.0 years experience Male 31.0 years old
29.0,Female,Bachelor's Degree,Financial Manager,4.0,55000.0,Financial Manager Bachelor's Degree 4.0 years experience Female 29.0 years old
45.0,Male,Master's Degree,Marketing Manager,13.0,130000.0,Marketing Manager Master's Degree 13.0 years experience Male 45.0 years old
25.0,Female,High School,Sales Executive,1.0,35000.0,Sales Executive High School 1.0 years experience Female 25.0 years old
41.0,Male,Bachelor's Degree,Content Marketing Manager,12.0,120000.0,Content Marketing Manager Bachelor's Degree 12.0 years experience Male 41.0 years old
35.0,Female,PhD,Senior Product Marketing Manager,9.0,95000.0,Senior Product Marketing Manager PhD 9.0 years experience Female 35.0 years old
23.0,Male,Bachelor's Degree,Sales Representative,1.0,35000.0,Sales Representative Bachelor's Degree 1.0 years experience Male 23.0 years old
42.0,Female,Master's Degree,Digital Marketing Manager,14.0,140000.0,Digital Marketing Manager Master's Degree 14.0 years experience Female 42.0 years old
26.0,Male,High School,Sales Manager,2.0,40000.0,Sales Manager High School 2.0 years experience Male 26.0 years old
32.0,Female,Bachelor's Degree,Director of Marketing,8.0,80000.0,Director of Marketing Bachelor's Degree 8.0 years experience Female 32.0 years old
27.0,Male,PhD,Marketing Manager,4.0,55000.0,Marketing Manager PhD 4.0 years experience Male 27.0 years old
50.0,Female,Master's Degree,Content Marketing Manager,19.0,190000.0,Content Marketing Manager Master's Degree 19.0 years experience Female 50.0 years old
36.0,Male,Bachelor's Degree,Sales Director,6.0,75000.0,Sales Director Bachelor's Degree 6.0 years experience Male 36.0 years old
48.0,Female,PhD,Senior Product Marketing Manager,17.0,170000.0,Senior Product Marketing Manager PhD 17.0 years experience Female 48.0 years old
31.0,Male,High School,Sales Associate,3.0,50000.0,Sales Associate High School 3.0 years experience Male 31.0 years old
29.0,Female,Bachelor's Degree,Financial Manager,4.0,55000.0,Financial Manager Bachelor's Degree 4.0 years experience Female 29.0 years old
45.0,Male,Master's Degree,Marketing Manager,13.0,130000.0,Marketing Manager Master's Degree 13.0 years experience Male 45.0 years old
25.0,Female,High School,Sales Executive,1.0,35000.0,Sales Executive High School 1.0 years experience Female 25.0 years old
41.0,Male,Bachelor's Degree,Content Marketing Manager,12.0,120000.0,Content Marketing Manager Bachelor's Degree 12.0 years experience Male 41.0 years old
35.0,Female,PhD,Senior Product Marketing Manager,9.0,95000.0,Senior Product Marketing Manager PhD 9.0 years experience Female 35.0 years old
23.0,Male,Bachelor's Degree,Sales Representative,1.0,35000.0,Sales Representative Bachelor's Degree 1.0 years experience Male 23.0 years old
42.0,Female,Master's Degree,Digital Marketing Manager,14.0,140000.0,Digital Marketing Manager Master's Degree 14.0 years experience Female 42.0 years old
26.0,Male,High School,Sales Manager,2.0,40000.0,Sales Manager High School 2.0 years experience Male 26.0 years old
32.0,Female,Bachelor's Degree,Director of Marketing,8.0,80000.0,Director of Marketing Bachelor's Degree 8.0 years experience Female 32.0 years old
27.0,Male,PhD,Marketing Manager,4.0,55000.0,Marketing Manager PhD 4.0 years experience Male 27.0 years old
50.0,Female,Master's Degree,Content Marketing Manager,19.0,190000.0,Content Marketing Manager Master's Degree 19.0 years experience Female 50.0 years old
36.0,Male,Bachelor's Degree,Sales Director,6.0,75000.0,Sales Director Bachelor's Degree 6.0 years experience Male 36.0 years old
48.0,Female,PhD,Senior Product Marketing Manager,17.0,170000.0,Senior Product Marketing Manager PhD 17.0 years experience Female 48.0 years old
31.0,Male,High School,Sales Associate,3.0,50000.0,Sales Associate High School 3.0 years experience Male 31.0 years old
29.0,Female,Bachelor's Degree,Financial Manager,4.0,55000.0,Financial Manager Bachelor's Degree 4.0 years experience Female 29.0 years old
45.0,Male,Master's Degree,Marketing Manager,13.0,130000.0,Marketing Manager Master's Degree 13.0 years experience Male 45.0 years old
25.0,Female,High School,Sales Executive,1.0,35000.0,Sales Executive High School 1.0 years experience Female 25.0 years old
41.0,Male,Bachelor's Degree,Content Marketing Manager,12.0,120000.0,Content Marketing Manager Bachelor's Degree 12.0 years experience Male 41.0 years old
35.0,Female,PhD,Senior Product Marketing Manager,9.0,95000.0,Senior Product Marketing Manager PhD 9.0 years experience Female 35.0 years old
23.0,Male,Bachelor's Degree,Sales Representative,1.0,35000.0,Sales Representative Bachelor's Degree 1.0 years experience Male 23.0 years old
42.0,Female,Master's Degree,Digital Marketing Manager,14.0,140000.0,Digital Marketing Manager Master's Degree 14.0 years experience Female 42.0 years old
26.0,Male,High School,Sales Manager,2.0,40000.0,Sales Manager High School 2.0 years experience Male 26.0 years old
32.0,Female,Bachelor's Degree,Director of Marketing,8.0,80000.0,Director of Marketing Bachelor's Degree 8.0 years experience Female 32.0 years old
27.0,Male,PhD,Marketing Manager,4.0,55000.0,Marketing Manager PhD 4.0 years experience Male 27.0 years old
50.0,Female,Master's Degree,Content Marketing Manager,19.0,190000.0,Content Marketing Manager Master's Degree 19.0 years experience Female 50.0 years old
36.0,Male,Bachelor's Degree,Sales Director,6.0,75000.0,Sales Director Bachelor's Degree 6.0 years experience Male 36.0 years old
48.0,Female,PhD,Senior Product Marketing Manager,17.0,170000.0,Senior Product Marketing Manager PhD 17.0 years experience Female 48.0 years old
31.0,Male,High School,Sales Associate,3.0,50000.0,Sales Associate High School 3.0 years experience Male 31.0 years old
29.0,Female,Bachelor's Degree,Financial Manager,4.0,55000.0,Financial Manager Bachelor's Degree 4.0 years experience Female 29.0 years old
45.0,Male,Master's Degree,Marketing Manager,13.0,130000.0,Marketing Manager Master's Degree 13.0 years experience Male 45.0 years old
25.0,Female,High School,Sales Executive,1.0,35000.0,Sales Executive High School 1.0 years experience Female 25.0 years old
41.0,Male,Bachelor's Degree,Content Marketing Manager,12.0,120000.0,Content Marketing Manager Bachelor's Degree 12.0 years experience Male 41.0 years old
35.0,Female,PhD,Senior Product Marketing Manager,9.0,95000.0,Senior Product Marketing Manager PhD 9.0 years experience Female 35.0 years old
23.0,Male,Bachelor's Degree,Sales Representative,1.0,35000.0,Sales Representative Bachelor's Degree 1.0 years experience Male 23.0 years old
42.0,Female,Master's Degree,Digital Marketing Manager,14.0,140000.0,Digital Marketing Manager Master's Degree 14.0 years experience Female 42.0 years old
26.0,Male,High School,Sales Manager,2.0,40000.0,Sales Manager High School 2.0 years experience Male 26.0 years old
32.0,Female,Bachelor's Degree,Director of Marketing,8.0,80000.0,Director of Marketing Bachelor's Degree 8.0 years experience Female 32.0 years old
27.0,Male,PhD,Marketing Manager,4.0,55000.0,Marketing Manager PhD 4.0 years experience Male 27.0 years old
50.0,Female,Master's Degree,Content Marketing Manager,19.0,190000.0,Content Marketing Manager Master's Degree 19.0 years experience Female 50.0 years old
36.0,Male,Bachelor's Degree,Sales Director,6.0,75000.0,Sales Director Bachelor's Degree 6.0 years experience Male 36.0 years old
48.0,Female,PhD,Senior Product Marketing Manager,17.0,170000.0,Senior Product Marketing Manager PhD 17.0 years experience Female 48.0 years old
31.0,Male,High School,Sales Associate,3.0,50000.0,Sales Associate High School 3.0 years experience Male 31.0 years old
29.0,Female,Bachelor's Degree,Financial Manager,4.0,55000.0,Financial Manager Bachelor's Degree 4.0 years experience Female 29.0 years old
45.0,Male,Master's Degree,Marketing Manager,13.0,130000.0,Marketing Manager Master's Degree 13.0 years experience Male 45.0 years old
25.0,Female,High School,Sales Executive,1.0,35000.0,Sales Executive High School 1.0 years experience Female 25.0 years old
41.0,Male,Bachelor's Degree,Content Marketing Manager,12.0,120000.0,Content Marketing Manager Bachelor's Degree 12.0 years experience Male 41.0 years old
35.0,Female,PhD,Senior Product Marketing Manager,9.0,95000.0,Senior Product Marketing Manager PhD 9.0 years experience Female 35.0 years old
23.0,Male,Bachelor's Degree,Sales Representative,1.0,35000.0,Sales Representative Bachelor's Degree 1.0 years experience Male 23.0 years old
42.0,Female,Master's Degree,Digital Marketing Manager,14.0,140000.0,Digital Marketing Manager Master's Degree 14.0 years experience Female 42.0 years old
26.0,Male,High School,Sales Manager,2.0,40000.0,Sales Manager High School 2.0 years experience Male 26.0 years old
32.0,Female,Bachelor's Degree,Director of Marketing,8.0,80000.0,Director of Marketing Bachelor's Degree 8.0 years experience Female 32.0 years old
27.0,Male,PhD,Marketing Manager,4.0,55000.0,Marketing Manager PhD 4.0 years experience Male 27.0 years old
50.0,Female,Master's Degree,Content Marketing Manager,19.0,190000.0,Content Marketing Manager Master's Degree 19.0 years experience Female 50.0 years old
36.0,Male,Bachelor's Degree,Sales Director,6.0,75000.0,Sales Director Bachelor's Degree 6.0 years experience Male 36.0 years old
48.0,Female,PhD,Senior Product Marketing Manager,17.0,170000.0,Senior Product Marketing Manager PhD 17.0 years experience Female 48.0 years old
31.0,Male,High School,Sales Associate,3.0,50000.0,Sales Associate High School 3.0 years experience Male 31.0 years old
29.0,Female,Bachelor's Degree,Financial Manager,4.0,55000.0,Financial Manager Bachelor's Degree 4.0 years experience Female 29.0 years old
45.0,Male,Master's Degree,Marketing Manager,13.0,130000.0,Marketing Manager Master's Degree 13.0 years experience Male 45.0 years old
25.0,Female,High School,Sales Executive,1.0,35000.0,Sales Executive High School 1.0 years experience Female 25.0 years old
41.0,Male,Bachelor's Degree,Content Marketing Manager,12.0,120000.0,Content Marketing Manager Bachelor's Degree 12.0 years experience Male 41.0 years old
35.0,Female,PhD,Senior Product Marketing Manager,9.0,95000.0,Senior Product Marketing Manager PhD 9.0 years experience Female 35.0 years old
23.0,Male,Bachelor's Degree,Sales Representative,1.0,35000.0,Sales Representative Bachelor's Degree 1.0 years experience Male 23.0 years old
42.0,Female,Master's Degree,Digital Marketing Manager,14.0,140000.0,Digital Marketing Manager Master's Degree 14.0 years experience Female 42.0 years old
26.0,Male,High School,Sales Manager,2.0,40000.0,Sales Manager High School 2.0 years experience Male 26.0 years old
32.0,Female,Bachelor's Degree,Director of Marketing,8.0,80000.0,Director of Marketing Bachelor's Degree 8.0 years experience Female 32.0 years old
27.0,Male,PhD,Marketing Manager,4.0,55000.0,Marketing Manager PhD 4.0 years experience Male 27.0 years old
50.0,Female,Master's Degree,Content Marketing Manager,19.0,190000.0,Content Marketing Manager Master's Degree 19.0 years experience Female 50.0 years old
36.0,Male,Bachelor's Degree,Sales Director,6.0,,Sales Director Bachelor's Degree 6.0 years experience Male 36.0 years old
37.0,Male,Master's Degree,Marketing Manager,11.0,110000.0,Marketing Manager Master's Degree 11.0 years experience Male 37.0 years old
26.0,Female,Bachelor's Degree,Sales Representative,2.0,40000.0,Sales Representative Bachelor's Degree 2.0 years experience Female 26.0 years old
42.0,Male,PhD,Content Marketing Manager,15.0,150000.0,Content Marketing Manager PhD 15.0 years experience Male 42.0 years old
33.0,Female,High School,Sales Executive,4.0,55000.0,Sales Executive High School 4.0 years experience Female 33.0 years old
29.0,Male,Bachelor's Degree,Sales Manager,5.0,70000.0,Sales Manager Bachelor's Degree 5.0 years experience Male 29.0 years old
45.0,Female,Master's Degree,Director of Marketing,16.0,160000.0,Director of Marketing Master's Degree 16.0 years experience Female 45.0 years old
24.0,Male,High School,Sales Associate,1.0,35000.0,Sales Associate High School 1.0 years experience Male 24.0 years old
39.0,Female,Bachelor's Degree,Financial Manager,10.0,100000.0,Financial Manager Bachelor's Degree 10.0 years experience Female 39.0 years old
31.0,Male,PhD,Senior Product Marketing Manager,7.0,90000.0,Senior Product Marketing Manager PhD 7.0 years experience Male 31.0 years old
27.0,Female,Master's Degree,Digital Marketing Manager,3.0,50000.0,Digital Marketing Manager Master's Degree 3.0 years experience Female 27.0 years old
43.0,Male,Bachelor's Degree,Content Marketing Manager,14.0,140000.0,Content Marketing Manager Bachelor's Degree 14.0 years experience Male 43.0 years old
28.0,Female,High School,Sales Representative,2.0,40000.0,Sales Representative High School 2.0 years experience Female 28.0 years old
50.0,Male,PhD,Marketing Manager,18.0,180000.0,Marketing Manager PhD 18.0 years experience Male 50.0 years old
35.0,Female,Bachelor's Degree,Sales Executive,7.0,90000.0,Sales Executive Bachelor's Degree 7.0 years experience Female 35.0 years old
23.0,Male,Bachelor's Degree,Sales Manager,1.0,35000.0,Sales Manager Bachelor's Degree 1.0 years experience Male 23.0 years old
41.0,Female,Master's Degree,Director of Marketing,12.0,120000.0,Director of Marketing Master's Degree 12.0 years experience Female 41.0 years old
26.0,Male,High School,Financial Manager,3.0,45000.0,Financial Manager High School 3.0 years experience Male 26.0 years old
32.0,Female,Bachelor's Degree,Sales Director,8.0,80000.0,Sales Director Bachelor's Degree 8.0 years experience Female 32.0 years old
27.0,Male,PhD,Marketing Manager,4.0,55000.0,Marketing Manager PhD 4.0 years experience Male 27.0 years old
50.0,Female,Master's Degree,Content Marketing Manager,18.0,180000.0,Content Marketing Manager Master's Degree 18.0 years experience Female 50.0 years old
36.0,Male,Bachelor's Degree,Sales Representative,6.0,75000.0,Sales Representative Bachelor's Degree 6.0 years experience Male 36.0 years old
48.0,Female,PhD,Senior Product Marketing Manager,19.0,190000.0,Senior Product Marketing Manager PhD 19.0 years experience Female 48.0 years old
31.0,Male,High School,Junior Sales Representative,3.0,40000.0,Junior Sales Representative High School 3.0 years experience Male 31.0 years old
29.0,Female,Bachelor's Degree,Sales Director,5.0,70000.0,Sales Director Bachelor's Degree 5.0 years experience Female 29.0 years old
45.0,Male,Master's Degree,Director of Marketing,15.0,150000.0,Director of Marketing Master's Degree 15.0 years experience Male 45.0 years old
25.0,Female,High School,Sales Associate,1.0,35000.0,Sales Associate High School 1.0 years experience Female 25.0 years old
41.0,Male,Bachelor's Degree,Financial Manager,12.0,120000.0,Financial Manager Bachelor's Degree 12.0 years experience Male 41.0 years old
35.0,Female,PhD,Marketing Manager,8.0,80000.0,Marketing Manager PhD 8.0 years experience Female 35.0 years old
23.0,Male,Bachelor's Degree,Sales Executive,1.0,35000.0,Sales Executive Bachelor's Degree 1.0 years experience Male 23.0 years old
42.0,Female,Master's Degree,Sales Manager,13.0,130000.0,Sales Manager Master's Degree 13.0 years experience Female 42.0 years old
26.0,Male,High School,Digital Marketing Manager,2.0,40000.0,Digital Marketing Manager High School 2.0 years experience Male 26.0 years old
32.0,Female,Bachelor's Degree,Content Marketing Manager,7.0,90000.0,Content Marketing Manager Bachelor's Degree 7.0 years experience Female 32.0 years old
27.0,Male,PhD,Sales Representative,4.0,55000.0,Sales Representative PhD 4.0 years experience Male 27.0 years old
50.0,Female,Master's Degree,Senior Product Marketing Manager,18.0,180000.0,Senior Product Marketing Manager Master's Degree 18.0 years experience Female 50.0 years old
36.0,Male,Bachelor's Degree,Junior Sales Representative,3.0,45000.0,Junior Sales Representative Bachelor's Degree 3.0 years experience Male 36.0 years old
48.0,Female,PhD,Director of Marketing,19.0,190000.0,Director of Marketing PhD 19.0 years experience Female 48.0 years old
31.0,Male,High School,Sales Associate,3.0,50000.0,Sales Associate High School 3.0 years experience Male 31.0 years old
29.0,Female,Bachelor's Degree,Financial Manager,4.0,55000.0,Financial Manager Bachelor's Degree 4.0 years experience Female 29.0 years old
45.0,Male,Master's Degree,Marketing Manager,13.0,130000.0,Marketing Manager Master's Degree 13.0 years experience Male 45.0 years old
25.0,Female,High School,Sales Executive,1.0,35000.0,Sales Executive High School 1.0 years experience Female 25.0 years old
41.0,Male,Bachelor's Degree,Content Marketing Manager,12.0,120000.0,Content Marketing Manager Bachelor's Degree 12.0 years experience Male 41.0 years old
35.0,Female,PhD,Senior Product Marketing Manager,9.0,95000.0,Senior Product Marketing Manager PhD 9.0 years experience Female 35.0 years old
23.0,Male,Bachelor's Degree,Sales Representative,1.0,35000.0,Sales Representative Bachelor's Degree 1.0 years experience Male 23.0 years old
42.0,Female,Master's Degree,Digital Marketing Manager,14.0,140000.0,Digital Marketing Manager Master's Degree 14.0 years experience Female 42.0 years old
26.0,Male,High School,Sales Manager,2.0,40000.0,Sales Manager High School 2.0 years experience Male 26.0 years old
32.0,Female,Bachelor's Degree,Director of Marketing,8.0,80000.0,Director of Marketing Bachelor's Degree 8.0 years experience Female 32.0 years old
27.0,Male,PhD,Marketing Manager,4.0,55000.0,Marketing Manager PhD 4.0 years experience Male 27.0 years old
50.0,Female,Master's Degree,Content Marketing Manager,19.0,190000.0,Content Marketing Manager Master's Degree 19.0 years experience Female 50.0 years old
36.0,Male,Bachelor's Degree,Sales Director,6.0,75000.0,Sales Director Bachelor's Degree 6.0 years experience Male 36.0 years old
48.0,Female,PhD,Senior Product Marketing Manager,17.0,170000.0,Senior Product Marketing Manager PhD 17.0 years experience Female 48.0 years old
31.0,Male,High School,Sales Associate,3.0,50000.0,Sales Associate High School 3.0 years experience Male 31.0 years old
29.0,Female,Bachelor's Degree,Financial Manager,4.0,55000.0,Financial Manager Bachelor's Degree 4.0 years experience Female 29.0 years old
45.0,Male,Master's Degree,Marketing Manager,13.0,130000.0,Marketing Manager Master's Degree 13.0 years experience Male 45.0 years old
25.0,Female,High School,Sales Executive,1.0,35000.0,Sales Executive High School 1.0 years experience Female 25.0 years old
41.0,Male,Bachelor's Degree,Content Marketing Manager,12.0,120000.0,Content Marketing Manager Bachelor's Degree 12.0 years experience Male 41.0 years old
35.0,Female,PhD,Senior Product Marketing Manager,9.0,95000.0,Senior Product Marketing Manager PhD 9.0 years experience Female 35.0 years old
23.0,Male,Bachelor's Degree,Sales Representative,1.0,35000.0,Sales Representative Bachelor's Degree 1.0 years experience Male 23.0 years old
42.0,Female,Master's Degree,Digital Marketing Manager,14.0,140000.0,Digital Marketing Manager Master's Degree 14.0 years experience Female 42.0 years old
26.0,Male,High School,Sales Manager,2.0,40000.0,Sales Manager High School 2.0 years experience Male 26.0 years old
32.0,Female,Bachelor's Degree,Director of Marketing,8.0,80000.0,Director of Marketing Bachelor's Degree 8.0 years experience Female 32.0 years old
27.0,Male,PhD,Marketing Manager,4.0,55000.0,Marketing Manager PhD 4.0 years experience Male 27.0 years old
50.0,Female,Master's Degree,Content Marketing Manager,19.0,190000.0,Content Marketing Manager Master's Degree 19.0 years experience Female 50.0 years old
36.0,Male,Bachelor's Degree,Sales Director,6.0,75000.0,Sales Director Bachelor's Degree 6.0 years experience Male 36.0 years old
48.0,Female,PhD,Senior Product Marketing Manager,17.0,170000.0,Senior Product Marketing Manager PhD 17.0 years experience Female 48.0 years old
31.0,Male,High School,Sales Associate,3.0,50000.0,Sales Associate High School 3.0 years experience Male 31.0 years old
29.0,Female,Bachelor's Degree,Financial Manager,4.0,55000.0,Financial Manager Bachelor's Degree 4.0 years experience Female 29.0 years old
45.0,Male,Master's Degree,Marketing Manager,13.0,130000.0,Marketing Manager Master's Degree 13.0 years experience Male 45.0 years old
25.0,Female,High School,Sales Executive,1.0,35000.0,Sales Executive High School 1.0 years experience Female 25.0 years old
41.0,Male,Bachelor's Degree,Content Marketing Manager,12.0,120000.0,Content Marketing Manager Bachelor's Degree 12.0 years experience Male 41.0 years old
35.0,Female,PhD,Senior Product Marketing Manager,9.0,95000.0,Senior Product Marketing Manager PhD 9.0 years experience Female 35.0 years old
23.0,Male,Bachelor's Degree,Sales Representative,1.0,35000.0,Sales Representative Bachelor's Degree 1.0 years experience Male 23.0 years old
42.0,Female,Master's Degree,Digital Marketing Manager,14.0,140000.0,Digital Marketing Manager Master's Degree 14.0 years experience Female 42.0 years old
26.0,Male,High School,Sales Manager,2.0,40000.0,Sales Manager High School 2.0 years experience Male 26.0 years old
32.0,Female,Bachelor's Degree,Director of Marketing,8.0,80000.0,Director of Marketing Bachelor's Degree 8.0 years experience Female 32.0 years old
27.0,Male,PhD,Marketing Manager,4.0,55000.0,Marketing Manager PhD 4.0 years experience Male 27.0 years old
50.0,Female,Master's Degree,Content Marketing Manager,19.0,190000.0,Content Marketing Manager Master's Degree 19.0 years experience Female 50.0 years old
36.0,Male,Bachelor's Degree,Sales Director,6.0,75000.0,Sales Director Bachelor's Degree 6.0 years experience Male 36.0 years old
48.0,Female,PhD,Senior Product Marketing Manager,17.0,170000.0,Senior Product Marketing Manager PhD 17.0 years experience Female 48.0 years old
31.0,Male,High School,Sales Associate,3.0,50000.0,Sales Associate High School 3.0 years experience Male 31.0 years old
29.0,Female,Bachelor's Degree,Financial Manager,4.0,55000.0,Financial Manager Bachelor's Degree 4.0 years experience Female 29.0 years old
45.0,Male,Master's Degree,Marketing Manager,13.0,130000.0,Marketing Manager Master's Degree 13.0 years experience Male 45.0 years old
25.0,Female,High School,Sales Executive,1.0,35000.0,Sales Executive High School 1.0 years experience Female 25.0 years old
41.0,Male,Bachelor's Degree,Content Marketing Manager,12.0,120000.0,Content Marketing Manager Bachelor's Degree 12.0 years experience Male 41.0 years old
35.0,Female,PhD,Senior Product Marketing Manager,9.0,95000.0,Senior Product Marketing Manager PhD 9.0 years experience Female 35.0 years old
23.0,Male,Bachelor's Degree,Sales Representative,1.0,35000.0,Sales Representative Bachelor's Degree 1.0 years experience Male 23.0 years old
42.0,Female,Master's Degree,Digital Marketing Manager,14.0,140000.0,Digital Marketing Manager Master's Degree 14.0 years experience Female 42.0 years old
26.0,Male,High School,Sales Manager,2.0,40000.0,Sales Manager High School 2.0 years experience Male 26.0 years old
32.0,Female,Bachelor's Degree,Director of Marketing,8.0,80000.0,Director of Marketing Bachelor's Degree 8.0 years experience Female 32.0 years old
27.0,Male,PhD,Marketing Manager,4.0,55000.0,Marketing Manager PhD 4.0 years experience Male 27.0 years old
50.0,Female,Master's Degree,Content Marketing Manager,19.0,190000.0,Content Marketing Manager Master's Degree 19.0 years experience Female 50.0 years old
36.0,Male,Bachelor's Degree,Sales Director,6.0,75000.0,Sales Director Bachelor's Degree 6.0 years experience Male 36.0 years old
48.0,Female,PhD,Senior Product Marketing Manager,17.0,170000.0,Senior Product Marketing Manager PhD 17.0 years experience Female 48.0 years old
31.0,Male,High School,Sales Associate,3.0,50000.0,Sales Associate High School 3.0 years experience Male 31.0 years old
29.0,Female,Bachelor's Degree,Financial Manager,4.0,55000.0,Financial Manager Bachelor's Degree 4.0 years experience Female 29.0 years old
45.0,Male,Master's Degree,Marketing Manager,13.0,130000.0,Marketing Manager Master's Degree 13.0 years experience Male 45.0 years old
25.0,Female,High School,Sales Executive,1.0,35000.0,Sales Executive High School 1.0 years experience Female 25.0 years old
41.0,Male,Bachelor's Degree,Content Marketing Manager,12.0,120000.0,Content Marketing Manager Bachelor's Degree 12.0 years experience Male 41.0 years old
35.0,Female,PhD,Senior Product Marketing Manager,9.0,95000.0,Senior Product Marketing Manager PhD 9.0 years experience Female 35.0 years old
23.0,Male,Bachelor's Degree,Sales Representative,1.0,35000.0,Sales Representative Bachelor's Degree 1.0 years experience Male 23.0 years old
42.0,Female,Master's Degree,Digital Marketing Manager,14.0,140000.0,Digital Marketing Manager Master's Degree 14.0 years experience Female 42.0 years old
26.0,Male,High School,Sales Manager,2.0,40000.0,Sales Manager High School 2.0 years experience Male 26.0 years old
32.0,Female,Bachelor's Degree,Director of Marketing,8.0,80000.0,Director of Marketing Bachelor's Degree 8.0 years experience Female 32.0 years old
27.0,Male,PhD,Marketing Manager,4.0,55000.0,Marketing Manager PhD 4.0 years experience Male 27.0 years old
50.0,Female,Master's Degree,Content Marketing Manager,19.0,190000.0,Content Marketing Manager Master's Degree 19.0 years experience Female 50.0 years old
36.0,Male,Bachelor's Degree,Sales Director,6.0,75000.0,Sales Director Bachelor's Degree 6.0 years experience Male 36.0 years old
48.0,Female,PhD,Senior Product Marketing Manager,17.0,170000.0,Senior Product Marketing Manager PhD 17.0 years experience Female 48.0 years old
31.0,Male,High School,Sales Associate,3.0,50000.0,Sales Associate High School 3.0 years experience Male 31.0 years old
29.0,Female,Bachelor's Degree,Financial Manager,4.0,55000.0,Financial Manager Bachelor's Degree 4.0 years experience Female 29.0 years old
45.0,Male,Master's Degree,Marketing Manager,13.0,130000.0,Marketing Manager Master's Degree 13.0 years experience Male 45.0 years old
25.0,Female,High School,Sales Executive,1.0,35000.0,Sales Executive High School 1.0 years experience Female 25.0 years old
41.0,Male,Bachelor's Degree,Content Marketing Manager,12.0,120000.0,Content Marketing Manager Bachelor's Degree 12.0 years experience Male 41.0 years old
35.0,Female,PhD,Senior Product Marketing Manager,9.0,95000.0,Senior Product Marketing Manager PhD 9.0 years experience Female 35.0 years old
23.0,Male,Bachelor's Degree,Sales Representative,1.0,35000.0,Sales Representative Bachelor's Degree 1.0 years experience Male 23.0 years old
42.0,Female,Master's Degree,Digital Marketing Manager,14.0,140000.0,Digital Marketing Manager Master's Degree 14.0 years experience Female 42.0 years old
26.0,Male,High School,Sales Manager,2.0,40000.0,Sales Manager High School 2.0 years experience Male 26.0 years old
32.0,Female,Bachelor's Degree,Director of Marketing,8.0,80000.0,Director of Marketing Bachelor's Degree 8.0 years experience Female 32.0 years old
27.0,Male,PhD,Marketing Manager,4.0,55000.0,Marketing Manager PhD 4.0 years experience Male 27.0 years old
50.0,Female,Master's Degree,Content Marketing Manager,19.0,190000.0,Content Marketing Manager Master's Degree 19.0 years experience Female 50.0 years old
36.0,Male,Bachelor's Degree,Sales Director,6.0,75000.0,Sales Director Bachelor's Degree 6.0 years experience Male 36.0 years old
48.0,Female,PhD,Senior Product Marketing Manager,17.0,170000.0,Senior Product Marketing Manager PhD 17.0 years experience Female 48.0 years old
31.0,Male,High School,Sales Associate,3.0,50000.0,Sales Associate High School 3.0 years experience Male 31.0 years old
29.0,Female,Bachelor's Degree,Financial Manager,4.0,55000.0,Financial Manager Bachelor's Degree 4.0 years experience Female 29.0 years old
45.0,Male,Master's Degree,Marketing Manager,13.0,130000.0,Marketing Manager Master's Degree 13.0 years experience Male 45.0 years old
25.0,Female,High School,Sales Executive,1.0,35000.0,Sales Executive High School 1.0 years experience Female 25.0 years old
38.0,Male,Master's Degree,Marketing Manager,12.0,120000.0,Marketing Manager Master's Degree 12.0 years experience Male 38.0 years old
27.0,Female,Bachelor's Degree,Sales Representative,3.0,45000.0,Sales Representative Bachelor's Degree 3.0 years experience Female 27.0 years old
43.0,Male,PhD,Content Marketing Manager,16.0,160000.0,Content Marketing Manager PhD 16.0 years experience Male 43.0 years old
34.0,Female,High School,Sales Executive,5.0,70000.0,Sales Executive High School 5.0 years experience Female 34.0 years old
30.0,Male,Bachelor's Degree,Sales Manager,6.0,75000.0,Sales Manager Bachelor's Degree 6.0 years experience Male 30.0 years old
46.0,Female,Master's Degree,Director of Marketing,17.0,170000.0,Director of Marketing Master's Degree 17.0 years experience Female 46.0 years old
25.0,Male,High School,Sales Associate,1.0,35000.0,Sales Associate High School 1.0 years experience Male 25.0 years old
40.0,Female,Bachelor's Degree,Financial Manager,11.0,110000.0,Financial Manager Bachelor's Degree 11.0 years experience Female 40.0 years old
32.0,Male,PhD,Senior Product Marketing Manager,8.0,80000.0,Senior Product Marketing Manager PhD 8.0 years experience Male 32.0 years old
28.0,Female,Master's Degree,Digital Marketing Manager,4.0,55000.0,Digital Marketing Manager Master's Degree 4.0 years experience Female 28.0 years old
44.0,Male,Bachelor's Degree,Content Marketing Manager,15.0,150000.0,Content Marketing Manager Bachelor's Degree 15.0 years experience Male 44.0 years old
29.0,Female,High School,Sales Representative,2.0,40000.0,Sales Representative High School 2.0 years experience Female 29.0 years old
51.0,Male,PhD,Marketing Manager,19.0,190000.0,Marketing Manager PhD 19.0 years experience Male 51.0 years old
36.0,Female,Bachelor's Degree,Sales Executive,8.0,80000.0,Sales Executive Bachelor's Degree 8.0 years experience Female 36.0 years old
24.0,Male,Bachelor's Degree,Sales Manager,1.0,35000.0,Sales Manager Bachelor's Degree 1.0 years experience Male 24.0 years old
42.0,Female,Master's Degree,Director of Marketing,13.0,130000.0,Director of Marketing Master's Degree 13.0 years experience Female 42.0 years old
27.0,Male,High School,Financial Manager,3.0,45000.0,Financial Manager High School 3.0 years experience Male 27.0 years old
33.0,Female,Bachelor's Degree,Sales Director,7.0,90000.0,Sales Director Bachelor's Degree 7.0 years experience Female 33.0 years old
28.0,Male,PhD,Marketing Manager,4.0,55000.0,Marketing Manager PhD 4.0 years experience Male 28.0 years old
51.0,Female,Master's Degree,Content Marketing Manager,19.0,190000.0,Content Marketing Manager Master's Degree 19.0 years experience Female 51.0 years old
37.0,Male,Bachelor's Degree,Sales Representative,7.0,90000.0,Sales Representative Bachelor's Degree 7.0 years experience Male 37.0 years old
49.0,Female,PhD,Senior Product Marketing Manager,20.0,200000.0,Senior Product Marketing Manager PhD 20.0 years experience Female 49.0 years old
32.0,Male,High School,Junior Sales Representative,3.0,40000.0,Junior Sales Representative High School 3.0 years experience Male 32.0 years old
30.0,Female,Bachelor's Degree,Sales Director,5.0,70000.0,Sales Director Bachelor's Degree 5.0 years experience Female 30.0 years old
46.0,Male,Master's Degree,Director of Marketing,16.0,160000.0,Director of Marketing Master's Degree 16.0 years experience Male 46.0 years old
26.0,Female,High School,Sales Associate,1.0,35000.0,Sales Associate High School 1.0 years experience Female 26.0 years old
42.0,Male,Bachelor's Degree,Financial Manager,13.0,130000.0,Financial Manager Bachelor's Degree 13.0 years experience Male 42.0 years old
36.0,Female,PhD,Marketing Manager,9.0,95000.0,Marketing Manager PhD 9.0 years experience Female 36.0 years old
24.0,Male,Bachelor's Degree,Sales Executive,1.0,35000.0,Sales Executive Bachelor's Degree 1.0 years experience Male 24.0 years old
43.0,Female,Master's Degree,Sales Manager,14.0,140000.0,Sales Manager Master's Degree 14.0 years experience Female 43.0 years old
27.0,Male,High School,Digital Marketing Manager,2.0,40000.0,Digital Marketing Manager High School 2.0 years experience Male 27.0 years old
33.0,Female,Bachelor's Degree,Content Marketing Manager,7.0,90000.0,Content Marketing Manager Bachelor's Degree 7.0 years experience Female 33.0 years old
28.0,Male,PhD,Sales Representative,4.0,55000.0,Sales Representative PhD 4.0 years experience Male 28.0 years old
51.0,Female,Master's Degree,Senior Product Marketing Manager,19.0,190000.0,Senior Product Marketing Manager Master's Degree 19.0 years experience Female 51.0 years old
37.0,Male,Bachelor's Degree,Junior Sales Representative,6.0,75000.0,Junior Sales Representative Bachelor's Degree 6.0 years experience Male 37.0 years old
49.0,Female,PhD,Director of Marketing,20.0,200000.0,Director of Marketing PhD 20.0 years experience Female 49.0 years old
32.0,Male,High School,Sales Associate,3.0,50000.0,Sales Associate High School 3.0 years experience Male 32.0 years old
30.0,Female,Bachelor's Degree,Financial Manager,4.0,55000.0,Financial Manager Bachelor's Degree 4.0 years experience Female 30.0 years old
46.0,Male,Master's Degree,Marketing Manager,14.0,140000.0,Marketing Manager Master's Degree 14.0 years experience Male 46.0 years old
26.0,Female,High School,Sales Executive,1.0,35000.0,Sales Executive High School 1.0 years experience Female 26.0 years old
42.0,Male,Bachelor's Degree,Content Marketing Manager,13.0,130000.0,Content Marketing Manager Bachelor's Degree 13.0 years experience Male 42.0 years old
36.0,Female,PhD,Senior Product Marketing Manager,10.0,100000.0,Senior Product Marketing Manager PhD 10.0 years experience Female 36.0 years old
24.0,Male,Bachelor's Degree,Sales Representative,1.0,35000.0,Sales Representative Bachelor's Degree 1.0 years experience Male 24.0 years old
43.0,Female,Master's Degree,Digital Marketing Manager,15.0,150000.0,Digital Marketing Manager Master's Degree 15.0 years experience Female 43.0 years old
27.0,Male,High School,Sales Manager,2.0,40000.0,Sales Manager High School 2.0 years experience Male 27.0 years old
33.0,Female,Bachelor's Degree,Director of Marketing,8.0,80000.0,Director of Marketing Bachelor's Degree 8.0 years experience Female 33.0 years old
28.0,Male,PhD,Marketing Manager,4.0,55000.0,Marketing Manager PhD 4.0 years experience Male 28.0 years old
51.0,Female,Master's Degree,Content Marketing Manager,19.0,190000.0,Content Marketing Manager Master's Degree 19.0 years experience Female 51.0 years old
37.0,Male,Bachelor's Degree,Sales Director,7.0,90000.0,Sales Director Bachelor's Degree 7.0 years experience Male 37.0 years old
49.0,Female,PhD,Senior Product Marketing Manager,20.0,200000.0,Senior Product Marketing Manager PhD 20.0 years experience Female 49.0 years old
32.0,Male,High School,Junior Sales Representative,3.0,40000.0,Junior Sales Representative High School 3.0 years experience Male 32.0 years old
30.0,Female,Bachelor's Degree,Sales Manager,5.0,70000.0,Sales Manager Bachelor's Degree 5.0 years experience Female 30.0 years old
46.0,Male,Master's Degree,Director of Marketing,16.0,160000.0,Director of Marketing Master's Degree 16.0 years experience Male 46.0 years old
26.0,Female,High School,Sales Associate,1.0,35000.0,Sales Associate High School 1.0 years experience Female 26.0 years old
42.0,Male,Bachelor's Degree,Financial Manager,13.0,130000.0,Financial Manager Bachelor's Degree 13.0 years experience Male 42.0 years old
36.0,Female,PhD,Marketing Manager,9.0,95000.0,Marketing Manager PhD 9.0 years experience Female 36.0 years old
24.0,Male,Bachelor's Degree,Sales Executive,1.0,35000.0,Sales Executive Bachelor's Degree 1.0 years experience Male 24.0 years old
43.0,Female,Master's Degree,Sales Manager,14.0,140000.0,Sales Manager Master's Degree 14.0 years experience Female 43.0 years old
27.0,Male,High School,Digital Marketing Manager,2.0,40000.0,Digital Marketing Manager High School 2.0 years experience Male 27.0 years old
33.0,Female,Bachelor's Degree,Content Marketing Manager,7.0,90000.0,Content Marketing Manager Bachelor's Degree 7.0 years experience Female 33.0 years old
28.0,Male,PhD,Sales Representative,4.0,55000.0,Sales Representative PhD 4.0 years experience Male 28.0 years old
51.0,Female,Master's Degree,Senior Product Marketing Manager,19.0,190000.0,Senior Product Marketing Manager Master's Degree 19.0 years experience Female 51.0 years old
37.0,Male,Bachelor's Degree,Junior Sales Representative,6.0,75000.0,Junior Sales Representative Bachelor's Degree 6.0 years experience Male 37.0 years old
49.0,Female,PhD,Director of Marketing,20.0,200000.0,Director of Marketing PhD 20.0 years experience Female 49.0 years old
32.0,Male,High School,Sales Associate,3.0,50000.0,Sales Associate High School 3.0 years experience Male 32.0 years old
30.0,Female,Bachelor's Degree,Financial Manager,4.0,55000.0,Financial Manager Bachelor's Degree 4.0 years experience Female 30.0 years old
46.0,Male,Master's Degree,Marketing Manager,14.0,140000.0,Marketing Manager Master's Degree 14.0 years experience Male 46.0 years old
26.0,Female,High School,Sales Executive,1.0,35000.0,Sales Executive High School 1.0 years experience Female 26.0 years old
42.0,Male,Bachelor's Degree,Content Marketing Manager,13.0,130000.0,Content Marketing Manager Bachelor's Degree 13.0 years experience Male 42.0 years old
36.0,Female,PhD,Senior Product Marketing Manager,10.0,100000.0,Senior Product Marketing Manager PhD 10.0 years experience Female 36.0 years old
24.0,Male,Bachelor's Degree,Sales Representative,1.0,35000.0,Sales Representative Bachelor's Degree 1.0 years experience Male 24.0 years old
43.0,Female,Master's Degree,Digital Marketing Manager,15.0,150000.0,Digital Marketing Manager Master's Degree 15.0 years experience Female 43.0 years old
27.0,Male,High School,Sales Manager,2.0,40000.0,Sales Manager High School 2.0 years experience Male 27.0 years old
33.0,Female,Bachelor's Degree,Director of Marketing,8.0,80000.0,Director of Marketing Bachelor's Degree 8.0 years experience Female 33.0 years old
28.0,Male,PhD,Marketing Manager,4.0,55000.0,Marketing Manager PhD 4.0 years experience Male 28.0 years old
51.0,Female,Master's Degree,Content Marketing Manager,19.0,190000.0,Content Marketing Manager Master's Degree 19.0 years experience Female 51.0 years old
37.0,Male,Bachelor's Degree,Sales Director,7.0,90000.0,Sales Director Bachelor's Degree 7.0 years experience Male 37.0 years old
49.0,Female,PhD,Senior Product Marketing Manager,20.0,200000.0,Senior Product Marketing Manager PhD 20.0 years experience Female 49.0 years old
32.0,Male,High School,Junior Sales Representative,3.0,40000.0,Junior Sales Representative High School 3.0 years experience Male 32.0 years old
30.0,Female,Bachelor's Degree,Sales Manager,5.0,70000.0,Sales Manager Bachelor's Degree 5.0 years experience Female 30.0 years old
46.0,Male,Master's Degree,Director of Marketing,16.0,160000.0,Director of Marketing Master's Degree 16.0 years experience Male 46.0 years old
26.0,Female,High School,Sales Associate,1.0,35000.0,Sales Associate High School 1.0 years experience Female 26.0 years old
42.0,Male,Bachelor's Degree,Financial Manager,13.0,130000.0,Financial Manager Bachelor's Degree 13.0 years experience Male 42.0 years old
36.0,Female,PhD,Marketing Manager,9.0,95000.0,Marketing Manager PhD 9.0 years experience Female 36.0 years old
24.0,Male,Bachelor's Degree,Sales Executive,1.0,35000.0,Sales Executive Bachelor's Degree 1.0 years experience Male 24.0 years old
43.0,Female,Master's Degree,Sales Manager,14.0,140000.0,Sales Manager Master's Degree 14.0 years experience Female 43.0 years old
27.0,Male,High School,Digital Marketing Manager,2.0,40000.0,Digital Marketing Manager High School 2.0 years experience Male 27.0 years old
33.0,Female,Bachelor's Degree,Content Marketing Manager,7.0,90000.0,Content Marketing Manager Bachelor's Degree 7.0 years experience Female 33.0 years old
28.0,Male,PhD,Sales Representative,4.0,55000.0,Sales Representative PhD 4.0 years experience Male 28.0 years old
51.0,Female,Master's Degree,Senior Product Marketing Manager,19.0,190000.0,Senior Product Marketing Manager Master's Degree 19.0 years experience Female 51.0 years old
37.0,Male,Bachelor's Degree,Junior Sales Representative,6.0,75000.0,Junior Sales Representative Bachelor's Degree 6.0 years experience Male 37.0 years old
49.0,Female,PhD,Director of Marketing,20.0,200000.0,Director of Marketing PhD 20.0 years experience Female 49.0 years old
32.0,Male,High School,Sales Associate,3.0,50000.0,Sales Associate High School 3.0 years experience Male 32.0 years old
30.0,Female,Bachelor's Degree,Financial Manager,4.0,55000.0,Financial Manager Bachelor's Degree 4.0 years experience Female 30.0 years old
46.0,Male,Master's Degree,Marketing Manager,14.0,140000.0,Marketing Manager Master's Degree 14.0 years experience Male 46.0 years old
26.0,Female,High School,Sales Executive,1.0,35000.0,Sales Executive High School 1.0 years experience Female 26.0 years old
42.0,Male,Bachelor's Degree,Content Marketing Manager,13.0,130000.0,Content Marketing Manager Bachelor's Degree 13.0 years experience Male 42.0 years old
36.0,Female,PhD,Senior Product Marketing Manager,10.0,100000.0,Senior Product Marketing Manager PhD 10.0 years experience Female 36.0 years old
24.0,Male,Bachelor's Degree,Sales Representative,1.0,35000.0,Sales Representative Bachelor's Degree 1.0 years experience Male 24.0 years old
43.0,Female,Master's Degree,Digital Marketing Manager,15.0,150000.0,Digital Marketing Manager Master's Degree 15.0 years experience Female 43.0 years old
27.0,Male,High School,Sales Manager,2.0,40000.0,Sales Manager High School 2.0 years experience Male 27.0 years old
33.0,Female,Bachelor's Degree,Director of Marketing,8.0,80000.0,Director of Marketing Bachelor's Degree 8.0 years experience Female 33.0 years old
28.0,Male,PhD,Marketing Manager,4.0,55000.0,Marketing Manager PhD 4.0 years experience Male 28.0 years old
51.0,Female,Master's Degree,Content Marketing Manager,19.0,190000.0,Content Marketing Manager Master's Degree 19.0 years experience Female 51.0 years old
37.0,Male,Bachelor's Degree,Sales Director,7.0,90000.0,Sales Director Bachelor's Degree 7.0 years experience Male 37.0 years old
49.0,Female,PhD,Senior Product Marketing Manager,20.0,200000.0,Senior Product Marketing Manager PhD 20.0 years experience Female 49.0 years old
32.0,Male,High School,Junior Sales Representative,3.0,40000.0,Junior Sales Representative High School 3.0 years experience Male 32.0 years old
30.0,Female,Bachelor's Degree,Sales Manager,5.0,70000.0,Sales Manager Bachelor's Degree 5.0 years experience Female 30.0 years old
46.0,Male,Master's Degree,Director of Marketing,16.0,160000.0,Director of Marketing Master's Degree 16.0 years experience Male 46.0 years old
26.0,Female,High School,Sales Associate,1.0,35000.0,Sales Associate High School 1.0 years experience Female 26.0 years old
42.0,Male,Bachelor's Degree,Financial Manager,13.0,130000.0,Financial Manager Bachelor's Degree 13.0 years experience Male 42.0 years old
36.0,Female,PhD,Marketing Manager,9.0,95000.0,Marketing Manager PhD 9.0 years experience Female 36.0 years old
24.0,Male,Bachelor's Degree,Sales Executive,1.0,35000.0,Sales Executive Bachelor's Degree 1.0 years experience Male 24.0 years old
43.0,Female,Master's Degree,Sales Manager,14.0,140000.0,Sales Manager Master's Degree 14.0 years experience Female 43.0 years old
27.0,Male,High School,Digital Marketing Manager,2.0,40000.0,Digital Marketing Manager High School 2.0 years experience Male 27.0 years old
33.0,Female,Bachelor's Degree,Content Marketing Manager,7.0,90000.0,Content Marketing Manager Bachelor's Degree 7.0 years experience Female 33.0 years old
28.0,Male,PhD,Sales Representative,4.0,55000.0,Sales Representative PhD 4.0 years experience Male 28.0 years old
51.0,Female,Master's Degree,Senior Product Marketing Manager,19.0,190000.0,Senior Product Marketing Manager Master's Degree 19.0 years experience Female 51.0 years old
37.0,Male,Bachelor's Degree,Junior Sales Representative,6.0,75000.0,Junior Sales Representative Bachelor's Degree 6.0 years experience Male 37.0 years old
49.0,Female,PhD,Director of Marketing,20.0,200000.0,Director of Marketing PhD 20.0 years experience Female 49.0 years old
32.0,Male,High School,Sales Associate,3.0,50000.0,Sales Associate High School 3.0 years experience Male 32.0 years old
30.0,Female,Bachelor's Degree,Financial Manager,4.0,55000.0,Financial Manager Bachelor's Degree 4.0 years experience Female 30.0 years old
46.0,Male,Master's Degree,Marketing Manager,14.0,140000.0,Marketing Manager Master's Degree 14.0 years experience Male 46.0 years old
26.0,Female,High School,Sales Executive,1.0,35000.0,Sales Executive High School 1.0 years experience Female 26.0 years old
